0101020058009202603
0101020058020202603
0101020066009202603
0101020066020202603
0101020074009202603
0101020074020202603
0101020082009202603
0101020082020202603
0101020090009202603
0101020090020202603
0101020104009202603
0101020120009202603
0101030010009202603
0101030029009202603
0101040024009202603
0101040059009202603
0101050011009202603
0101050020009202603
0101050046009202603
0101050054009202603
0101050062009202603
0101050070009202603
0101050089009202603
0101050097009202603
0101050100009202603
0101050119009202603
0101050127009202603
0101050135009202603
0101050143009202603
0102010056021202603
0102010056029202603
0102010064021202603
0102010064029202603
0102010072021202603
0102010072029202603
0102010145021202603
0102010145029202603
0102010153021202603
0102010153029202603
0102010161021202603
0102010161029202603
0102010170021202603
0102010170029202603
0102010188021202603
0102010188029202603
0102010196021202603
0102010196029202603
0102010200021202603
0102010200029202603
0102010218021202603
0102010218029202603
0102010226021202603
0102010226029202603
0102010234021202603
0102010234029202603
0102010242021202603
0102010242029202603
0102010250021202603
0102010250029202603
0102010269021202603
0102010269029202603
0102010277021202603
0102010277029202603
0102010285021202603
0102010285029202603
0102010293021202603
0102010293029202603
0102010307021202603
0102010307029202603
0102010315021202603
0102010315029202603
0102010323021202603
0102010323029202603
0102010331021202603
0102010331029202603
0102010340021202603
0102010340029202603
0102010358021202603
0102010358029202603
0102010366021202603
0102010366029202603
0102010374021202603
0102010374029202603
0102010382021202603
0102010382029202603
0102010390021202603
0102010390029202603
0102010404021202603
0102010404029202603
0102010412021202603
0102010412029202603
0102010420021202603
0102010420029202603
0102010439021202603
0102010439029202603
0102010447021202603
0102010447029202603
0102010455021202603
0102010455029202603
0102010463021202603
0102010463029202603
0102010471021202603
0102010471029202603
0102010480021202603
0102010480029202603
0102010498021202603
0102010498029202603
0102010501021202603
0102010501029202603
0102010510021202603
0102010510029202603
0102010528021202603
0102010528029202603
0102010536021202603
0102010536029202603
0102010544021202603
0102010552021202603
0102010560021202603
0102010579021202603
0102010587021202603
0102010595021202603
0102010609021202603
0102010617021202603
0102010625021202603
0102010633021202603
0102010641021202603
0102010650021202603
0102010668021202603
0201010038001202603
0201010038004202603
0201010038049202603
0201010127001202603
0201010127004202603
0201010127049202603
0201010135001202603
0201010135004202603
0201010135049202603
0201010143005202603
0201010143049202603
0201010160008202603
0201010160009202603
0201010160049202603
0201010160053202603
0201010194005202603
0201010208001202603
0201010208049202603
0201010224005202603
0201010232020202603
0201010240004202603
0201010240049202603
0201010259001202603
0201010259049202603
0201010267001202603
0201010267049202603
0201010275001202603
0201010275007202603
0201010275049202603
0201010305001202603
0201010305049202603
0201010313001202603
0201010313008202603
0201010313049202603
0201010321001202603
0201010321049202603
0201010330001202603
0201010330049202603
0201010348020202603
0201010402001202603
0201010402049202603
0201010410009202603
0201010410053202603
0201010437005202603
0201010526020202603
0201010534001202603
0201010534004202603
0201010534006202603
0201010534049202603
0201010542005202603
0201010542009202603
0201010569009202603
0201010569053202603
0201010585009202603
0201010585053202603
0201010607053202603
0201010607058202603
0201010607060202603
0201010666053202603
0201010666058202603
0201010666060202603
0201020025009202603
0201020033009202603
0201020041009202603
0201020050009202603
0201020068009202603
0202010279009202603
0202010279053202603
0202010287009202603
0202010287053202603
0202010295009202603
0202010295053202603
0202010317009202603
0202010317053202603
0202010473009202603
0202010473053202603
0202010503009202603
0202010503053202603
0202010600009202603
0202010600053202603
0202010635009202603
0202010635053202603
0202010643009202603
0202010643053202603
0202010651009202603
0202010651053202603
0202010678009202603
0202010678053202603
0202010694009202603
0202010694053202603
0202010791009202603
0202010791053202603
0202020380009202603
0202020380053202603
0202020452009202603
0202030024009202603
0202030105009202603
0202030105053202603
0202030245009202603
0202031071009202603
0202031225009202603
0202031233009202603
0202031241009202603
0202031276005202603
0202031306009202603
0202031322005202603
0202031381009202603
0202031390009202603
0202031403009202603
0202031411009202603
0202031420009202603
0202031438009202603
0202031454009202603
0202031462009202603
0202031470009202603
0202031489009202603
0202031497009202603
0202031500009202603
0202031519009202603
0202031527009202603
0202031535009202603
0202031543009202603
0202031551009202603
0202031560009202603
0202031578009202603
0202031586009202603
0202031594009202603
0202031608009202603
0202031616009202603
0202050254009202603
0202070182009202603
0202100049009202603
0202100251009202603
0202110117009202603
0202110125009202603
0202110133009202603
0203010019023202603
0203010019040202603
0203010027005202603
0203010035048202603
0203010043025202603
0203010043040202603
0203010043053202603
0203010043058202603
0203010043060202603
0203010078023202603
0203010078040202603
0203010086023202603
0203010086040202603
0203020022040202603
0203020022053202603
0203020022055202603
0203020022058202603
0203020022060202603
0203020030005202603
0203020030009202603
0203020030048202603
0203020030053202603
0203020030055202603
0203020065025202603
0203020065040202603
0203020065053202603
0203020065055202603
0203020065058202603
0203020065060202603
0203020073025202603
0203020073040202603
0203020081023202603
0203020081040202603
0203020081053202603
0203020081055202603
0203020081058202603
0203020081060202603
0204010039058202603
0204010039060202603
0204010063058202603
0204010063060202603
0204010071058202603
0204010071060202603
0204010080058202603
0204010080060202603
0204010098058202603
0204010098060202603
0204010101058202603
0204010101060202603
0204010128058202603
0204010128060202603
0204010136058202603
0204010136060202603
0204010152058202603
0204010152060202603
0204010217009202603
0204010225009202603
0204020018005202603
0204020018009202603
0204020034053202603
0204020034058202603
0204020034060202603
0204020042053202603
0204020042058202603
0204020042060202603
0204020050058202603
0204020050060202603
0204020069058202603
0204020069060202603
0204020077053202603
0204020077058202603
0204020077060202603
0204020085053202603
0204020085058202603
0204020085060202603
0204020093053202603
0204020093058202603
0204020093060202603
0204020107053202603
0204020107058202603
0204020107060202603
0204020123058202603
0204020123060202603
0204020131053202603
0204020131058202603
0204020131060202603
0204030030025202603
0204030030040202603
0204030030053202603
0204030030058202603
0204030030060202603
0204030048005202603
0204030072058202603
0204030072060202603
0204030099058202603
0204030099060202603
0204030102058202603
0204030102060202603
0204030129058202603
0204030129060202603
0204030137058202603
0204030137060202603
0204030145058202603
0204030145060202603
0204030153053202603
0204030153058202603
0204030153060202603
0204030161058202603
0204030161060202603
0204030170058202603
0204030170060202603
0204030188025202603
0204030188040202603
0204040019058202603
0204040019060202603
0204040027058202603
0204040027060202603
0204040035053202603
0204040035058202603
0204040035060202603
0204040043058202603
0204040043060202603
0204040051058202603
0204040051060202603
0204040060058202603
0204040060060202603
0204040078053202603
0204040078058202603
0204040078060202603
0204040086058202603
0204040086060202603
0204040094053202603
0204040094058202603
0204040094060202603
0204040108058202603
0204040108060202603
0204040116053202603
0204040116058202603
0204040116060202603
0204040124053202603
0204040124058202603
0204040124060202603
0204050073009202603
0204050111058202603
0204050111060202603
0204050138058202603
0204050138060202603
0204050146058202603
0204050146060202603
0204060028009202603
0204060060053202603
0204060060058202603
0204060060060202603
0204060079058202603
0204060079060202603
0204060087058202603
0204060087060202603
0204060095053202603
0204060095058202603
0204060095060202603
0204060109053202603
0204060109058202603
0204060109060202603
0204060117058202603
0204060117060202603
0204060125053202603
0204060125058202603
0204060125060202603
0204060133053202603
0204060133058202603
0204060133060202603
0204060141053202603
0204060141058202603
0204060141060202603
0204060150053202603
0204060150058202603
0204060150060202603
0204060168058202603
0204060168060202603
0204060176053202603
0204060176058202603
0204060176060202603
0205010016005202603
0205010016009202603
0205010016053202603
0205010024005202603
0205010024009202603
0205010032005202603
0205010032009202603
0205010032053202603
0205010040005202603
0205010040058202603
0205010040060202603
0205010059058202603
0205010059060202603
0205020011005202603
0205020020058202603
0205020020060202603
0205020038005202603
0205020038058202603
0205020038060202603
0205020046005202603
0205020046053202603
0205020046058202603
0205020046060202603
0205020054005202603
0205020054058202603
0205020054060202603
0205020062005202603
0205020062053202603
0205020062058202603
0205020062060202603
0205020070005202603
0205020070058202603
0205020070060202603
0205020089005202603
0205020089053202603
0205020089058202603
0205020089060202603
0205020097053202603
0205020097058202603
0205020097060202603
0205020100005202603
0205020100058202603
0205020100060202603
0205020119005202603
0205020119053202603
0205020119058202603
0205020119060202603
0205020127005202603
0205020127058202603
0205020127060202603
0205020135005202603
0205020143058202603
0205020143060202603
0205020151058202603
0205020151060202603
0205020160005202603
0205020160053202603
0205020160058202603
0205020160060202603
0205020178005202603
0205020186053202603
0205020186058202603
0205020186060202603
0205020194005202603
0205020224005202603
0206010010005202603
0206010010053202603
0206010010058202603
0206010010060202603
0206010028005202603
0206010028053202603
0206010028058202603
0206010028060202603
0206010036005202603
0206010036053202603
0206010036058202603
0206010036060202603
0206010044005202603
0206010044058202603
0206010044060202603
0206010052058202603
0206010052060202603
0206010060005202603
0206010060058202603
0206010060060202603
0206010079005202603
0206010079058202603
0206010079060202603
0206010087009202603
0206010095009202603
0206020015053202603
0206020015058202603
0206020015060202603
0206020023053202603
0206020023058202603
0206020023060202603
0206020031005202603
0206020031058202603
0206020031060202603
0206020040005202603
0206020040058202603
0206020040060202603
0206030010005202603
0206030010058202603
0206030010060202603
0206030029053202603
0206030029058202603
0206030029060202603
0206030037005202603
0206030037053202603
0206030037058202603
0206030037060202603
0207010013005202603
0207010013009202603
0207010021005202603
0207010021009202603
0207010030005202603
0207010030009202603
0207010030053202603
0207010048005202603
0207010048009202603
0207010048053202603
0207010056005202603
0207010056009202603
0207010056053202603
0207010064005202603
0207010064009202603
0207010072005202603
0207010072009202603
0207020019005202603
0207020019009202603
0207020027005202603
0207020027009202603
0207020027053202603
0207020035005202603
0207020035009202603
0207020060005202603
0207030014005202603
0207030014009202603
0207030022005202603
0207030022009202603
0207030022053202603
0207030030005202603
0207030030009202603
0207030030053202603
0207030049009202603
0207030057009202603
0208010017009202603
0208010025005202603
0208010025009202603
0208010033005202603
0208010033009202603
0208010033053202603
0208010041005202603
0208010041009202603
0208010050005202603
0208010050009202603
0208010068005202603
0208010068009202603
0208010076005202603
0208010076009202603
0208010084005202603
0208010084009202603
0208010092005202603
0208010092009202603
0208020012005202603
0208020012009202603
0208020020005202603
0208020020009202603
0208020039005202603
0208020039009202603
0208020055005202603
0208020055009202603
0208020063005202603
0208020063009202603
0208020071005202603
0208020071009202603
0208020080005202603
0208020080009202603
0208020098005202603
0208020098009202603
0208020101005202603
0208020101009202603
0208020110005202603
0208020110009202603
0208020128005202603
0208020128009202603
0208030018005202603
0208030018009202603
0208030026005202603
0208030026009202603
0208030034005202603
0208030034009202603
0208030042005202603
0208030042009202603
0208030050005202603
0208030050009202603
0208040021005202603
0208040021009202603
0208040030005202603
0208040030009202603
0208040056005202603
0208040056009202603
0208040064005202603
0208040064009202603
0208040072005202603
0208040072009202603
0208040080005202603
0208040080009202603
0208040099005202603
0208040099009202603
0208040102005202603
0208040102009202603
0208050019005202603
0208050019009202603
0208050035005202603
0208050035009202603
0208050043005202603
0208050043009202603
0208060014005202603
0208060014009202603
0208060022005202603
0208060022009202603
0208060030005202603
0208060030009202603
0208070010005202603
0208070010009202603
0208070028005202603
0208070028009202603
0208070036005202603
0208070036009202603
0208070044005202603
0208070044009202603
0208080015005202603
0208080015009202603
0208080023005202603
0208080023009202603
0208080031005202603
0208080031009202603
0208080040005202603
0208080040009202603
0208090010005202603
0208090010009202603
0208090029005202603
0208090029009202603
0208090037005202603
0208090037009202603
0209010010005202603
0209010029005202603
0209010029009202603
0209010029053202603
0209010037005202603
0209010037009202603
0209010037053202603
0209010045005202603
0209010053005202603
0209010061009202603
0209030011009202603
0209030011053202603
0209040025009202603
0209040025053202603
0209040033001202603
0209040033004202603
0209040033049202603
0209040041009202603
0209040041053202603
0209040050001202603
0209040050004202603
0209040050049202603
0210010010005202603
0210010029009202603
0210010037009202603
0210010045005202603
0210010045009202603
0210010053005202603
0210010053009202603
0210010061005202603
0210010061009202603
0210010070005202603
0210010070009202603
0210010088009202603
0210010096005202603
0210010096009202603
0210010100005202603
0210010100009202603
0210010118005202603
0210010118009202603
0210010126005202603
0210010126009202603
0210010134005202603
0210010134009202603
0210010142005202603
0210010142009202603
0210010150005202603
0210010150009202603
0210010169009202603
0210010177009202603
0210010185009202603
0210010193005202603
0210010193009202603
0210010207009202603
0210020016005202603
0210020016009202603
0211020010006202603
0211020028001202603
0211020028006202603
0211020028049202603
0211020036009202603
0211020036053202603
0211020044009202603
0211020044053202603
0211020060009202603
0211020060053202603
0211020087009202603
0211020095009202603
0211030015005202603
0211030015009202603
0211030023005202603
0211030023009202603
0211030031005202603
0211030031009202603
0211030040005202603
0211030040009202603
0211030058005202603
0211030058009202603
0211030066005202603
0211030066009202603
0211030074005202603
0211030074009202603
0211030082005202603
0211030082009202603
0211030090005202603
0211030090009202603
0211040029053202603
0211040029058202603
0211040029060202603
0211040045058202603
0211040045060202603
0211050091001202603
0211050091005202603
0211050091006202603
0211050091049202603
0211050105005202603
0211050105009202603
0211050113009202603
0211050113053202603
0211050148006202603
0211060011058202603
0211060011060202603
0211060020053202603
0211060020058202603
0211060020060202603
0211060038053202603
0211060038058202603
0211060038060202603
0211060054058202603
0211060054060202603
0211060070009202603
0211060089009202603
0211060100009202603
0211060119009202603
0211060127053202603
0211060127058202603
0211060127060202603
0211060143058202603
0211060143060202603
0211060151058202603
0211060151060202603
0211060160009202603
0211060178053202603
0211060178058202603
0211060178060202603
0211060186009202603
0211060216009202603
0211060224053202603
0211060224058202603
0211060224060202603
0211060232053202603
0211060232058202603
0211060232060202603
0211060259009202603
0211060259053202603
0211060267058202603
0211060267060202603
0211060275009202603
0211060283058202603
0211060283060202603
0211070017009202603
0211070025009202603
0211070033009202603
0211070041009202603
0211070041053202603
0211070050009202603
0211070068009202603
0211070076009202603
0211070084009202603
0211070114009202603
0211070157009202603
0211070165009202603
0211070173009202603
0211070181009202603
0211070190009202603
0211070203009202603
0211070203053202603
0211070211009202603
0211070220009202603
0211070238009202603
0211070246009202603
0211070254009202603
0211070262009202603
0211070289009202603
0211070319009202603
0211070327009202603
0211070335009202603
0211070343009202603
0211070351009202603
0211100013009202603
0212010042009202603
0213010097009202603
0213010143009202603
0213010160009202603
0213010178009202603
0213010186009202603
0213010194009202603
0213010216009202603
0213010240009202603
0213010305009202603
0213010330009202603
0213010348009202603
0213010364009202603
0213010372009202603
0213010402009202603
0213010429009202603
0213010437009202603
0213010445009202603
0213010542009202603
0213010674009202603
0213010780009202603
0213010798009202603
0213010801009202603
0213010810009202603
0213010836009202603
0214010015009202603
0214010023009202603
0214010031009202603
0214010066009202603
0214010112009202603
0214010120009202603
0214010139009202603
0214010163009202603
0214010171009202603
0214010180009202603
0214010201009202603
0214010210009202603
0214010279009202603
0214010287009202603
0214010295009202603
0214010309009202603
0214010317009202603
0301010021009202603
0301010021012202603
0301010030009202603
0301010030012202603
0301010048009202603
0301010048012202603
0301010056012202603
0301010064009202603
0301010064012202603
0301010072012202603
0301010072053202603
0301010072058202603
0301010072060202603
0301010099009202603
0301010099012202603
0301010102014202603
0301010102033202603
0301010102058202603
0301010102060202603
0301010110009202603
0301010110012202603
0301010129009202603
0301010129012202603
0301010137009202603
0301010137012202603
0301010145005202603
0301010153009202603
0301010153012202603
0301010196014202603
0301010200014202603
0301010218014202603
0301010226009202603
0301010234009202603
0301010269009202603
0301010277009202603
0301010285009202603
0301010293009202603
0301010307053202603
0301010307058202603
0301010307060202603
0301010315009202603
0301010366009202603
0301010374009202603
0301040010009202603
0301040044009202603
0301040052009202603
0301040060009202603
0301040079009202603
0301040087009202603
0301040095009202603
0301040141058202603
0301040141060202603
0301040150009202603
0301040176058202603
0301040176060202603
0301040184009202603
0301050015014202603
0301050023009202603
0301050058009202603
0301050074007202603
0301050074008202603
0301050082009202603
0301050090009202603
0301050104009202603
0301050112009202603
0301050120009202603
0301050139009202603
0301050147009202603
0301050155009202603
0301050163009202603
0301050171009202603
0301060037009202603
0301060045009202603
0301060053009202603
0301060070008202603
0301060088008202603
0301060100009202603
0301070024009202603
0301070040009202603
0301070059009202603
0301070067009202603
0301070083009202603
0301070091009202603
0301070105009202603
0301070113009202603
0301070121009202603
0301070130009202603
0301070148009202603
0301070156009202603
0301070164009202603
0301070172009202603
0301070172014202603
0301070202009202603
0301070210009202603
0301070229009202603
0301070237009202603
0301070245009202603
0301070253009202603
0301070261009202603
0301070288009202603
0301070296009202603
0301070300009202603
0301080011009202603
0301080046036202603
0301080046038202603
0301080364036202603
0301080372036202603
0301080380036202603
0301090017007202603
0301090025007202603
0301090033009202603
0301100047009202603
0301100055009202603
0301100063009202603
0301100101009202603
0301100128009202603
0301100136009202603
0301100144009202603
0301100152009202603
0301100179009202603
0301100187009202603
0301100195009202603
0301100209009202603
0301100217009202603
0301100225009202603
0301100233009202603
0301100241009202603
0301100276009202603
0301100284009202603
0301110018014202603
0301110026014202603
0301120013009202603
0301120021009202603
0301120030009202603
0301120048009202603
0301120056014202603
0301120056022202603
0301120064009202603
0301120072009202603
0301120080009202603
0301120080022202603
0301130019009202603
0301130060009202603
0301130060014202603
0301130078009202603
0301140014009202603
0301160015009202603
0301160015014202603
0301160023007202603
0301160023009202603
0302030026009202603
0302040013009202603
0302040021009202603
0302040048009202603
0302040064009202603
0302050019009202603
0302050027009202603
0302060014009202603
0302060022009202603
0302060030009202603
0302060049005202603
0302060049009202603
0302060057009202603
0302070036005202603
0303010010004202603
0303010029004202603
0303010037004202603
0303010045004202603
0303010053004202603
0303010061004202603
0303010070004202603
0303010088004202603
0303010096004202603
0303010100004202603
0303010118004202603
0303010126004202603
0303010134004202603
0303010142004202603
0303010150004202603
0303010169004202603
0303010177004202603
0303010185004202603
0303010193004202603
0303010207004202603
0303010215003202603
0303010215007202603
0303020032004202603
0303020040004202603
0303020059004202603
0303020067004202603
0303020075004202603
0303020083004202603
0303020083008202603
0303030011007202603
0303030020004202603
0303030038004202603
0303030038011202603
0303030046004202603
0303030054004202603
0303030062004202603
0303040017004202603
0303040025004202603
0303040033004202603
0303040041004202603
0303040050004202603
0303040068004202603
0303040076004202603
0303040084004202603
0303040092004202603
0303040106004202603
0303040114004202603
0303040122004202603
0303040130004202603
0303040149004202603
0303040157004202603
0303040165004202603
0303040165011202603
0303040173004202603
0303040181004202603
0303040190004202603
0303040203004202603
0303040211004202603
0303040220004202603
0303040238004202603
0303040246004202603
0303040254004202603
0303040262004202603
0303040270004202603
0303040289004202603
0303040297004202603
0303040300004202603
0303050012014202603
0303050012033202603
0303050012058202603
0303050012060202603
0303050039009202603
0303050047009202603
0303050055009202603
0303050063009202603
0303050071009202603
0303050080009202603
0303050098009202603
0303050101009202603
0303050110009202603
0303050152009202603
0303050160009202603
0303050179009202603
0303050187009202603
0303050195009202603
0303050209009202603
0303050217009202603
0303050225009202603
0303050233009202603
0303050233014202603
0303060018004202603
0303060026004202603
0303060026011202603
0303060034004202603
0303060042004202603
0303060042011202603
0303060050004202603
0303060069004202603
0303060077004202603
0303060085004202603
0303060093004202603
0303060093011202603
0303060107004202603
0303060107011202603
0303060115004202603
0303060123004202603
0303060131004202603
0303060140004202603
0303060158004202603
0303060166004202603
0303060174004202603
0303060182004202603
0303060182011202603
0303060190004202603
0303060204004202603
0303060212004202603
0303060220004202603
0303060239004202603
0303060247004202603
0303060255004202603
0303060263004202603
0303060271004202603
0303060280004202603
0303060280011202603
0303060298004202603
0303060301004202603
0303070030009202603
0303070064004202603
0303070072004202603
0303070080004202603
0303070099004202603
0303070102004202603
0303070110004202603
0303070129004202603
0303070137004202603
0303080043004202603
0303080051004202603
0303080051011202603
0303080060004202603
0303080078004202603
0303080086004202603
0303080094004202603
0303080108009202603
0303080116009202603
0303090014005202603
0303090022005202603
0303090049005202603
0303090073009202603
0303090081009202603
0303090090009202603
0303090111009202603
0303090120009202603
0303090138004202603
0303090146009202603
0303090154009202603
0303090162009202603
0303090189009202603
0303090197004202603
0303090235004202603
0303090316004202603
0303100010004202603
0303100010042202603
0303100028004202603
0303100028042202603
0303100036004202603
0303100036042202603
0303100044004202603
0303100044042202603
0303100052004202603
0303100052042202603
0303110015004202603
0303110023004202603
0303110031004202603
0303110040004202603
0303110058004202603
0303110066004202603
0303110074004202603
0303110082004202603
0303110090004202603
0303110104004202603
0303110112004202603
0303120053009202603
0303120061009202603
0303120070009202603
0303130016003202603
0303130016007202603
0303130016008202603
0303130024003202603
0303130024007202603
0303130024008202603
0303130032003202603
0303130032007202603
0303130032008202603
0303130040003202603
0303130040007202603
0303130040008202603
0303130059003202603
0303130059007202603
0303130059008202603
0303130067003202603
0303130067007202603
0303130067008202603
0303130075003202603
0303130075007202603
0303130075008202603
0303130083003202603
0303130083007202603
0303140020004202603
0303140038004202603
0303140046004202603
0303140046011202603
0303140054004202603
0303140054011202603
0303140062004202603
0303140070004202603
0303140089004202603
0303140089011202603
0303140097004202603
0303140100004202603
0303140119004202603
0303140127004202603
0303140135004202603
0303140135011202603
0303140143004202603
0303140151004202603
0303150017004202603
0303150025004202603
0303150033004202603
0303150041004202603
0303150050004202603
0303150068004202603
0303160012004202603
0303160020004202603
0303160039004202603
0303160047004202603
0303160055004202603
0303160063004202603
0303160071004202603
0303170093003202603
0303170093007202603
0303170093008202603
0303170093015202603
0303170107007202603
0303170131007202603
0303170140007202603
0303170140009202603
0303170158007202603
0303170158009202603
0303170166007202603
0303170166009202603
0303170174007202603
0303170174009202603
0303170182007202603
0303170182009202603
0303170190003202603
0303170190007202603
0303170190008202603
0303170190015202603
0303170204003202603
0303170204007202603
0303170204008202603
0303170204015202603
0303180013004202603
0303180013008202603
0303180030004202603
0303180048004202603
0303180056004202603
0303180064004202603
0303180072007202603
0303190019007202603
0303190019008202603
0304010111007202603
0304010111058202603
0304010170001202603
0304010170058202603
0304010340058202603
0304010359006202603
0304010359007202603
0304010359058202603
0304010367022202603
0304010367058202603
0304010375022202603
0304010375058202603
0304010383022202603
0304010383058202603
0304010391022202603
0304010391058202603
0304010405022202603
0304010405058202603
0304010413022202603
0304010413058202603
0304010421022202603
0304010421058202603
0304010430006202603
0304010430022202603
0304010430058202603
0304010448022202603
0304010448058202603
0304010456022202603
0304010456058202603
0304010464006202603
0304010464022202603
0304010464058202603
0304010472022202603
0304010472058202603
0304010480022202603
0304010480058202603
0304010499001202603
0304010499006202603
0304010499058202603
0304010502022202603
0304010502058202603
0304010510006202603
0304010510022202603
0304010510058202603
0304010529022202603
0304010529058202603
0304010537022202603
0304010537058202603
0304010545022202603
0304010545058202603
0304010553022202603
0304010553058202603
0304010561022202603
0304010561058202603
0304010570022202603
0304010570058202603
0304010588022202603
0304010588058202603
0304010596006202603
0304010596007202603
0304010596058202603
0304020010009202603
0304020010014202603
0304020010022202603
0304020028009202603
0304020028014202603
0304020028022202603
0304020036009202603
0304020036014202603
0304020036022202603
0304020044009202603
0304020044014202603
0304020044022202603
0304020052009202603
0304020052014202603
0304020052022202603
0304020060009202603
0304020060014202603
0304020060022202603
0304020079009202603
0304020079014202603
0304020079022202603
0304020087009202603
0304020087014202603
0304020087022202603
0304020095009202603
0304020095014202603
0304020095022202603
0304020109009202603
0304020109014202603
0304020109022202603
0304020117009202603
0304020117014202603
0304020117022202603
0304020125009202603
0304020125014202603
0304020125022202603
0304020133009202603
0304020133014202603
0304020133022202603
0304020141009202603
0304020141014202603
0304020141022202603
0304020150009202603
0304020150014202603
0304020150022202603
0304020168009202603
0304020168014202603
0304020176009202603
0304020176014202603
0304020176022202603
0304020184009202603
0304020184014202603
0304020184022202603
0304020192009202603
0304020192014202603
0304020192022202603
0304020206009202603
0304020206014202603
0304020206022202603
0304020214009202603
0304020214014202603
0304020214022202603
0304020222009202603
0304020222014202603
0304020222022202603
0304020230009202603
0304020230014202603
0304020230022202603
0304020249009202603
0304020249014202603
0304020249022202603
0304020257009202603
0304020257014202603
0304020257022202603
0304020265009202603
0304020265014202603
0304020265022202603
0304020273009202603
0304020273014202603
0304020273022202603
0304020281009202603
0304020281014202603
0304020281022202603
0304020290009202603
0304020290014202603
0304020290022202603
0304020303009202603
0304020303014202603
0304020303022202603
0304020311009202603
0304020311014202603
0304020311022202603
0304020320009202603
0304020320014202603
0304020320022202603
0304020338009202603
0304020338014202603
0304020338022202603
0304020346009202603
0304020346014202603
0304020346022202603
0304020362009202603
0304020362014202603
0304020362022202603
0304020370009202603
0304020370014202603
0304020370022202603
0304020389009202603
0304020389014202603
0304020389022202603
0304020397009202603
0304020397014202603
0304020397022202603
0304020400009202603
0304020400014202603
0304020400022202603
0304020419009202603
0304020419014202603
0304020419022202603
0304020427009202603
0304020427014202603
0304020427022202603
0304020435009202603
0304020435014202603
0304020435022202603
0304020443009202603
0304020443014202603
0304020443022202603
0304020451009202603
0304020451014202603
0304020451022202603
0304020460009202603
0304020460014202603
0304020460022202603
0304020478009202603
0304020478014202603
0304020478022202603
0304020486009202603
0304020486014202603
0304020486022202603
0304020494009202603
0304020494014202603
0304020494022202603
0304030015009202603
0304030015014202603
0304030015022202603
0304030023009202603
0304030023014202603
0304030023022202603
0304030031009202603
0304030031014202603
0304030031022202603
0304030040009202603
0304030040014202603
0304030040022202603
0304030058009202603
0304030058014202603
0304030058022202603
0304030066009202603
0304030066014202603
0304030066022202603
0304030074009202603
0304030074014202603
0304030074022202603
0304030082009202603
0304030082014202603
0304030082022202603
0304030090009202603
0304030090014202603
0304030090022202603
0304030104009202603
0304030104014202603
0304030104022202603
0304030112009202603
0304030112014202603
0304030112022202603
0304030120009202603
0304030120014202603
0304030120022202603
0304030139009202603
0304030139014202603
0304030139022202603
0304030147009202603
0304030147014202603
0304030147022202603
0304030155009202603
0304030155014202603
0304030155022202603
0304030163009202603
0304030163014202603
0304030163022202603
0304030171009202603
0304030171014202603
0304030171022202603
0304030180009202603
0304030180014202603
0304030180022202603
0304030198009202603
0304030198014202603
0304030198022202603
0304030201009202603
0304030201014202603
0304030201022202603
0304030210009202603
0304030210014202603
0304030210022202603
0304030228009202603
0304030228014202603
0304030228022202603
0304030236009202603
0304030236014202603
0304030244009202603
0304030244014202603
0304030252009202603
0304030252014202603
0304030252022202603
0304030260009202603
0304030260014202603
0304030260022202603
0304040010009202603
0304040010014202603
0304040010022202603
0304040029009202603
0304040029014202603
0304040029022202603
0304040045009202603
0304040045014202603
0304040045022202603
0304040053009202603
0304040053014202603
0304040053022202603
0304040061009202603
0304040061014202603
0304040061022202603
0304040070009202603
0304040070014202603
0304040070022202603
0304040088009202603
0304040088014202603
0304040088022202603
0304040096009202603
0304040096014202603
0304040096022202603
0304040100009202603
0304040100014202603
0304040100022202603
0304040118009202603
0304040118014202603
0304040118022202603
0304040126009202603
0304040126014202603
0304040126022202603
0304040134009202603
0304040134014202603
0304040134022202603
0304040142009202603
0304040142014202603
0304040142022202603
0304040150009202603
0304040150014202603
0304040150022202603
0304040169009202603
0304040169014202603
0304040169022202603
0304040177009202603
0304040177014202603
0304040177022202603
0304040185009202603
0304040185014202603
0304040185022202603
0304040193009202603
0304040193014202603
0304040193022202603
0304040207009202603
0304040207014202603
0304040207022202603
0304050016009202603
0304050016014202603
0304050016022202603
0304050024009202603
0304050024014202603
0304050024022202603
0304050032009202603
0304050032014202603
0304050032022202603
0304050040009202603
0304050040014202603
0304050040022202603
0304050067009202603
0304050067014202603
0304050067022202603
0304050075009202603
0304050075014202603
0304050075022202603
0304050113009202603
0304050113014202603
0304050113022202603
0304050121009202603
0304050121014202603
0304050121022202603
0304050130009202603
0304050130014202603
0304050130022202603
0304050172009202603
0304050172014202603
0304050172022202603
0304050180009202603
0304050180014202603
0304050180022202603
0304050202009202603
0304050202014202603
0304050202022202603
0304050210009202603
0304050210014202603
0304050210022202603
0304050229009202603
0304050229014202603
0304050229022202603
0304050253009202603
0304050253014202603
0304050253022202603
0304050261009202603
0304050261014202603
0304050261022202603
0304050270009202603
0304050270014202603
0304050270022202603
0304050288009202603
0304050288014202603
0304050288022202603
0304050296009202603
0304050296014202603
0304050296022202603
0304050300009202603
0304050300014202603
0304050300022202603
0304050318009202603
0304050318014202603
0304050318022202603
0304050326009202603
0304050326014202603
0304050326022202603
0304050334009202603
0304050334014202603
0304050334022202603
0304050342009202603
0304050342014202603
0304050342022202603
0304050350009202603
0304050350014202603
0304050350022202603
0304060011009202603
0304060011014202603
0304060011022202603
0304060038009202603
0304060038014202603
0304060038022202603
0304060046009202603
0304060046014202603
0304060046022202603
0304060070009202603
0304060070014202603
0304060070022202603
0304060089009202603
0304060089014202603
0304060089022202603
0304060097009202603
0304060097014202603
0304060097022202603
0304060100009202603
0304060100014202603
0304060100022202603
0304060119009202603
0304060119014202603
0304060119022202603
0304060127009202603
0304060127014202603
0304060127022202603
0304060135009202603
0304060135014202603
0304060135022202603
0304060151009202603
0304060151014202603
0304060151022202603
0304060160009202603
0304060160014202603
0304060160022202603
0304060178009202603
0304060178014202603
0304060178022202603
0304060186009202603
0304060186014202603
0304060186022202603
0304060208009202603
0304060208014202603
0304060208022202603
0304060216009202603
0304060216014202603
0304060216022202603
0304060224009202603
0304060224014202603
0304060224022202603
0304060232009202603
0304060232014202603
0304060232022202603
0304060240009202603
0304060240014202603
0304060240022202603
0304070017009202603
0304070017014202603
0304070017022202603
0304070025009202603
0304070025014202603
0304070025022202603
0304070033009202603
0304070033014202603
0304070033022202603
0304070041009202603
0304070041014202603
0304070041022202603
0304070050009202603
0304070050014202603
0304070050022202603
0304070068009202603
0304070068014202603
0304070068022202603
0304070076009202603
0304070076014202603
0304070076022202603
0304070084009202603
0304070084022202603
0304080020006202603
0304080039006202603
0304080039007202603
0304080047006202603
0304080055009202603
0304080055014202603
0304080055022202603
0304080063006202603
0304080071009202603
0304080071014202603
0304080071022202603
0304090018004202603
0304090018006202603
0304090026006202603
0304090034006202603
0304090050009202603
0304090069009202603
0304100013007202603
0304100021004202603
0305010026009202603
0305010026014202603
0305010026022202603
0305010034005202603
0305010107009202603
0305010107014202603
0305010107022202603
0305010115009202603
0305010115014202603
0305010115022202603
0305010115043202603
0305010131005202603
0305010166009202603
0305010166014202603
0305010166022202603
0305010174007202603
0305010182009202603
0305010182022202603
0305010204009202603
0305010204014202603
0305010204022202603
0305020013004202603
0305020021004202603
0305020030004202603
0305020030011202603
0305020048004202603
0305020056004202603
0306010020009202603
0306020017009202603
0306020050009202603
0306020092009202603
0306020106009202603
0306020130009202603
0306020157009202603
0307010015009202603
0307010015020202603
0307010031009202603
0307010031020202603
0307010058020202603
0307010066009202603
0307010066020202603
0307010074009202603
0307010074020202603
0307010082009202603
0307010082020202603
0307010090009202603
0307010090020202603
0307010104009202603
0307010104020202603
0307010112009202603
0307010112020202603
0307010120009202603
0307010120020202603
0307010139009202603
0307010139020202603
0307010147009202603
0307010147020202603
0307010155009202603
0307020010009202603
0307020029009202603
0307020037020202603
0307020045020202603
0307020053020202603
0307020061020202603
0307020070009202603
0307020070020202603
0307020088020202603
0307020096020202603
0307020100020202603
0307020118020202603
0307030024009202603
0307030024020202603
0307030032020202603
0307030040009202603
0307030040020202603
0307030059009202603
0307030059020202603
0307030067009202603
0307030075009202603
0307030083009202603
0307040070009202603
0307040127009202603
0307040135009202603
0307040143009202603
0307040151009202603
0307040160009202603
0307040178009202603
0307050017009202603
0308010019004202603
0308010019011202603
0308010027004202603
0308010027011202603
0308010035004202603
0308010043004202603
0308020022004202603
0308020022011202603
0308020030004202603
0308020030011202603
0308030010004202603
0308030010011202603
0308030028004202603
0308030028011202603
0308030036004202603
0308030036011202603
0308040015004202603
0308040015011202603
0308040023004202603
0309010039001202603
0309010039049202603
0309010055005202603
0309010080005202603
0309030048058202603
0309030048060202603
0309050022009202603
0309050030009202603
0309050049009202603
0309050057009202603
0309050065009202603
0309050073009202603
0309050081009202603
0309050090009202603
0309050111009202603
0309050120009202603
0309050138009202603
0309050146009202603
0309050154009202603
0309050162009202603
0309050170009202603
0309050189009202603
0309050197009202603
0309050200009202603
0309050219009202603
0309050227009202603
0309050235009202603
0309060036017202603
0309070015009202603
0309070023009202603
0309080010004202603
0309080010009202603
0310010012009202603
0310010020005202603
0310010039004202603
0310010039042202603
0310010047004202603
0310010047042202603
0401010015005202603
0401010031009202603
0401010066001202603
0401010066009202603
0401010074001202603
0401010082009202603
0401010082020202603
0401010090001202603
0401010104005202603
0401010112001202603
0401010120001202603
0401010139001202603
0401020010001202603
0401020010004202603
0401020010049202603
0401020010051202603
0401020010059202603
0401020029001202603
0401020029004202603
0401020029049202603
0401020029051202603
0401020029059202603
0401020037001202603
0401020037004202603
0401020037049202603
0401020037051202603
0401020037059202603
0401020045001202603
0401020045004202603
0401020045049202603
0401020045051202603
0401020045059202603
0401020053001202603
0401020053004202603
0401020053049202603
0401020053051202603
0401020053059202603
0401020061001202603
0401020061004202603
0401020061049202603
0401020061051202603
0401020061059202603
0401020070001202603
0401020070004202603
0401020070049202603
0401020070051202603
0401020070059202603
0401020088001202603
0401020088004202603
0401020088049202603
0401020088051202603
0401020088052202603
0401020088059202603
0401020096001202603
0401020096004202603
0401020096049202603
0401020096051202603
0401020096059202603
0401020100001202603
0401020100004202603
0401020100049202603
0401020100051202603
0401020100059202603
0401020118001202603
0401020118004202603
0401020118049202603
0401020118051202603
0401020118059202603
0401020126001202603
0401020126004202603
0401020126049202603
0401020134001202603
0401020134049202603
0401020142001202603
0401020142004202603
0401020142049202603
0401020142051202603
0401020142059202603
0401020150001202603
0401020150004202603
0401020150049202603
0401020150051202603
0401020150059202603
0401020169001202603
0401020169004202603
0401020169049202603
0401020169051202603
0401020169059202603
0401020177009202603
0402010019001202603
0402010019004202603
0402010019049202603
0402010019051202603
0402010027001202603
0402010027004202603
0402010027049202603
0402010027051202603
0402010035001202603
0402010035004202603
0402010035049202603
0402010035051202603
0402010043001202603
0402010043004202603
0402010043049202603
0402010043051202603
0402010051001202603
0402010051004202603
0402010051049202603
0402010051051202603
0402020014001202603
0402020014004202603
0402020014049202603
0402020014051202603
0402020022001202603
0402020022004202603
0402020022049202603
0402020022051202603
0403010012001202603
0403010012004202603
0403010012049202603
0403010012051202603
0403010020001202603
0403010020004202603
0403010020049202603
0403010039001202603
0403010039004202603
0403010039049202603
0403010047001202603
0403010047004202603
0403010047049202603
0403010047051202603
0403010055001202603
0403010055004202603
0403010055049202603
0403010055051202603
0403010063001202603
0403010063004202603
0403010063049202603
0403010063051202603
0403010071001202603
0403010071004202603
0403010071049202603
0403010071051202603
0403010080001202603
0403010080004202603
0403010080049202603
0403010080051202603
0403010098001202603
0403010098004202603
0403010098049202603
0403010098051202603
0403010101001202603
0403010101004202603
0403010101049202603
0403010101051202603
0403010110001202603
0403010110004202603
0403010110049202603
0403010110051202603
0403010128001202603
0403010128004202603
0403010128006202603
0403010128049202603
0403010128051202603
0403010136001202603
0403010136004202603
0403010136049202603
0403010136051202603
0403010144001202603
0403010144004202603
0403010144049202603
0403010144051202603
0403010152001202603
0403010152004202603
0403010152049202603
0403010152051202603
0403010152059202603
0403010160001202603
0403010160004202603
0403010160049202603
0403010160051202603
0403010179001202603
0403010179004202603
0403010179049202603
0403010179051202603
0403010179059202603
0403010187001202603
0403010187004202603
0403010187049202603
0403010187051202603
0403010195001202603
0403010195004202603
0403010195049202603
0403010209001202603
0403010209004202603
0403010209049202603
0403010209051202603
0403010217001202603
0403010217004202603
0403010217049202603
0403010217051202603
0403010225001202603
0403010225004202603
0403010225049202603
0403010225051202603
0403010233001202603
0403010233004202603
0403010233049202603
0403010233051202603
0403010241001202603
0403010241004202603
0403010241049202603
0403010241051202603
0403010250001202603
0403010250004202603
0403010250049202603
0403010250051202603
0403010268001202603
0403010268004202603
0403010268049202603
0403010276001202603
0403010276004202603
0403010276049202603
0403010284001202603
0403010284004202603
0403010284049202603
0403010292001202603
0403010292004202603
0403010292049202603
0403010306001202603
0403010306004202603
0403010306049202603
0403010314001202603
0403010314004202603
0403010314049202603
0403010322001202603
0403010322004202603
0403010322049202603
0403010322051202603
0403010330001202603
0403010330004202603
0403010330049202603
0403010330051202603
0403010349001202603
0403010349004202603
0403010349017202603
0403010349049202603
0403010357001202603
0403010357004202603
0403010357049202603
0403010357051202603
0403010365001202603
0403010365004202603
0403010365049202603
0403010365051202603
0403010390001202603
0403010390004202603
0403010390049202603
0403010390051202603
0403020018001202603
0403020018006202603
0403020018049202603
0403020018051202603
0403020026001202603
0403020026006202603
0403020026049202603
0403020026051202603
0403020034001202603
0403020034006202603
0403020034049202603
0403020034051202603
0403020042001202603
0403020042006202603
0403020042049202603
0403020042051202603
0403020050001202603
0403020050006202603
0403020050049202603
0403020050051202603
0403020069001202603
0403020069006202603
0403020069049202603
0403020069051202603
0403020077001202603
0403020077049202603
0403020077051202603
0403020077059202603
0403020085001202603
0403020085049202603
0403020085051202603
0403020093001202603
0403020093049202603
0403020093051202603
0403020107001202603
0403020107049202603
0403020107051202603
0403020107059202603
0403020115001202603
0403020115049202603
0403020115051202603
0403020123001202603
0403020123004202603
0403020123049202603
0403020123051202603
0403020131001202603
0403020131006202603
0403020131049202603
0403020131051202603
0403030013001202603
0403030013004202603
0403030013049202603
0403030013051202603
0403030021001202603
0403030021004202603
0403030021049202603
0403030021051202603
0403030030001202603
0403030030004202603
0403030030049202603
0403030030051202603
0403030048001202603
0403030048004202603
0403030048049202603
0403030048051202603
0403030056001202603
0403030056004202603
0403030056006202603
0403030056049202603
0403030056051202603
0403030064001202603
0403030064004202603
0403030064006202603
0403030064049202603
0403030064051202603
0403030080001202603
0403030080004202603
0403030080006202603
0403030080049202603
0403030080051202603
0403030099001202603
0403030099004202603
0403030099006202603
0403030099049202603
0403030099051202603
0403030102001202603
0403030102004202603
0403030102006202603
0403030102049202603
0403030102051202603
0403030110001202603
0403030110004202603
0403030110049202603
0403030110051202603
0403030129001202603
0403030129004202603
0403030129006202603
0403030129049202603
0403030129051202603
0403030137001202603
0403030137004202603
0403030137006202603
0403030137049202603
0403030137051202603
0403030145001202603
0403030145004202603
0403030145049202603
0403030145051202603
0403030153001202603
0403030153004202603
0403030153006202603
0403030153049202603
0403030153051202603
0403030161001202603
0403030161004202603
0403030161049202603
0403030161051202603
0403040019001202603
0403040019004202603
0403040019006202603
0403040019049202603
0403040019051202603
0403040027001202603
0403040027004202603
0403040027006202603
0403040027049202603
0403040027051202603
0403040051001202603
0403040051004202603
0403040051006202603
0403040051049202603
0403040051051202603
0403040060001202603
0403040060004202603
0403040060006202603
0403040060049202603
0403040060051202603
0403040078001202603
0403040078004202603
0403040078006202603
0403040078049202603
0403040078051202603
0403040086001202603
0403040086004202603
0403040086006202603
0403040086049202603
0403040086051202603
0403040094001202603
0403040094004202603
0403040094006202603
0403040094049202603
0403040094051202603
0403040108001202603
0403040108004202603
0403040108006202603
0403040108049202603
0403040108051202603
0403040116001202603
0403040116004202603
0403040116006202603
0403040116049202603
0403040116051202603
0403040124001202603
0403040124004202603
0403040124006202603
0403040124049202603
0403040124051202603
0403050014001202603
0403050022001202603
0403050030001202603
0403050030004202603
0403050030006202603
0403050030049202603
0403050030051202603
0403050049001202603
0403050049004202603
0403050049006202603
0403050049049202603
0403050049051202603
0403050057001202603
0403050057004202603
0403050057006202603
0403050057017202603
0403050057049202603
0403050057051202603
0403050065001202603
0403050065004202603
0403050065006202603
0403050065049202603
0403050065051202603
0403050073001202603
0403050073004202603
0403050073006202603
0403050073049202603
0403050073051202603
0403050081001202603
0403050090001202603
0403050090004202603
0403050090006202603
0403050090049202603
0403050090051202603
0403050103001202603
0403050103004202603
0403050103006202603
0403050103049202603
0403050103051202603
0403050111001202603
0403050111004202603
0403050111049202603
0403050111051202603
0403050120001202603
0403050120004202603
0403050120049202603
0403050120051202603
0403050138001202603
0403050138004202603
0403050138049202603
0403050138051202603
0403050146001202603
0403050146004202603
0403050146049202603
0403050146051202603
0403050154001202603
0403050154004202603
0403050154006202603
0403050154049202603
0403050154051202603
0403050162001202603
0403050162004202603
0403050162006202603
0403050162049202603
0403050162051202603
0403060010001202603
0403060010006202603
0403060010049202603
0403060010051202603
0403060028001202603
0403060028006202603
0403060028049202603
0403060028051202603
0403060036001202603
0403060036004202603
0403060036006202603
0403060036049202603
0403060036051202603
0403060044001202603
0403060044004202603
0403060044006202603
0403060044049202603
0403060044051202603
0403060052001202603
0403060052004202603
0403060052006202603
0403060052049202603
0403060052051202603
0403060060001202603
0403060060004202603
0403060060006202603
0403060060049202603
0403060060051202603
0403060079001202603
0403060079004202603
0403060079006202603
0403060079049202603
0403060079051202603
0403060087001202603
0403060087004202603
0403060087006202603
0403060087049202603
0403060095001202603
0403060095004202603
0403060095006202603
0403060095049202603
0403070015001202603
0403070015004202603
0403070015006202603
0403070015049202603
0403070040001202603
0403070040004202603
0403070040006202603
0403070040049202603
0403070040051202603
0403070058001202603
0403070058004202603
0403070058006202603
0403070058049202603
0403070058051202603
0403070082001202603
0403070082006202603
0403070082049202603
0403070082051202603
0403070090001202603
0403070090006202603
0403070090049202603
0403070090051202603
0403070104001202603
0403070104006202603
0403070104049202603
0403070104051202603
0403070112001202603
0403070112006202603
0403070112049202603
0403070112051202603
0403070120001202603
0403070120006202603
0403070120049202603
0403070120051202603
0403070139001202603
0403070139006202603
0403070139049202603
0403070139051202603
0403070147001202603
0403070147006202603
0403070147049202603
0403070147051202603
0403070155001202603
0403070155006202603
0403070155049202603
0403070155051202603
0403070163001202603
0403070163004202603
0403070163006202603
0403070163049202603
0403070163051202603
0403070171001202603
0403070171004202603
0403070171009202603
0403070171049202603
0403080010001202603
0403080010004202603
0403080010006202603
0403080010017202603
0403080010049202603
0403080010051202603
0403080029001202603
0403080029004202603
0403080029006202603
0403080029017202603
0403080029049202603
0403080029051202603
0403080037001202603
0403080037004202603
0403080037006202603
0403080037017202603
0403080037049202603
0403080037051202603
0403080045001202603
0403080045004202603
0403080045006202603
0403080045049202603
0403080045051202603
0403080053001202603
0403080053004202603
0403080053006202603
0403080053049202603
0403080053051202603
0403080061001202603
0403080061004202603
0403080061006202603
0403080061049202603
0403080061051202603
0403080070001202603
0403080070004202603
0403080070006202603
0403080070049202603
0403080070051202603
0403080088001202603
0403080088004202603
0403080088006202603
0403080088049202603
0403080088051202603
0403080096001202603
0403080096004202603
0403080096006202603
0403080096049202603
0403080096051202603
0403080100001202603
0403080100004202603
0403080100006202603
0403080100049202603
0403080100051202603
0404010016001202603
0404010016004202603
0404010016049202603
0404010016051202603
0404010016052202603
0404010016059202603
0404010024001202603
0404010024049202603
0404010024051202603
0404010024052202603
0404010024059202603
0404010032001202603
0404010032004202603
0404010032049202603
0404010032051202603
0404010032052202603
0404010032059202603
0404010040001202603
0404010040004202603
0404010040049202603
0404010059001202603
0404010059004202603
0404010059049202603
0404010067001202603
0404010067004202603
0404010067049202603
0404010083001202603
0404010083004202603
0404010083049202603
0404010083051202603
0404010105001202603
0404010105004202603
0404010105049202603
0404010105051202603
0404010113001202603
0404010113004202603
0404010113049202603
0404010113051202603
0404010113059202603
0404010121001202603
0404010121004202603
0404010121049202603
0404010121051202603
0404010121052202603
0404010121059202603
0404010130001202603
0404010130004202603
0404010130049202603
0404010130051202603
0404010148001202603
0404010148004202603
0404010148049202603
0404010148051202603
0404010164001202603
0404010164004202603
0404010164049202603
0404010164051202603
0404010172001202603
0404010172004202603
0404010172049202603
0404010172051202603
0404010180001202603
0404010180004202603
0404010180049202603
0404010180051202603
0404010199001202603
0404010199004202603
0404010199049202603
0404010199051202603
0404010202001202603
0404010202004202603
0404010202049202603
0404010202051202603
0404010202059202603
0404010210001202603
0404010210004202603
0404010210049202603
0404010210051202603
0404010229049202603
0404010229051202603
0404010237001202603
0404010237049202603
0404010237051202603
0404010288001202603
0404010288004202603
0404010288049202603
0404010288051202603
0404010300009202603
0404010318001202603
0404010318049202603
0404010318051202603
0404010318059202603
0404010326001202603
0404010326004202603
0404010326049202603
0404010326051202603
0404010326059202603
0404010334001202603
0404010334004202603
0404010334049202603
0404010334051202603
0404010334059202603
0404010350001202603
0404010350004202603
0404010350049202603
0404010350051202603
0404010350059202603
0404010377001202603
0404010377004202603
0404010377049202603
0404010385001202603
0404010385004202603
0404010385049202603
0404010385051202603
0404010385059202603
0404010407001202603
0404010407004202603
0404010407049202603
0404010407051202603
0404010407059202603
0404010415001202603
0404010415004202603
0404010415049202603
0404010415051202603
0404010415052202603
0404010415059202603
0404010431001202603
0404010431004202603
0404010431008202603
0404010431049202603
0404010431051202603
0404010458001202603
0404010458004202603
0404010458049202603
0404010458051202603
0404010466001202603
0404010466004202603
0404010466049202603
0404010466051202603
0404010474001202603
0404010474004202603
0404010474049202603
0404010474051202603
0404010474059202603
0404010482001202603
0404010482004202603
0404010482049202603
0404010482051202603
0404010482059202603
0404010490001202603
0404010490004202603
0404010490049202603
0404010490051202603
0404010490059202603
0404010504001202603
0404010504004202603
0404010504049202603
0404010504051202603
0404010504059202603
0404010512001202603
0404010512004202603
0404010512020202603
0404010512049202603
0404010512051202603
0404010512052202603
0404010512059202603
0404010520001202603
0404010520004202603
0404010520049202603
0404010520051202603
0404010520059202603
0404010539001202603
0404010539004202603
0404010539049202603
0404010539051202603
0404010547001202603
0404010547004202603
0404010547049202603
0404010547051202603
0404010555001202603
0404010555004202603
0404010555049202603
0404010555051202603
0404010555059202603
0404010563001202603
0404010563004202603
0404010563049202603
0404010563051202603
0404010571001202603
0404010571004202603
0404010571017202603
0404010571049202603
0404010571051202603
0404010580001202603
0404010580004202603
0404010580017202603
0404010580049202603
0404010580051202603
0404010598001202603
0404010598004202603
0404010598049202603
0404010598051202603
0404010601001202603
0404010601004202603
0404010601017202603
0404010601049202603
0404010601051202603
0404010610001202603
0404010610004202603
0404010610017202603
0404010610049202603
0404010610051202603
0404010628001202603
0404010628004202603
0404010628017202603
0404010628049202603
0404010628051202603
0404010636001202603
0404010636004202603
0404010636049202603
0404010636051202603
0404010644001202603
0404010644004202603
0404010644017202603
0404010644049202603
0404010644051202603
0404010652001202603
0404010652004202603
0404010652017202603
0404010652049202603
0404010652051202603
0404020011001202603
0404020011004202603
0404020011049202603
0404020011051202603
0404020011059202603
0404020038001202603
0404020038004202603
0404020038020202603
0404020038049202603
0404020038051202603
0404020038059202603
0404020046001202603
0404020046004202603
0404020046049202603
0404020046051202603
0404020046059202603
0404020054020202603
0404020062001202603
0404020062004202603
0404020062049202603
0404020062051202603
0404020070001202603
0404020070004202603
0404020070049202603
0404020070051202603
0404020070059202603
0404020089001202603
0404020089004202603
0404020089020202603
0404020089049202603
0404020089051202603
0404020089059202603
0404020097020202603
0404020100020202603
0404020119001202603
0404020119004202603
0404020119049202603
0404020119051202603
0404020119059202603
0404020135001202603
0404020135004202603
0404020135049202603
0404020135051202603
0404020143001202603
0404020143004202603
0404020143049202603
0404020143051202603
0404020178001202603
0404020178004202603
0404020178049202603
0404020178051202603
0404020178059202603
0404020208001202603
0404020208004202603
0404020208049202603
0404020208051202603
0404020224001202603
0404020224004202603
0404020224049202603
0404020224051202603
0404020232001202603
0404020232004202603
0404020232049202603
0404020232051202603
0404020240001202603
0404020240004202603
0404020240049202603
0404020240051202603
0404020275001202603
0404020275004202603
0404020275049202603
0404020275051202603
0404020291001202603
0404020291004202603
0404020291049202603
0404020291051202603
0404020313001202603
0404020313004202603
0404020313020202603
0404020313049202603
0404020313051202603
0404020313059202603
0404020321001202603
0404020321004202603
0404020321049202603
0404020321051202603
0404020348001202603
0404020348004202603
0404020348049202603
0404020348051202603
0404020348059202603
0404020356001202603
0404020356004202603
0404020356049202603
0404020356051202603
0404020356059202603
0404020380001202603
0404020380004202603
0404020380049202603
0404020380051202603
0404020399001202603
0404020399004202603
0404020399049202603
0404020399051202603
0404020429001202603
0404020429004202603
0404020429049202603
0404020429051202603
0404020429059202603
0404020445020202603
0404020453001202603
0404020453004202603
0404020453049202603
0404020453051202603
0404020461001202603
0404020461004202603
0404020461049202603
0404020461051202603
0404020470001202603
0404020470004202603
0404020470049202603
0404020470051202603
0404020470059202603
0404020488004202603
0404020488020202603
0404020488049202603
0404020488051202603
0404020488059202603
0404020496001202603
0404020496004202603
0404020496049202603
0404020496051202603
0404020500001202603
0404020500004202603
0404020500049202603
0404020500051202603
0404020518001202603
0404020518004202603
0404020518049202603
0404020518051202603
0404020526001202603
0404020526004202603
0404020526049202603
0404020526051202603
0404020526059202603
0404020534001202603
0404020534004202603
0404020534049202603
0404020534051202603
0404020542001202603
0404020542004202603
0404020542049202603
0404020550004202603
0404020550049202603
0404020550051202603
0404020569001202603
0404020569004202603
0404020569049202603
0404020569051202603
0404020577004202603
0404020577020202603
0404020585004202603
0404020585051202603
0404020585059202603
0404020593004202603
0404020593051202603
0404020593059202603
0404020607004202603
0404020607051202603
0404020607059202603
0404020615020202603
0404020623020202603
0404020631020202603
0404020640001202603
0404020640004202603
0404020640049202603
0404020640051202603
0404020658001202603
0404020658004202603
0404020658049202603
0404020658051202603
0404020666001202603
0404020666004202603
0404020666049202603
0404020674020202603
0404020690001202603
0404020690004202603
0404020690049202603
0404020690051202603
0404020704001202603
0404020704004202603
0404020704049202603
0404020704051202603
0404020704059202603
0404020712001202603
0404020712004202603
0404020712049202603
0404020712051202603
0404020720001202603
0404020720004202603
0404020720049202603
0404020720051202603
0404020739001202603
0404020739004202603
0404020739049202603
0404020739051202603
0404020771001202603
0404020771004202603
0404020771049202603
0404020771051202603
0404020780001202603
0404020780004202603
0404020780049202603
0404020780051202603
0404020798001202603
0404020798004202603
0404020798049202603
0404030017001202603
0404030017004202603
0404030017049202603
0404030017051202603
0404030033001202603
0404030033049202603
0404030033051202603
0404030041001202603
0404030041004202603
0404030041049202603
0404030041051202603
0404030050001202603
0404030050049202603
0404030050051202603
0404030068001202603
0404030068049202603
0404030068051202603
0404030076001202603
0404030076004202603
0404030076049202603
0404030076051202603
0404030084001202603
0404030084004202603
0404030084049202603
0404030084051202603
0404030106001202603
0404030106004202603
0404030106049202603
0404030106051202603
0404030122001202603
0404030122004202603
0404030122049202603
0404030122051202603
0404030130001202603
0404030130004202603
0404030130049202603
0404030130051202603
0404030157001202603
0404030157004202603
0404030157049202603
0404030157051202603
0404030165001202603
0404030165004202603
0404030165049202603
0404030165051202603
0404030173001202603
0404030173004202603
0404030173049202603
0404030173051202603
0404030173059202603
0404030190001202603
0404030190004202603
0404030190049202603
0404030190051202603
0404030190059202603
0404030220001202603
0404030220004202603
0404030220049202603
0404030220051202603
0404030246001202603
0404030246004202603
0404030246049202603
0404030246051202603
0404030254001202603
0404030254004202603
0404030254049202603
0404030254051202603
0404030262001202603
0404030262004202603
0404030262049202603
0404030262051202603
0404030270001202603
0404030270004202603
0404030270049202603
0404030270051202603
0404030289001202603
0404030289004202603
0404030289049202603
0404030289051202603
0404030297001202603
0404030297004202603
0404030297049202603
0404030297051202603
0404030300001202603
0404030300004202603
0404030300049202603
0404030300051202603
0404030319001202603
0404030319004202603
0404030319049202603
0404030319051202603
0404030319059202603
0404030327001202603
0404030327004202603
0404030327049202603
0404030327051202603
0405010010004202603
0405010010051202603
0405010010052202603
0405010010059202603
0405010028004202603
0405010028051202603
0405010028052202603
0405010028059202603
0405010036004202603
0405010036051202603
0405010036052202603
0405010052001202603
0405010060001202603
0405010079051202603
0405010079052202603
0405010079059202603
0405010087001202603
0405010087004202603
0405010087049202603
0405010087051202603
0405010117001202603
0405010117004202603
0405010117049202603
0405010117051202603
0405010117052202603
0405010125004202603
0405010125051202603
0405010125052202603
0405010125059202603
0405010133001202603
0405010133004202603
0405010133049202603
0405010133051202603
0405010150001202603
0405010150004202603
0405010150049202603
0405010150051202603
0405010150059202603
0405010176004202603
0405020015004202603
0405020015051202603
0405020015052202603
0405020023004202603
0405020023051202603
0405020023052202603
0405030010001202603
0405030010004202603
0405030010049202603
0405030010051202603
0405030010059202603
0405030029004202603
0405030029049202603
0405030029051202603
0405030029059202603
0405030045001202603
0405030045052202603
0405030045059202603
0405030053001202603
0405030070001202603
0405030070004202603
0405030070049202603
0405030070051202603
0405030070052202603
0405030096004202603
0405030134001202603
0405030134049202603
0405030134051202603
0405030134052202603
0405030142051202603
0405030150001202603
0405030169004202603
0405030169051202603
0405030177004202603
0405030177051202603
0405030185004202603
0405030185051202603
0405030193001202603
0405030193004202603
0405030193049202603
0405030193051202603
0405030193052202603
0405030193059202603
0405030207004202603
0405040016004202603
0405040016051202603
0405040016052202603
0405040016059202603
0405040024004202603
0405040024006202603
0405040024051202603
0405040040004202603
0405040040049202603
0405040040051202603
0405040059004202603
0405040059049202603
0405040059051202603
0405040067004202603
0405040067049202603
0405040067051202603
0405040067052202603
0405040067059202603
0405040075004202603
0405040075049202603
0405040075051202603
0405040075052202603
0405040075059202603
0405040083001202603
0405040083004202603
0405040083006202603
0405040083049202603
0405040083051202603
0405040091001202603
0405040091004202603
0405040091006202603
0405040091049202603
0405040091051202603
0405040105001202603
0405040105004202603
0405040105049202603
0405040105051202603
0405040105052202603
0405040105059202603
0405040130001202603
0405040148001202603
0405040148004202603
0405040148006202603
0405040148049202603
0405040148051202603
0405040156001202603
0405040156004202603
0405040156049202603
0405040156051202603
0405040164001202603
0405040164004202603
0405040164049202603
0405040164051202603
0405040180001202603
0405040180004202603
0405040180049202603
0405040180051202603
0405040202004202603
0405040202051202603
0405040202052202603
0405040202059202603
0405040210051202603
0405040210052202603
0405040210059202603
0405050011004202603
0405050011051202603
0405050011052202603
0405050011059202603
0405050020001202603
0405050020052202603
0405050020059202603
0405050046004202603
0405050046051202603
0405050046052202603
0405050046059202603
0405050054004202603
0405050054051202603
0405050054052202603
0405050054059202603
0405050097001202603
0405050097004202603
0405050097049202603
0405050097051202603
0405050097052202603
0405050097059202603
0405050100001202603
0405050100004202603
0405050100049202603
0405050100051202603
0405050100052202603
0405050100059202603
0405050100060202603
0405050119001202603
0405050119004202603
0405050119049202603
0405050119051202603
0405050119052202603
0405050127001202603
0405050127052202603
0405050127059202603
0405050135001202603
0405050135004202603
0405050135049202603
0405050135051202603
0405050143001202603
0405050143004202603
0405050143049202603
0405050143051202603
0405050143052202603
0405050143059202603
0405050151001202603
0405050151004202603
0405050151049202603
0405050151051202603
0405050151052202603
0405050151059202603
0405050160001202603
0405050186001202603
0405050186004202603
0405050186006202603
0405050186049202603
0405050186051202603
0405050194001202603
0405050194052202603
0405050194059202603
0405050216004202603
0405050216051202603
0405050216052202603
0405050216059202603
0405050224004202603
0405050224051202603
0405050224052202603
0405050224059202603
0405050232001202603
0405050232004202603
0405050232049202603
0405050232051202603
0405050259001202603
0405050267001202603
0405050313001202603
0405050313004202603
0405050313049202603
0405050313051202603
0405050321004202603
0405050321051202603
0405050321052202603
0405050356001202603
0405050356004202603
0405050356049202603
0405050356051202603
0405050372001202603
0405050372049202603
0405050372051202603
0405050372052202603
0405050372059202603
0405050372060202603
0405050380001202603
0405050380004202603
0405050380049202603
0405050380051202603
0405050399004202603
0405050402001202603
0405050402049202603
0405050402051202603
0405050402059202603
0406010013001202603
0406010013004202603
0406010013006202603
0406010013042202603
0406010013049202603
0406010013051202603
0406010021001202603
0406010021004202603
0406010021006202603
0406010021049202603
0406010021051202603
0406010030001202603
0406010030004202603
0406010030006202603
0406010030049202603
0406010030051202603
0406010048001202603
0406010048004202603
0406010048006202603
0406010048049202603
0406010048051202603
0406010056001202603
0406010056004202603
0406010056006202603
0406010056049202603
0406010056051202603
0406010064001202603
0406010064004202603
0406010064006202603
0406010064049202603
0406010064051202603
0406010072001202603
0406010072004202603
0406010072006202603
0406010072042202603
0406010072049202603
0406010072051202603
0406010080001202603
0406010080004202603
0406010080006202603
0406010080049202603
0406010080051202603
0406010099001202603
0406010099004202603
0406010099006202603
0406010099049202603
0406010099051202603
0406010102001202603
0406010102004202603
0406010102049202603
0406010110001202603
0406010110004202603
0406010110049202603
0406010110051202603
0406010129017202603
0406010137001202603
0406010137004202603
0406010137006202603
0406010137049202603
0406010137051202603
0406010153001202603
0406010153004202603
0406010153006202603
0406010153042202603
0406010153049202603
0406010153051202603
0406010161001202603
0406010161004202603
0406010161006202603
0406010161042202603
0406010161049202603
0406010161051202603
0406010170001202603
0406010170004202603
0406010170006202603
0406010170042202603
0406010170049202603
0406010170051202603
0406010188001202603
0406010188004202603
0406010188006202603
0406010188049202603
0406010188051202603
0406010196001202603
0406010196004202603
0406010196006202603
0406010196049202603
0406010196051202603
0406010200001202603
0406010200004202603
0406010200006202603
0406010200049202603
0406010200051202603
0406010218001202603
0406010218004202603
0406010218006202603
0406010218042202603
0406010218049202603
0406010218051202603
0406010226001202603
0406010226004202603
0406010226006202603
0406010226042202603
0406010226049202603
0406010226051202603
0406010234001202603
0406010234004202603
0406010234006202603
0406010234049202603
0406010234051202603
0406010242001202603
0406010242004202603
0406010242006202603
0406010242049202603
0406010242051202603
0406010250001202603
0406010250004202603
0406010250006202603
0406010250042202603
0406010250049202603
0406010250051202603
0406010269001202603
0406010269004202603
0406010269006202603
0406010269042202603
0406010269049202603
0406010269051202603
0406010277001202603
0406010277004202603
0406010277006202603
0406010277042202603
0406010277049202603
0406010277051202603
0406010285001202603
0406010285004202603
0406010285006202603
0406010285042202603
0406010285049202603
0406010285051202603
0406010293001202603
0406010293004202603
0406010293006202603
0406010293049202603
0406010293051202603
0406010307001202603
0406010307004202603
0406010307006202603
0406010307049202603
0406010307051202603
0406010315001202603
0406010315004202603
0406010315006202603
0406010315049202603
0406010315051202603
0406010323001202603
0406010323004202603
0406010323006202603
0406010323049202603
0406010323051202603
0406010331001202603
0406010331004202603
0406010331006202603
0406010331042202603
0406010331049202603
0406010331051202603
0406010340001202603
0406010340004202603
0406010340006202603
0406010340049202603
0406010340051202603
0406010358001202603
0406010358004202603
0406010358006202603
0406010358049202603
0406010358051202603
0406010366001202603
0406010366004202603
0406010366006202603
0406010366042202603
0406010366049202603
0406010366051202603
0406010374001202603
0406010374004202603
0406010374006202603
0406010374042202603
0406010374049202603
0406010374051202603
0406010382001202603
0406010382004202603
0406010382006202603
0406010382049202603
0406010382051202603
0406010390001202603
0406010390004202603
0406010390006202603
0406010390042202603
0406010390049202603
0406010390051202603
0406010404001202603
0406010404004202603
0406010404006202603
0406010404049202603
0406010404051202603
0406010412001202603
0406010412004202603
0406010412049202603
0406010412051202603
0406010420001202603
0406010420004202603
0406010420006202603
0406010420042202603
0406010420049202603
0406010420051202603
0406010439001202603
0406010439004202603
0406010439006202603
0406010439049202603
0406010439051202603
0406010447001202603
0406010447004202603
0406010447006202603
0406010447042202603
0406010447049202603
0406010447051202603
0406010455001202603
0406010455004202603
0406010455006202603
0406010455049202603
0406010455051202603
0406010463001202603
0406010463004202603
0406010463006202603
0406010463042202603
0406010463049202603
0406010463051202603
0406010471001202603
0406010471004202603
0406010471006202603
0406010471042202603
0406010471051202603
0406010480001202603
0406010480004202603
0406010480006202603
0406010480049202603
0406010480051202603
0406010498001202603
0406010498004202603
0406010498006202603
0406010498042202603
0406010498049202603
0406010498051202603
0406010501001202603
0406010501004202603
0406010501006202603
0406010501049202603
0406010501051202603
0406010510001202603
0406010510004202603
0406010510049202603
0406010510051202603
0406010528001202603
0406010528004202603
0406010528006202603
0406010528049202603
0406010528051202603
0406010536001202603
0406010536004202603
0406010536006202603
0406010536049202603
0406010536051202603
0406010544001202603
0406010544004202603
0406010544006202603
0406010544049202603
0406010544051202603
0406010552001202603
0406010552004202603
0406010552006202603
0406010552049202603
0406010552051202603
0406010560004202603
0406010560006202603
0406010560017202603
0406010560049202603
0406010560051202603
0406010579001202603
0406010579004202603
0406010579017202603
0406010579049202603
0406010579051202603
0406010587001202603
0406010587004202603
0406010587006202603
0406010587017202603
0406010587049202603
0406010587051202603
0406010595001202603
0406010595004202603
0406010595017202603
0406010595049202603
0406010595051202603
0406010609001202603
0406010609004202603
0406010609017202603
0406010609049202603
0406010609051202603
0406010617001202603
0406010617004202603
0406010617017202603
0406010617049202603
0406010617051202603
0406010625001202603
0406010625004202603
0406010625006202603
0406010625017202603
0406010625049202603
0406010625051202603
0406010633001202603
0406010633004202603
0406010633006202603
0406010633017202603
0406010633049202603
0406010633051202603
0406010641001202603
0406010641004202603
0406010641006202603
0406010641017202603
0406010641049202603
0406010641051202603
0406010641058202603
0406010650001202603
0406010650004202603
0406010650006202603
0406010650017202603
0406010650049202603
0406010650051202603
0406010668001202603
0406010668004202603
0406010668006202603
0406010668017202603
0406010668049202603
0406010668051202603
0406010676001202603
0406010676004202603
0406010676006202603
0406010676017202603
0406010676049202603
0406010676051202603
0406010684004202603
0406010684017202603
0406010684051202603
0406010684059202603
0406010692001202603
0406010692004202603
0406010692006202603
0406010692049202603
0406010692051202603
0406010706001202603
0406010706004202603
0406010706049202603
0406010706051202603
0406010714001202603
0406010714004202603
0406010714006202603
0406010714049202603
0406010714051202603
0406010730001202603
0406010730004202603
0406010730006202603
0406010730049202603
0406010730051202603
0406010757001202603
0406010757004202603
0406010757006202603
0406010757049202603
0406010757051202603
0406010765001202603
0406010765004202603
0406010765006202603
0406010765049202603
0406010765051202603
0406010773004202603
0406010773049202603
0406010773051202603
0406010773059202603
0406010781001202603
0406010781004202603
0406010781042202603
0406010781049202603
0406010781051202603
0406010790004202603
0406010790049202603
0406010790051202603
0406010803001202603
0406010803004202603
0406010803006202603
0406010803049202603
0406010803051202603
0406010811001202603
0406010811004202603
0406010811006202603
0406010811049202603
0406010811051202603
0406010820001202603
0406010820004202603
0406010820006202603
0406010820049202603
0406010820051202603
0406010838001202603
0406010838004202603
0406010838006202603
0406010838049202603
0406010838051202603
0406010846001202603
0406010846004202603
0406010846006202603
0406010846049202603
0406010846051202603
0406010854004202603
0406010854049202603
0406010854051202603
0406010862004202603
0406010862006202603
0406010862049202603
0406010862051202603
0406010870004202603
0406010870049202603
0406010870051202603
0406010889001202603
0406010889004202603
0406010889006202603
0406010889049202603
0406010889051202603
0406010897001202603
0406010897004202603
0406010897006202603
0406010897049202603
0406010897051202603
0406010900001202603
0406010900004202603
0406010900049202603
0406010900051202603
0406010919004202603
0406010919006202603
0406010919051202603
0406010927001202603
0406010927004202603
0406010927006202603
0406010927049202603
0406010927051202603
0406010935001202603
0406010935004202603
0406010935006202603
0406010935049202603
0406010935051202603
0406010943001202603
0406010943004202603
0406010943006202603
0406010943049202603
0406010943051202603
0406010951001202603
0406010951004202603
0406010951006202603
0406010951049202603
0406010951051202603
0406010960004202603
0406010960049202603
0406010978004202603
0406010978049202603
0406010986001202603
0406010986004202603
0406010986006202603
0406010986049202603
0406010986051202603
0406010994001202603
0406010994004202603
0406010994006202603
0406010994049202603
0406010994051202603
0406011001004202603
0406011001049202603
0406011001051202603
0406011010004202603
0406011010049202603
0406011010051202603
0406011028004202603
0406011028049202603
0406011028051202603
0406011036004202603
0406011036049202603
0406011036051202603
0406011044004202603
0406011044049202603
0406011044051202603
0406011052004202603
0406011052049202603
0406011052051202603
0406011079004202603
0406011079049202603
0406011079051202603
0406011087004202603
0406011087049202603
0406011087051202603
0406011095004202603
0406011095049202603
0406011095051202603
0406011109004202603
0406011109006202603
0406011109049202603
0406011109051202603
0406011117004202603
0406011117049202603
0406011117051202603
0406011125004202603
0406011125006202603
0406011125049202603
0406011125051202603
0406011133004202603
0406011133006202603
0406011133049202603
0406011133051202603
0406011141004202603
0406011141049202603
0406011141051202603
0406011150004202603
0406011150049202603
0406011150051202603
0406011168004202603
0406011168049202603
0406011168051202603
0406011176004202603
0406011176049202603
0406011176051202603
0406011184004202603
0406011184049202603
0406011184051202603
0406011192004202603
0406011192049202603
0406011192051202603
0406011206001202603
0406011206004202603
0406011206006202603
0406011206049202603
0406011206051202603
0406011214001202603
0406011214004202603
0406011214006202603
0406011214042202603
0406011214049202603
0406011214051202603
0406011222001202603
0406011222004202603
0406011222006202603
0406011222042202603
0406011222049202603
0406011222051202603
0406011230001202603
0406011230004202603
0406011230006202603
0406011230049202603
0406011230051202603
0406011249001202603
0406011249004202603
0406011249006202603
0406011249049202603
0406011249051202603
0406011257001202603
0406011257004202603
0406011257049202603
0406011257051202603
0406011265001202603
0406011265004202603
0406011265006202603
0406011265042202603
0406011265049202603
0406011265051202603
0406011273001202603
0406011273004202603
0406011273006202603
0406011273042202603
0406011273049202603
0406011273051202603
0406011273058202603
0406011281001202603
0406011281004202603
0406011281006202603
0406011281042202603
0406011281049202603
0406011281051202603
0406011290001202603
0406011290004202603
0406011290006202603
0406011290042202603
0406011290049202603
0406011290051202603
0406011303001202603
0406011303004202603
0406011303006202603
0406011303042202603
0406011303049202603
0406011303051202603
0406011311001202603
0406011311004202603
0406011311006202603
0406011311042202603
0406011311049202603
0406011311051202603
0406011320001202603
0406011320004202603
0406011320006202603
0406011320042202603
0406011320049202603
0406011320051202603
0406011338001202603
0406011338004202603
0406011338006202603
0406011338042202603
0406011338049202603
0406011338051202603
0406011346001202603
0406011346004202603
0406011346006202603
0406011346042202603
0406011346049202603
0406011346051202603
0406011354001202603
0406011354004202603
0406011354006202603
0406011354042202603
0406011354049202603
0406011354051202603
0406011362001202603
0406011362004202603
0406011362006202603
0406011362042202603
0406011362049202603
0406011362051202603
0406011370001202603
0406011370004202603
0406011370006202603
0406011370042202603
0406011370049202603
0406011370051202603
0406011389001202603
0406011389004202603
0406011389006202603
0406011389042202603
0406011389049202603
0406011389051202603
0406011397001202603
0406011397004202603
0406011397006202603
0406011397042202603
0406011397049202603
0406011397051202603
0406011400001202603
0406011400004202603
0406011400006202603
0406011400042202603
0406011400049202603
0406011400051202603
0406011419001202603
0406011419004202603
0406011419006202603
0406011419042202603
0406011419049202603
0406011419051202603
0406011427001202603
0406011427004202603
0406011427006202603
0406011427042202603
0406011427049202603
0406011427051202603
0406011435001202603
0406011435004202603
0406011435006202603
0406011435042202603
0406011435049202603
0406011435051202603
0406011443001202603
0406011443004202603
0406011443006202603
0406011443042202603
0406011443049202603
0406011443051202603
0406011451001202603
0406011451004202603
0406011451006202603
0406011451042202603
0406011451049202603
0406011451051202603
0406011460001202603
0406011460004202603
0406011460006202603
0406011460042202603
0406011460049202603
0406011460051202603
0406011478001202603
0406011478004202603
0406011478006202603
0406011478042202603
0406011478049202603
0406011478051202603
0406011486001202603
0406011486004202603
0406011486006202603
0406011486042202603
0406011486049202603
0406011486051202603
0406011494001202603
0406011494004202603
0406011494006202603
0406011494042202603
0406011494049202603
0406011494051202603
0406011508001202603
0406011508004202603
0406011508006202603
0406011508042202603
0406011508049202603
0406011508051202603
0406011516001202603
0406011516004202603
0406011516006202603
0406011516042202603
0406011516049202603
0406011516051202603
0406020019001202603
0406020019004202603
0406020019049202603
0406020019051202603
0406020027001202603
0406020027004202603
0406020027049202603
0406020027051202603
0406020035001202603
0406020035004202603
0406020035049202603
0406020035051202603
0406020043001202603
0406020043004202603
0406020043049202603
0406020043051202603
0406020051001202603
0406020051004202603
0406020051006202603
0406020051049202603
0406020051051202603
0406020078001202603
0406020078004202603
0406020078017202603
0406020078049202603
0406020078051202603
0406020108001202603
0406020108004202603
0406020108049202603
0406020108051202603
0406020108059202603
0406020116001202603
0406020116004202603
0406020116049202603
0406020116051202603
0406020116059202603
0406020124001202603
0406020124004202603
0406020124049202603
0406020159001202603
0406020159049202603
0406020159051202603
0406020167001202603
0406020167004202603
0406020167049202603
0406020191001202603
0406020191004202603
0406020191049202603
0406020191051202603
0406020205001202603
0406020213001202603
0406020213004202603
0406020213049202603
0406020213051202603
0406020221001202603
0406020221004202603
0406020221049202603
0406020221051202603
0406020230001202603
0406020230004202603
0406020230049202603
0406020230051202603
0406020230059202603
0406020248001202603
0406020248004202603
0406020248049202603
0406020248051202603
0406020256001202603
0406020256004202603
0406020256049202603
0406020256051202603
0406020264001202603
0406020264004202603
0406020264049202603
0406020264051202603
0406020272001202603
0406020272004202603
0406020272049202603
0406020272051202603
0406020280001202603
0406020280004202603
0406020280049202603
0406020280051202603
0406020302001202603
0406020302004202603
0406020302049202603
0406020302051202603
0406020310001202603
0406020310004202603
0406020310049202603
0406020310051202603
0406020329001202603
0406020329004202603
0406020329049202603
0406020329051202603
0406020337001202603
0406020337004202603
0406020337049202603
0406020337051202603
0406020345001202603
0406020345004202603
0406020345049202603
0406020345051202603
0406020353001202603
0406020353004202603
0406020353049202603
0406020353051202603
0406020361001202603
0406020361004202603
0406020361049202603
0406020361051202603
0406020370001202603
0406020370004202603
0406020370049202603
0406020370051202603
0406020388001202603
0406020388004202603
0406020388049202603
0406020388051202603
0406020396001202603
0406020396004202603
0406020396049202603
0406020396051202603
0406020400001202603
0406020400004202603
0406020400049202603
0406020400051202603
0406020418001202603
0406020418004202603
0406020418049202603
0406020418051202603
0406020426001202603
0406020426004202603
0406020426049202603
0406020426051202603
0406020434001202603
0406020434004202603
0406020434049202603
0406020434051202603
0406020442001202603
0406020442004202603
0406020442049202603
0406020442051202603
0406020450001202603
0406020450004202603
0406020450049202603
0406020450051202603
0406020469001202603
0406020469004202603
0406020469049202603
0406020469051202603
0406020477001202603
0406020477004202603
0406020477049202603
0406020477051202603
0406020485001202603
0406020485004202603
0406020485049202603
0406020485051202603
0406020493001202603
0406020493004202603
0406020493049202603
0406020507001202603
0406020507004202603
0406020507049202603
0406020515001202603
0406020515004202603
0406020515049202603
0406020523001202603
0406020523004202603
0406020523049202603
0406020531001202603
0406020531004202603
0406020531049202603
0406020540001202603
0406020540004202603
0406020540049202603
0406020558001202603
0406020558004202603
0406020558049202603
0406020558051202603
0406020566001202603
0406020566004202603
0406020566049202603
0406020566051202603
0406020574001202603
0406020574004202603
0406020574049202603
0406020574051202603
0406020574059202603
0406020582001202603
0406020582004202603
0406020582006202603
0406020582049202603
0406020582051202603
0406020590001202603
0406020590004202603
0406020590049202603
0406020590051202603
0406020604001202603
0406020604004202603
0406020604049202603
0406020604051202603
0406020612001202603
0406020612017202603
0406020612049202603
0406030014001202603
0406030014004202603
0406030014006202603
0406030014049202603
0406030014051202603
0406030014052202603
0406030022001202603
0406030022004202603
0406030022006202603
0406030022049202603
0406030022051202603
0406030030001202603
0406030030004202603
0406030030006202603
0406030030049202603
0406030030051202603
0406030049001202603
0406030049004202603
0406030049006202603
0406030049049202603
0406030057001202603
0406030057004202603
0406030057006202603
0406030057049202603
0406030057051202603
0406030065001202603
0406030065004202603
0406030065006202603
0406030065049202603
0406030065051202603
0406030073001202603
0406030073006202603
0406030073049202603
0406030073051202603
0406030081001202603
0406030081006202603
0406030081049202603
0406030081051202603
0406030090001202603
0406030090004202603
0406030090006202603
0406030090049202603
0406030090051202603
0406030103001202603
0406030103004202603
0406030103006202603
0406030103049202603
0406030103051202603
0406030111001202603
0406030111006202603
0406030111049202603
0406030111051202603
0406030120001202603
0406030120006202603
0406030120049202603
0406030120051202603
0406030138001202603
0406030138004202603
0406030138006202603
0406030138049202603
0406030138051202603
0406030146001202603
0406030146006202603
0406030146049202603
0406030146051202603
0406030154001202603
0406030154004202603
0406030154006202603
0406030154049202603
0406030154051202603
0406030162001202603
0406030162004202603
0406030162006202603
0406030162049202603
0406040010004202603
0406040010049202603
0406040010051202603
0406040028001202603
0406040028004202603
0406040028006202603
0406040028049202603
0406040028051202603
0406040044001202603
0406040044004202603
0406040044006202603
0406040044049202603
0406040044051202603
0406040052001202603
0406040052004202603
0406040052006202603
0406040052049202603
0406040052051202603
0406040060001202603
0406040060004202603
0406040060006202603
0406040060049202603
0406040060051202603
0406040079004202603
0406040079049202603
0406040079051202603
0406040087001202603
0406040087004202603
0406040087006202603
0406040087049202603
0406040087051202603
0406040095001202603
0406040095004202603
0406040095006202603
0406040095049202603
0406040095051202603
0406040109004202603
0406040109006202603
0406040109049202603
0406040109051202603
0406040117004202603
0406040117049202603
0406040117051202603
0406040125004202603
0406040125006202603
0406040125049202603
0406040125051202603
0406040133001202603
0406040133004202603
0406040133006202603
0406040133049202603
0406040133051202603
0406040141004202603
0406040141006202603
0406040141017202603
0406040141049202603
0406040141051202603
0406040150001202603
0406040150004202603
0406040150006202603
0406040150049202603
0406040150051202603
0406040168001202603
0406040168004202603
0406040168006202603
0406040168049202603
0406040168051202603
0406040176001202603
0406040176004202603
0406040176006202603
0406040176049202603
0406040176051202603
0406040184001202603
0406040184004202603
0406040184049202603
0406040184051202603
0406040192001202603
0406040192004202603
0406040192049202603
0406040192051202603
0406040206001202603
0406040206004202603
0406040206049202603
0406040206051202603
0406040214001202603
0406040214004202603
0406040214049202603
0406040214051202603
0406040222001202603
0406040222004202603
0406040222049202603
0406040222051202603
0406040230001202603
0406040230004202603
0406040230049202603
0406040249001202603
0406040249004202603
0406040249049202603
0406040257001202603
0406040257004202603
0406040257049202603
0406040265001202603
0406040265004202603
0406040265006202603
0406040265049202603
0406040265051202603
0406040273001202603
0406040273004202603
0406040273049202603
0406040273051202603
0406040281001202603
0406040281004202603
0406040281049202603
0406040281051202603
0406040290001202603
0406040290004202603
0406040290049202603
0406040290051202603
0406040303001202603
0406040303004202603
0406040303049202603
0406040303051202603
0406040311001202603
0406040311004202603
0406040311049202603
0406040311051202603
0406040320001202603
0406040320004202603
0406040320049202603
0406040320051202603
0406040338001202603
0406040338004202603
0406040338049202603
0406040338051202603
0406050015004202603
0406050015006202603
0406050015049202603
0406050015051202603
0406050023004202603
0406050023006202603
0406050023049202603
0406050023051202603
0406050031004202603
0406050031006202603
0406050031049202603
0406050031051202603
0406050040001202603
0406050040004202603
0406050040006202603
0406050040049202603
0406050040051202603
0406050058004202603
0406050058006202603
0406050058049202603
0406050058051202603
0406050066004202603
0406050066006202603
0406050066049202603
0406050066051202603
0406050074004202603
0406050074006202603
0406050074049202603
0406050074051202603
0406050082004202603
0406050082006202603
0406050082049202603
0406050082051202603
0406050090001202603
0406050090004202603
0406050090049202603
0406050090051202603
0406050104004202603
0406050104006202603
0406050104049202603
0406050104051202603
0406050112001202603
0406050112004202603
0406050112006202603
0406050112049202603
0406050112051202603
0406050120004202603
0406050120006202603
0406050120049202603
0406050120051202603
0406050139004202603
0406050139006202603
0406050139049202603
0406050139051202603
0407010017001202603
0407010017004202603
0407010017049202603
0407010017051202603
0407010033001202603
0407010033004202603
0407010033049202603
0407010033051202603
0407010041001202603
0407010041004202603
0407010041049202603
0407010041051202603
0407010050001202603
0407010050004202603
0407010050049202603
0407010050051202603
0407010068001202603
0407010068004202603
0407010068049202603
0407010068051202603
0407010076001202603
0407010076004202603
0407010076049202603
0407010076051202603
0407010084001202603
0407010084004202603
0407010084049202603
0407010084051202603
0407010092001202603
0407010092004202603
0407010092049202603
0407010092051202603
0407010106001202603
0407010106004202603
0407010106049202603
0407010106051202603
0407010114001202603
0407010114004202603
0407010114049202603
0407010114051202603
0407010122001202603
0407010122004202603
0407010122017202603
0407010122049202603
0407010122051202603
0407010130001202603
0407010130004202603
0407010130049202603
0407010130051202603
0407010149001202603
0407010149004202603
0407010149049202603
0407010149051202603
0407010157001202603
0407010157004202603
0407010157049202603
0407010157051202603
0407010165001202603
0407010165004202603
0407010165049202603
0407010165051202603
0407010165059202603
0407010173001202603
0407010173004202603
0407010173017202603
0407010173049202603
0407010173051202603
0407010181001202603
0407010181004202603
0407010181017202603
0407010181049202603
0407010181051202603
0407010190001202603
0407010190004202603
0407010190049202603
0407010203001202603
0407010203004202603
0407010203049202603
0407010211001202603
0407010211004202603
0407010211049202603
0407010211051202603
0407010211059202603
0407010220001202603
0407010220004202603
0407010220049202603
0407010220051202603
0407010220059202603
0407010238001202603
0407010238004202603
0407010238049202603
0407010238051202603
0407010238059202603
0407010270001202603
0407010270004202603
0407010270049202603
0407010270051202603
0407010289001202603
0407010289004202603
0407010289049202603
0407010289051202603
0407010297001202603
0407010297004202603
0407010297049202603
0407010297051202603
0407010300001202603
0407010300004202603
0407010300049202603
0407010300051202603
0407010319001202603
0407010335001202603
0407010335004202603
0407010335049202603
0407010335051202603
0407010343001202603
0407010343004202603
0407010343049202603
0407010343051202603
0407010343059202603
0407010351001202603
0407010351004202603
0407010351049202603
0407010351051202603
0407010360001202603
0407010360004202603
0407010360017202603
0407010360049202603
0407010360051202603
0407010378001202603
0407010378004202603
0407010378049202603
0407010378051202603
0407010386001202603
0407010386004202603
0407010386049202603
0407010386051202603
0407020012001202603
0407020012004202603
0407020012049202603
0407020012051202603
0407020020001202603
0407020020004202603
0407020020049202603
0407020020051202603
0407020039001202603
0407020039004202603
0407020039049202603
0407020047001202603
0407020047004202603
0407020047049202603
0407020055001202603
0407020063001202603
0407020063004202603
0407020063049202603
0407020063051202603
0407020071001202603
0407020071004202603
0407020071049202603
0407020071051202603
0407020080001202603
0407020080004202603
0407020080049202603
0407020080051202603
0407020098001202603
0407020098004202603
0407020098049202603
0407020101001202603
0407020101004202603
0407020101049202603
0407020110001202603
0407020110004202603
0407020110049202603
0407020110051202603
0407020110059202603
0407020136001202603
0407020136004202603
0407020136049202603
0407020144001202603
0407020144004202603
0407020144049202603
0407020144051202603
0407020152001202603
0407020152004202603
0407020152049202603
0407020152051202603
0407020179001202603
0407020179004202603
0407020179049202603
0407020179051202603
0407020187001202603
0407020187004202603
0407020187049202603
0407020187051202603
0407020187059202603
0407020195001202603
0407020195004202603
0407020195049202603
0407020195051202603
0407020195059202603
0407020209001202603
0407020209004202603
0407020209049202603
0407020217001202603
0407020217004202603
0407020217049202603
0407020217051202603
0407020217059202603
0407020225001202603
0407020225004202603
0407020225049202603
0407020225051202603
0407020225052202603
0407020225059202603
0407020233001202603
0407020233004202603
0407020233049202603
0407020233051202603
0407020241001202603
0407020241004202603
0407020241049202603
0407020241051202603
0407020241059202603
0407020250001202603
0407020250004202603
0407020250049202603
0407020250051202603
0407020250059202603
0407020268001202603
0407020268004202603
0407020268049202603
0407020268051202603
0407020268059202603
0407020276001202603
0407020276004202603
0407020276049202603
0407020276051202603
0407020276059202603
0407020284001202603
0407020284004202603
0407020284049202603
0407020284051202603
0407020284059202603
0407020292001202603
0407020292004202603
0407020292049202603
0407020292051202603
0407020306001202603
0407020306004202603
0407020306049202603
0407020322001202603
0407020322004202603
0407020322049202603
0407020322051202603
0407020330001202603
0407020330004202603
0407020330049202603
0407020330051202603
0407020349001202603
0407020349004202603
0407020349049202603
0407020349051202603
0407020357001202603
0407020357004202603
0407020357049202603
0407020357051202603
0407020357059202603
0407020365001202603
0407020365004202603
0407020365049202603
0407020381001202603
0407020381004202603
0407020381049202603
0407020403001202603
0407020403004202603
0407020403049202603
0407020403051202603
0407020411001202603
0407020411004202603
0407020411049202603
0407020411051202603
0407020420001202603
0407020420004202603
0407020420049202603
0407020420051202603
0407020438001202603
0407020438004202603
0407020438049202603
0407020438051202603
0407020446001202603
0407020446004202603
0407020446049202603
0407020454001202603
0407020454004202603
0407020454049202603
0407020454051202603
0407020462001202603
0407020462004202603
0407020462049202603
0407020462051202603
0407020470001202603
0407020470004202603
0407020470049202603
0407020470051202603
0407030018001202603
0407030018004202603
0407030018049202603
0407030018051202603
0407030026001202603
0407030026004202603
0407030026049202603
0407030026051202603
0407030034001202603
0407030034004202603
0407030034049202603
0407030034051202603
0407030034059202603
0407030042001202603
0407030042004202603
0407030042049202603
0407030042051202603
0407030042059202603
0407030050001202603
0407030050004202603
0407030050049202603
0407030050051202603
0407030069001202603
0407030069004202603
0407030069049202603
0407030069051202603
0407030077001202603
0407030077004202603
0407030077049202603
0407030077051202603
0407030085009202603
0407030093009202603
0407030107009202603
0407030115009202603
0407030123001202603
0407030123004202603
0407030123049202603
0407030123051202603
0407030131001202603
0407030131004202603
0407030131049202603
0407030131051202603
0407030140001202603
0407030140004202603
0407030140049202603
0407030158001202603
0407030158004202603
0407030158049202603
0407030166001202603
0407030166004202603
0407030166049202603
0407030166051202603
0407030174001202603
0407030174004202603
0407030174049202603
0407030174051202603
0407030182001202603
0407030182004202603
0407030182049202603
0407030182051202603
0407030190001202603
0407030190004202603
0407030190049202603
0407030190051202603
0407030204001202603
0407030204004202603
0407030204049202603
0407030204051202603
0407030212001202603
0407030212004202603
0407030212049202603
0407030212051202603
0407030220001202603
0407030220004202603
0407030220049202603
0407030220051202603
0407030239009202603
0407030247001202603
0407030247004202603
0407030247049202603
0407030247051202603
0407030247059202603
0407030255001202603
0407030255004202603
0407030255049202603
0407030255051202603
0407040013001202603
0407040013004202603
0407040013049202603
0407040021001202603
0407040021004202603
0407040021049202603
0407040030001202603
0407040030004202603
0407040030049202603
0407040048001202603
0407040048004202603
0407040048049202603
0407040048051202603
0407040048059202603
0407040056001202603
0407040056004202603
0407040056049202603
0407040056051202603
0407040056059202603
0407040064001202603
0407040064004202603
0407040064049202603
0407040064051202603
0407040064059202603
0407040072001202603
0407040072004202603
0407040072049202603
0407040072051202603
0407040072059202603
0407040080001202603
0407040080004202603
0407040080049202603
0407040080051202603
0407040080059202603
0407040099001202603
0407040099004202603
0407040099049202603
0407040099051202603
0407040099059202603
0407040102001202603
0407040102004202603
0407040102049202603
0407040102051202603
0407040102059202603
0407040110001202603
0407040110004202603
0407040110049202603
0407040110051202603
0407040110059202603
0407040129001202603
0407040129004202603
0407040129049202603
0407040129051202603
0407040129059202603
0407040137001202603
0407040137004202603
0407040137049202603
0407040137051202603
0407040145001202603
0407040145004202603
0407040145049202603
0407040153001202603
0407040153004202603
0407040153049202603
0407040153051202603
0407040153059202603
0407040161001202603
0407040161004202603
0407040161049202603
0407040161051202603
0407040170001202603
0407040170004202603
0407040170049202603
0407040170051202603
0407040170059202603
0407040188001202603
0407040188004202603
0407040188049202603
0407040200001202603
0407040200004202603
0407040200049202603
0407040200051202603
0407040218005202603
0407040226001202603
0407040226004202603
0407040226049202603
0407040226051202603
0407040226059202603
0407040234001202603
0407040234004202603
0407040234049202603
0407040234051202603
0407040242001202603
0407040242004202603
0407040242049202603
0407040250001202603
0407040250004202603
0407040250049202603
0407040269001202603
0407040269004202603
0407040269049202603
0407040269051202603
0408010010001202603
0408010010004202603
0408010010006202603
0408010010049202603
0408010010051202603
0408010029001202603
0408010029004202603
0408010029049202603
0408010029051202603
0408010037001202603
0408010037004202603
0408010037006202603
0408010037049202603
0408010037051202603
0408010045001202603
0408010045004202603
0408010045049202603
0408010045051202603
0408010053001202603
0408010053004202603
0408010053006202603
0408010053049202603
0408010053051202603
0408010061001202603
0408010061004202603
0408010061049202603
0408010061051202603
0408010070001202603
0408010070004202603
0408010070049202603
0408010070051202603
0408010088001202603
0408010088004202603
0408010088006202603
0408010088049202603
0408010088051202603
0408010096001202603
0408010096004202603
0408010096049202603
0408010096051202603
0408010100001202603
0408010100004202603
0408010100049202603
0408010100051202603
0408010118001202603
0408010118004202603
0408010118049202603
0408010118051202603
0408010118059202603
0408010134001202603
0408010134004202603
0408010134049202603
0408010142001202603
0408010142004202603
0408010142049202603
0408010142051202603
0408010150001202603
0408010150004202603
0408010150049202603
0408010169001202603
0408010169004202603
0408010169049202603
0408010177001202603
0408010177004202603
0408010177049202603
0408010185001202603
0408010185004202603
0408010185049202603
0408010185051202603
0408010185059202603
0408010193001202603
0408010193004202603
0408010193049202603
0408010193051202603
0408010193059202603
0408010207001202603
0408010207004202603
0408010207049202603
0408010207051202603
0408010207059202603
0408010215001202603
0408010215004202603
0408010215049202603
0408010215051202603
0408010223001202603
0408010223004202603
0408010223049202603
0408010223051202603
0408010231001202603
0408010231049202603
0408010231051202603
0408020016001202603
0408020016004202603
0408020016049202603
0408020024001202603
0408020024004202603
0408020024049202603
0408020032001202603
0408020032004202603
0408020032049202603
0408020032051202603
0408020040001202603
0408020040004202603
0408020040049202603
0408020040051202603
0408020040059202603
0408020059001202603
0408020059004202603
0408020059049202603
0408020059051202603
0408020067001202603
0408020067004202603
0408020067049202603
0408020067051202603
0408020075001202603
0408020075004202603
0408020075049202603
0408020075051202603
0408020083001202603
0408020083004202603
0408020083006202603
0408020083049202603
0408020083051202603
0408020091001202603
0408020091004202603
0408020091049202603
0408020091051202603
0408020105001202603
0408020105004202603
0408020105049202603
0408020121001202603
0408020121004202603
0408020121049202603
0408020121051202603
0408020121059202603
0408020130001202603
0408020130004202603
0408020130049202603
0408020130051202603
0408020130059202603
0408020148001202603
0408020148004202603
0408020148049202603
0408020148051202603
0408020148059202603
0408020156004202603
0408020164004202603
0408020172004202603
0408020180004202603
0408020199004202603
0408020202004202603
0408020210004202603
0408020229004202603
0408020245001202603
0408020245004202603
0408020245049202603
0408020253001202603
0408020253004202603
0408020253049202603
0408020261001202603
0408020261004202603
0408020261049202603
0408020270001202603
0408020270004202603
0408020270049202603
0408020288001202603
0408020288004202603
0408020288006202603
0408020288049202603
0408020296001202603
0408020296004202603
0408020296049202603
0408020300001202603
0408020300004202603
0408020300049202603
0408020318001202603
0408020318004202603
0408020318049202603
0408020326001202603
0408020326004202603
0408020326049202603
0408020334001202603
0408020334004202603
0408020334049202603
0408020342001202603
0408020342004202603
0408020342049202603
0408020350001202603
0408020350004202603
0408020350049202603
0408020369001202603
0408020369004202603
0408020369049202603
0408020377001202603
0408020377004202603
0408020377049202603
0408020385001202603
0408020385004202603
0408020385049202603
0408020393001202603
0408020393004202603
0408020393049202603
0408020407001202603
0408020407004202603
0408020407049202603
0408020415001202603
0408020415004202603
0408020415049202603
0408020423001202603
0408020423004202603
0408020423049202603
0408020431001202603
0408020431004202603
0408020431049202603
0408020440001202603
0408020440004202603
0408020440049202603
0408020458001202603
0408020458004202603
0408020458049202603
0408020466001202603
0408020466004202603
0408020466049202603
0408020474001202603
0408020474004202603
0408020474049202603
0408020474051202603
0408020474059202603
0408020482001202603
0408020482004202603
0408020482049202603
0408020482051202603
0408020482059202603
0408020490001202603
0408020490004202603
0408020490049202603
0408020490051202603
0408020490059202603
0408020504001202603
0408020504004202603
0408020504049202603
0408020504051202603
0408020512001202603
0408020512004202603
0408020512049202603
0408020520001202603
0408020520004202603
0408020520049202603
0408020539001202603
0408020539004202603
0408020539049202603
0408020547001202603
0408020547004202603
0408020547049202603
0408020555001202603
0408020555004202603
0408020555049202603
0408020555051202603
0408020555059202603
0408020563001202603
0408020563004202603
0408020563049202603
0408020563051202603
0408020571001202603
0408020571004202603
0408020571049202603
0408020571051202603
0408020580001202603
0408020580004202603
0408020580049202603
0408020580051202603
0408020580059202603
0408020598001202603
0408020598004202603
0408020598051202603
0408020601001202603
0408020601004202603
0408020601049202603
0408020601051202603
0408020601059202603
0408020610001202603
0408020610004202603
0408020610049202603
0408020610051202603
0408020610059202603
0408020628001202603
0408020628004202603
0408020628049202603
0408020628051202603
0408020636001202603
0408020636004202603
0408020636049202603
0408020636051202603
0408020636059202603
0408020644001202603
0408020644004202603
0408020644049202603
0408020644051202603
0408030011001202603
0408030011004202603
0408030011006202603
0408030011049202603
0408030011051202603
0408030020001202603
0408030020004202603
0408030020006202603
0408030020049202603
0408030020051202603
0408030038001202603
0408030038004202603
0408030038006202603
0408030038049202603
0408030038051202603
0408030046001202603
0408030046004202603
0408030046006202603
0408030046049202603
0408030046051202603
0408030054001202603
0408030054004202603
0408030054006202603
0408030054049202603
0408030054051202603
0408030062001202603
0408030062004202603
0408030062006202603
0408030062049202603
0408030062051202603
0408030070001202603
0408030070004202603
0408030070006202603
0408030070049202603
0408030070051202603
0408030089001202603
0408030089004202603
0408030089006202603
0408030089049202603
0408030089051202603
0408030097001202603
0408030097004202603
0408030097006202603
0408030097049202603
0408030097051202603
0408030100001202603
0408030100004202603
0408030100006202603
0408030100049202603
0408030100051202603
0408030119001202603
0408030119004202603
0408030119006202603
0408030119049202603
0408030119051202603
0408030127001202603
0408030127004202603
0408030127006202603
0408030127049202603
0408030127051202603
0408030135001202603
0408030135004202603
0408030135006202603
0408030135049202603
0408030135051202603
0408030143001202603
0408030143004202603
0408030143006202603
0408030143049202603
0408030143051202603
0408030151001202603
0408030151004202603
0408030151006202603
0408030151049202603
0408030151051202603
0408030160001202603
0408030160004202603
0408030160006202603
0408030160049202603
0408030160051202603
0408030178001202603
0408030178004202603
0408030178006202603
0408030178049202603
0408030178051202603
0408030186001202603
0408030186004202603
0408030186006202603
0408030186049202603
0408030186051202603
0408030194001202603
0408030194004202603
0408030194006202603
0408030194049202603
0408030194051202603
0408030208001202603
0408030208004202603
0408030208006202603
0408030208049202603
0408030208051202603
0408030216001202603
0408030216004202603
0408030216006202603
0408030216049202603
0408030216051202603
0408030224001202603
0408030224004202603
0408030224006202603
0408030224049202603
0408030224051202603
0408030232001202603
0408030232004202603
0408030232006202603
0408030232049202603
0408030232051202603
0408030240001202603
0408030240004202603
0408030240006202603
0408030240049202603
0408030240051202603
0408030259001202603
0408030259004202603
0408030259006202603
0408030259049202603
0408030259051202603
0408030267001202603
0408030267004202603
0408030267006202603
0408030267049202603
0408030267051202603
0408030275001202603
0408030275004202603
0408030275006202603
0408030275049202603
0408030275051202603
0408030283001202603
0408030283004202603
0408030283006202603
0408030283049202603
0408030283051202603
0408030291001202603
0408030291004202603
0408030291006202603
0408030291049202603
0408030291051202603
0408030305001202603
0408030305004202603
0408030305006202603
0408030305049202603
0408030305051202603
0408030313001202603
0408030313004202603
0408030313006202603
0408030313049202603
0408030313051202603
0408030321001202603
0408030321004202603
0408030321006202603
0408030321049202603
0408030321051202603
0408030330001202603
0408030330004202603
0408030330006202603
0408030330049202603
0408030330051202603
0408030348001202603
0408030348004202603
0408030348049202603
0408030348051202603
0408030356001202603
0408030356004202603
0408030356006202603
0408030356049202603
0408030356051202603
0408030364001202603
0408030364004202603
0408030364006202603
0408030364049202603
0408030364051202603
0408030372001202603
0408030372004202603
0408030372006202603
0408030372049202603
0408030372051202603
0408030380001202603
0408030380004202603
0408030380006202603
0408030380049202603
0408030380051202603
0408030399001202603
0408030399004202603
0408030399049202603
0408030399051202603
0408030402001202603
0408030402004202603
0408030402049202603
0408030402051202603
0408030410001202603
0408030410004202603
0408030410006202603
0408030410049202603
0408030410051202603
0408030429001202603
0408030429004202603
0408030429006202603
0408030429049202603
0408030429051202603
0408030437001202603
0408030437004202603
0408030437049202603
0408030437051202603
0408030445001202603
0408030445004202603
0408030445049202603
0408030445051202603
0408030453001202603
0408030453004202603
0408030453006202603
0408030453049202603
0408030453051202603
0408030461001202603
0408030461004202603
0408030461006202603
0408030461049202603
0408030461051202603
0408030470001202603
0408030470004202603
0408030470049202603
0408030500001202603
0408030500004202603
0408030500006202603
0408030500049202603
0408030500051202603
0408030518001202603
0408030518004202603
0408030518006202603
0408030518049202603
0408030518051202603
0408030526001202603
0408030526004202603
0408030526049202603
0408030526051202603
0408030526059202603
0408030534001202603
0408030534004202603
0408030534049202603
0408030534051202603
0408030542001202603
0408030542004202603
0408030542049202603
0408030542051202603
0408030550001202603
0408030550004202603
0408030550006202603
0408030550049202603
0408030550051202603
0408030569001202603
0408030569004202603
0408030569006202603
0408030569049202603
0408030569051202603
0408030577001202603
0408030577004202603
0408030577006202603
0408030577049202603
0408030577051202603
0408030585001202603
0408030585004202603
0408030585006202603
0408030585049202603
0408030585051202603
0408030593001202603
0408030593004202603
0408030593006202603
0408030593049202603
0408030593051202603
0408030607001202603
0408030607004202603
0408030607049202603
0408030607051202603
0408030615001202603
0408030615004202603
0408030615006202603
0408030615049202603
0408030615051202603
0408030623001202603
0408030623004202603
0408030623006202603
0408030623049202603
0408030623051202603
0408030631001202603
0408030631004202603
0408030631006202603
0408030631049202603
0408030631051202603
0408030640001202603
0408030640004202603
0408030640006202603
0408030640049202603
0408030640051202603
0408030658001202603
0408030658004202603
0408030658006202603
0408030658049202603
0408030658051202603
0408030666001202603
0408030666004202603
0408030666006202603
0408030666049202603
0408030666051202603
0408030674001202603
0408030674004202603
0408030674006202603
0408030674049202603
0408030674051202603
0408030682001202603
0408030682004202603
0408030682006202603
0408030682049202603
0408030682051202603
0408030690001202603
0408030690004202603
0408030690006202603
0408030690049202603
0408030690051202603
0408030704001202603
0408030704004202603
0408030704006202603
0408030704049202603
0408030704051202603
0408030712001202603
0408030712004202603
0408030712006202603
0408030712049202603
0408030712051202603
0408030720001202603
0408030720004202603
0408030720006202603
0408030720049202603
0408030720051202603
0408030739001202603
0408030739004202603
0408030739006202603
0408030739049202603
0408030739051202603
0408030747001202603
0408030747004202603
0408030747006202603
0408030747049202603
0408030747051202603
0408030755001202603
0408030755004202603
0408030755049202603
0408030755051202603
0408030763001202603
0408030763004202603
0408030763006202603
0408030763049202603
0408030763051202603
0408030771001202603
0408030771004202603
0408030771006202603
0408030771049202603
0408030771051202603
0408030780001202603
0408030780004202603
0408030780006202603
0408030780049202603
0408030780051202603
0408030798001202603
0408030798004202603
0408030798006202603
0408030798049202603
0408030798051202603
0408030801001202603
0408030801004202603
0408030801006202603
0408030801049202603
0408030801051202603
0408030810001202603
0408030810004202603
0408030810006202603
0408030810049202603
0408030810051202603
0408030828001202603
0408030828004202603
0408030828006202603
0408030828049202603
0408030828051202603
0408030836001202603
0408030836004202603
0408030836006202603
0408030836049202603
0408030836051202603
0408030844001202603
0408030844004202603
0408030844006202603
0408030844049202603
0408030844051202603
0408030852001202603
0408030852004202603
0408030852006202603
0408030852049202603
0408030852051202603
0408030860001202603
0408030860004202603
0408030860006202603
0408030860049202603
0408030860051202603
0408030879001202603
0408030879004202603
0408030879006202603
0408030879049202603
0408030879051202603
0408030887001202603
0408030887004202603
0408030887006202603
0408030887049202603
0408030887051202603
0408030895001202603
0408030895004202603
0408030895006202603
0408030895049202603
0408030895051202603
0408030909001202603
0408030909004202603
0408030909006202603
0408030909049202603
0408030909051202603
0408030917001202603
0408030917004202603
0408030917006202603
0408030917049202603
0408030917051202603
0408040017001202603
0408040017004202603
0408040017049202603
0408040017051202603
0408040025001202603
0408040025004202603
0408040025049202603
0408040025051202603
0408040033001202603
0408040033004202603
0408040033049202603
0408040033051202603
0408040041001202603
0408040041004202603
0408040041006202603
0408040041049202603
0408040041051202603
0408040050001202603
0408040050004202603
0408040050049202603
0408040050051202603
0408040068001202603
0408040068004202603
0408040068006202603
0408040068049202603
0408040068051202603
0408040076001202603
0408040076004202603
0408040076006202603
0408040076049202603
0408040076051202603
0408040084001202603
0408040084004202603
0408040084049202603
0408040084051202603
0408040092001202603
0408040092004202603
0408040092006202603
0408040092049202603
0408040092051202603
0408040106001202603
0408040106004202603
0408040106049202603
0408040114001202603
0408040114004202603
0408040114006202603
0408040114049202603
0408040122001202603
0408040122004202603
0408040122049202603
0408040122051202603
0408040122059202603
0408040130001202603
0408040130004202603
0408040130049202603
0408040130051202603
0408040130059202603
0408040149001202603
0408040149004202603
0408040149049202603
0408040149051202603
0408040157001202603
0408040157004202603
0408040157006202603
0408040157049202603
0408040157051202603
0408040165001202603
0408040165004202603
0408040165049202603
0408040165051202603
0408040173001202603
0408040173004202603
0408040173049202603
0408040173051202603
0408040181001202603
0408040181004202603
0408040181049202603
0408040181051202603
0408040181059202603
0408040190001202603
0408040190004202603
0408040190049202603
0408040203001202603
0408040203004202603
0408040203049202603
0408040220001202603
0408040220006202603
0408040220049202603
0408040220051202603
0408040238001202603
0408040238004202603
0408040238049202603
0408040246001202603
0408040246004202603
0408040246049202603
0408040254001202603
0408040254004202603
0408040254006202603
0408040254049202603
0408040262001202603
0408040262004202603
0408040262049202603
0408040262051202603
0408040270001202603
0408040270004202603
0408040270049202603
0408040289001202603
0408040289004202603
0408040289006202603
0408040289049202603
0408040297001202603
0408040297004202603
0408040297049202603
0408040300001202603
0408040300004202603
0408040300049202603
0408040319001202603
0408040319004202603
0408040319006202603
0408040319049202603
0408040327001202603
0408040327004202603
0408040327049202603
0408040327051202603
0408040335001202603
0408040335004202603
0408040335049202603
0408040343001202603
0408040343004202603
0408040343049202603
0408050012001202603
0408050012004202603
0408050012049202603
0408050020001202603
0408050020004202603
0408050020049202603
0408050039001202603
0408050039004202603
0408050039049202603
0408050039051202603
0408050047001202603
0408050047004202603
0408050047006202603
0408050047049202603
0408050047051202603
0408050055001202603
0408050055004202603
0408050055006202603
0408050055049202603
0408050055051202603
0408050063001202603
0408050063004202603
0408050063006202603
0408050063049202603
0408050063051202603
0408050071001202603
0408050071004202603
0408050071006202603
0408050071049202603
0408050071051202603
0408050080001202603
0408050080004202603
0408050080049202603
0408050101001202603
0408050101004202603
0408050101049202603
0408050101051202603
0408050101059202603
0408050110001202603
0408050110004202603
0408050110049202603
0408050110051202603
0408050128001202603
0408050128004202603
0408050128049202603
0408050128051202603
0408050128059202603
0408050136001202603
0408050136004202603
0408050136049202603
0408050136051202603
0408050144001202603
0408050144004202603
0408050144049202603
0408050144051202603
0408050144059202603
0408050152001202603
0408050152004202603
0408050152049202603
0408050152051202603
0408050152059202603
0408050160001202603
0408050160004202603
0408050160049202603
0408050160051202603
0408050179001202603
0408050179004202603
0408050179049202603
0408050179051202603
0408050195004202603
0408050209004202603
0408050217004202603
0408050225004202603
0408050233004202603
0408050241004202603
0408050250004202603
0408050268001202603
0408050268004202603
0408050268049202603
0408050276001202603
0408050276004202603
0408050276049202603
0408050284001202603
0408050284004202603
0408050284049202603
0408050292001202603
0408050292004202603
0408050292049202603
0408050306001202603
0408050306004202603
0408050306049202603
0408050314001202603
0408050314004202603
0408050314049202603
0408050322001202603
0408050322004202603
0408050322049202603
0408050322051202603
0408050322059202603
0408050330001202603
0408050330004202603
0408050330049202603
0408050330051202603
0408050330052202603
0408050330059202603
0408050349001202603
0408050349004202603
0408050349049202603
0408050349051202603
0408050349059202603
0408050357001202603
0408050357004202603
0408050357049202603
0408050357051202603
0408050357059202603
0408050365001202603
0408050365004202603
0408050365049202603
0408050365051202603
0408050365059202603
0408050373001202603
0408050373004202603
0408050373049202603
0408050373051202603
0408050373059202603
0408050381001202603
0408050381004202603
0408050381049202603
0408050381051202603
0408050390001202603
0408050390004202603
0408050390049202603
0408050390051202603
0408050390059202603
0408050403001202603
0408050403004202603
0408050403049202603
0408050403051202603
0408050411001202603
0408050411004202603
0408050411049202603
0408050411051202603
0408050420001202603
0408050420004202603
0408050420049202603
0408050420051202603
0408050438001202603
0408050438004202603
0408050438049202603
0408050438051202603
0408050446001202603
0408050446004202603
0408050446049202603
0408050446051202603
0408050446059202603
0408050454001202603
0408050454004202603
0408050454049202603
0408050462001202603
0408050462004202603
0408050462049202603
0408050470001202603
0408050470004202603
0408050470049202603
0408050489001202603
0408050489004202603
0408050489049202603
0408050497001202603
0408050497004202603
0408050497049202603
0408050500001202603
0408050500004202603
0408050500049202603
0408050519001202603
0408050519004202603
0408050519049202603
0408050527001202603
0408050527004202603
0408050527049202603
0408050535001202603
0408050535004202603
0408050535049202603
0408050543001202603
0408050543004202603
0408050543049202603
0408050551001202603
0408050551004202603
0408050551049202603
0408050560001202603
0408050560004202603
0408050560049202603
0408050578001202603
0408050578004202603
0408050578049202603
0408050586001202603
0408050586004202603
0408050586049202603
0408050594001202603
0408050594004202603
0408050594049202603
0408050608001202603
0408050608004202603
0408050608049202603
0408050616001202603
0408050616004202603
0408050616049202603
0408050624001202603
0408050624004202603
0408050624049202603
0408050632001202603
0408050632004202603
0408050632049202603
0408050640001202603
0408050640004202603
0408050640049202603
0408050640051202603
0408050640059202603
0408050659001202603
0408050659004202603
0408050659049202603
0408050659051202603
0408050659059202603
0408050667001202603
0408050667004202603
0408050667049202603
0408050667051202603
0408050675001202603
0408050675004202603
0408050675049202603
0408050675051202603
0408050683001202603
0408050683004202603
0408050683049202603
0408050691001202603
0408050691004202603
0408050691049202603
0408050705001202603
0408050705004202603
0408050705049202603
0408050713001202603
0408050713004202603
0408050713049202603
0408050721001202603
0408050721004202603
0408050721049202603
0408050721051202603
0408050730001202603
0408050730004202603
0408050730049202603
0408050730051202603
0408050748001202603
0408050748004202603
0408050748049202603
0408050748051202603
0408050756001202603
0408050756004202603
0408050756006202603
0408050756049202603
0408050756051202603
0408050764001202603
0408050764004202603
0408050764049202603
0408050764051202603
0408050764059202603
0408050772001202603
0408050772004202603
0408050772049202603
0408050772051202603
0408050780001202603
0408050780004202603
0408050780049202603
0408050780051202603
0408050780059202603
0408050799001202603
0408050799004202603
0408050799049202603
0408050799051202603
0408050802001202603
0408050802004202603
0408050802049202603
0408050802051202603
0408050810001202603
0408050810004202603
0408050810049202603
0408050810051202603
0408050829001202603
0408050829004202603
0408050829049202603
0408050829051202603
0408050829059202603
0408050837001202603
0408050837004202603
0408050837049202603
0408050837051202603
0408050845001202603
0408050845004202603
0408050845049202603
0408050845051202603
0408050845059202603
0408050853001202603
0408050853004202603
0408050853006202603
0408050853049202603
0408050853051202603
0408050861001202603
0408050861004202603
0408050861049202603
0408050861051202603
0408050861059202603
0408050870001202603
0408050870004202603
0408050870049202603
0408050870051202603
0408050888001202603
0408050888004202603
0408050888049202603
0408050888051202603
0408050888059202603
0408050896001202603
0408050896004202603
0408050896049202603
0408050896051202603
0408050900001202603
0408050900004202603
0408050900049202603
0408050900051202603
0408050900059202603
0408050918001202603
0408050918004202603
0408050918049202603
0408050918051202603
0408050918059202603
0408050926001202603
0408050926004202603
0408050926049202603
0408050926051202603
0408050926059202603
0408060018001202603
0408060018004202603
0408060018049202603
0408060018051202603
0408060018059202603
0408060026001202603
0408060026004202603
0408060026006202603
0408060026049202603
0408060026051202603
0408060034001202603
0408060034004202603
0408060034006202603
0408060034049202603
0408060034051202603
0408060042001202603
0408060042004202603
0408060042049202603
0408060050001202603
0408060050004202603
0408060050049202603
0408060050051202603
0408060069001202603
0408060069004202603
0408060069049202603
0408060069051202603
0408060077001202603
0408060077004202603
0408060077049202603
0408060077051202603
0408060077059202603
0408060085001202603
0408060085004202603
0408060085049202603
0408060085051202603
0408060085052202603
0408060085059202603
0408060093001202603
0408060093004202603
0408060093049202603
0408060093051202603
0408060107001202603
0408060107004202603
0408060107049202603
0408060107051202603
0408060115001202603
0408060115004202603
0408060115049202603
0408060115051202603
0408060123001202603
0408060123004202603
0408060123049202603
0408060123051202603
0408060123059202603
0408060131001202603
0408060131004202603
0408060131049202603
0408060131051202603
0408060140001202603
0408060140004202603
0408060140049202603
0408060140051202603
0408060140059202603
0408060158001202603
0408060158004202603
0408060158049202603
0408060158051202603
0408060158059202603
0408060166001202603
0408060166049202603
0408060166051202603
0408060166059202603
0408060174001202603
0408060174004202603
0408060174049202603
0408060174051202603
0408060174059202603
0408060182001202603
0408060182004202603
0408060182049202603
0408060182051202603
0408060182059202603
0408060190001202603
0408060190004202603
0408060190049202603
0408060190051202603
0408060190059202603
0408060204001202603
0408060204004202603
0408060204049202603
0408060204051202603
0408060204059202603
0408060212001202603
0408060212004202603
0408060212049202603
0408060212051202603
0408060212052202603
0408060212059202603
0408060239001202603
0408060239004202603
0408060239006202603
0408060239049202603
0408060239051202603
0408060247001202603
0408060247004202603
0408060247049202603
0408060247051202603
0408060255001202603
0408060255004202603
0408060255006202603
0408060255049202603
0408060255051202603
0408060263001202603
0408060263004202603
0408060263006202603
0408060263049202603
0408060263051202603
0408060271001202603
0408060271004202603
0408060271049202603
0408060271051202603
0408060280001202603
0408060280004202603
0408060280049202603
0408060280051202603
0408060298001202603
0408060298004202603
0408060298006202603
0408060298049202603
0408060298051202603
0408060301001202603
0408060301004202603
0408060301049202603
0408060301051202603
0408060301052202603
0408060301059202603
0408060310001202603
0408060310004202603
0408060310049202603
0408060310051202603
0408060310059202603
0408060328001202603
0408060328049202603
0408060328051202603
0408060328059202603
0408060336001202603
0408060336004202603
0408060336049202603
0408060336051202603
0408060336059202603
0408060344001202603
0408060344004202603
0408060344049202603
0408060344051202603
0408060344059202603
0408060352001202603
0408060352004202603
0408060352049202603
0408060352051202603
0408060352059202603
0408060360001202603
0408060360004202603
0408060360049202603
0408060360051202603
0408060379001202603
0408060379004202603
0408060379049202603
0408060379051202603
0408060379059202603
0408060387001202603
0408060387004202603
0408060387049202603
0408060387051202603
0408060395001202603
0408060395049202603
0408060395051202603
0408060409001202603
0408060409004202603
0408060409049202603
0408060409051202603
0408060409052202603
0408060409059202603
0408060417001202603
0408060417004202603
0408060417049202603
0408060417051202603
0408060417059202603
0408060425001202603
0408060425004202603
0408060425049202603
0408060425051202603
0408060425052202603
0408060425059202603
0408060433001202603
0408060433004202603
0408060433049202603
0408060433051202603
0408060433059202603
0408060441001202603
0408060441004202603
0408060441049202603
0408060441051202603
0408060441059202603
0408060450001202603
0408060450004202603
0408060450049202603
0408060450051202603
0408060450052202603
0408060450059202603
0408060468001202603
0408060468004202603
0408060468049202603
0408060468051202603
0408060468059202603
0408060476001202603
0408060476004202603
0408060476049202603
0408060476051202603
0408060476059202603
0408060484001202603
0408060484004202603
0408060484049202603
0408060484051202603
0408060484059202603
0408060492001202603
0408060492004202603
0408060492006202603
0408060492049202603
0408060492051202603
0408060506001202603
0408060506004202603
0408060506006202603
0408060506049202603
0408060506051202603
0408060514001202603
0408060514004202603
0408060514006202603
0408060514049202603
0408060514051202603
0408060522001202603
0408060522004202603
0408060522006202603
0408060522049202603
0408060522051202603
0408060530001202603
0408060530004202603
0408060530049202603
0408060530051202603
0408060549001202603
0408060549049202603
0408060549051202603
0408060549059202603
0408060557001202603
0408060557004202603
0408060557049202603
0408060565001202603
0408060565004202603
0408060565049202603
0408060573001202603
0408060573004202603
0408060573049202603
0408060573051202603
0408060573059202603
0408060581001202603
0408060581004202603
0408060581049202603
0408060581051202603
0408060581059202603
0408060590001202603
0408060590004202603
0408060590049202603
0408060590051202603
0408060590059202603
0408060603001202603
0408060603004202603
0408060603049202603
0408060603051202603
0408060603059202603
0408060611001202603
0408060611004202603
0408060611049202603
0408060620001202603
0408060620004202603
0408060620049202603
0408060638001202603
0408060638004202603
0408060638049202603
0408060646001202603
0408060646004202603
0408060646006202603
0408060646049202603
0408060646051202603
0408060662001202603
0408060662004202603
0408060662049202603
0408060662051202603
0408060670001202603
0408060670004202603
0408060670049202603
0408060670051202603
0408060670059202603
0408060697001202603
0408060697004202603
0408060697049202603
0408060697051202603
0408060700001202603
0408060700004202603
0408060700049202603
0408060700051202603
0408060700059202603
0409010014001202603
0409010014004202603
0409010014049202603
0409010014051202603
0409010022001202603
0409010022004202603
0409010022049202603
0409010022051202603
0409010030001202603
0409010030004202603
0409010030049202603
0409010030051202603
0409010049001202603
0409010049004202603
0409010049049202603
0409010049051202603
0409010057001202603
0409010057004202603
0409010057049202603
0409010057051202603
0409010057059202603
0409010065001202603
0409010065004202603
0409010065049202603
0409010065051202603
0409010065059202603
0409010073001202603
0409010073004202603
0409010073049202603
0409010073051202603
0409010073059202603
0409010081001202603
0409010081004202603
0409010081049202603
0409010090001202603
0409010090004202603
0409010090049202603
0409010090051202603
0409010090059202603
0409010103001202603
0409010103009202603
0409010111001202603
0409010111009202603
0409010120001202603
0409010120004202603
0409010120049202603
0409010120051202603
0409010120059202603
0409010138001202603
0409010138004202603
0409010138049202603
0409010146001202603
0409010146004202603
0409010146049202603
0409010146051202603
0409010146059202603
0409010154001202603
0409010162001202603
0409010170001202603
0409010170004202603
0409010170017202603
0409010170049202603
0409010170051202603
0409010170052202603
0409010170059202603
0409010189001202603
0409010189004202603
0409010189049202603
0409010189051202603
0409010197001202603
0409010197004202603
0409010197049202603
0409010197051202603
0409010200001202603
0409010200004202603
0409010200049202603
0409010200051202603
0409010219001202603
0409010219004202603
0409010219049202603
0409010219051202603
0409010227001202603
0409010227004202603
0409010227049202603
0409010227051202603
0409010235001202603
0409010235004202603
0409010235049202603
0409010235051202603
0409010243001202603
0409010243004202603
0409010243049202603
0409010243051202603
0409010243059202603
0409010251001202603
0409010251004202603
0409010251049202603
0409010251051202603
0409010251059202603
0409010260001202603
0409010260004202603
0409010260049202603
0409010278001202603
0409010286001202603
0409010286004202603
0409010286049202603
0409010286051202603
0409010286059202603
0409010294001202603
0409010294004202603
0409010294049202603
0409010294051202603
0409010294052202603
0409010294059202603
0409010308001202603
0409010308004202603
0409010308049202603
0409010308051202603
0409010316001202603
0409010316004202603
0409010316049202603
0409010316051202603
0409010316059202603
0409010324001202603
0409010324004202603
0409010324049202603
0409010324051202603
0409010332001202603
0409010332004202603
0409010332049202603
0409010332051202603
0409010332059202603
0409010340001202603
0409010340004202603
0409010340049202603
0409010340051202603
0409010340059202603
0409010367001202603
0409010367004202603
0409010367049202603
0409010367051202603
0409010367059202603
0409010375001202603
0409010375004202603
0409010375049202603
0409010375051202603
0409010375059202603
0409010383001202603
0409010383004202603
0409010383049202603
0409010383051202603
0409010383052202603
0409010391001202603
0409010391004202603
0409010391049202603
0409010391051202603
0409010391059202603
0409010405001202603
0409010405004202603
0409010405049202603
0409010405051202603
0409010413001202603
0409010413004202603
0409010413049202603
0409010413051202603
0409010421001202603
0409010421009202603
0409010430001202603
0409010430004202603
0409010430049202603
0409010430051202603
0409010448001202603
0409010456001202603
0409010456004202603
0409010456049202603
0409010456051202603
0409010464001202603
0409010464004202603
0409010464049202603
0409010464051202603
0409010472001202603
0409010472004202603
0409010472049202603
0409010472051202603
0409010480001202603
0409010480004202603
0409010480049202603
0409010480051202603
0409010480059202603
0409010499001202603
0409010499004202603
0409010499049202603
0409010499051202603
0409010502001202603
0409010502004202603
0409010502049202603
0409010502051202603
0409010510001202603
0409010510004202603
0409010510049202603
0409010510051202603
0409010510059202603
0409010529001202603
0409010529004202603
0409010529049202603
0409010529051202603
0409010537001202603
0409010537004202603
0409010537049202603
0409010537051202603
0409010545001202603
0409010545004202603
0409010545049202603
0409010545051202603
0409010553001202603
0409010553004202603
0409010553049202603
0409010553051202603
0409010561001202603
0409010561004202603
0409010561049202603
0409010561051202603
0409010561059202603
0409010570001202603
0409010570004202603
0409010570049202603
0409010570051202603
0409010570059202603
0409010588001202603
0409010588004202603
0409010588049202603
0409010588051202603
0409010588059202603
0409010596001202603
0409010596004202603
0409010596049202603
0409010596051202603
0409020010001202603
0409020010004202603
0409020010049202603
0409020028001202603
0409020028004202603
0409020028049202603
0409020044001202603
0409020044004202603
0409020044049202603
0409020044051202603
0409020052001202603
0409020052004202603
0409020052049202603
0409020052051202603
0409020052059202603
0409020060001202603
0409020079001202603
0409020079004202603
0409020079049202603
0409020079051202603
0409020079052202603
0409020079059202603
0409020087001202603
0409020087004202603
0409020087049202603
0409020087051202603
0409020087059202603
0409020095001202603
0409020095004202603
0409020095049202603
0409020095051202603
0409020095059202603
0409020109001202603
0409020109004202603
0409020109049202603
0409020109051202603
0409020117001202603
0409020125001202603
0409020125004202603
0409020125049202603
0409020125051202603
0409020133001202603
0409020133004202603
0409020133049202603
0409020133051202603
0409020133059202603
0409020141001202603
0409020141004202603
0409020141049202603
0409020141051202603
0409020141059202603
0409020150001202603
0409020150004202603
0409020150049202603
0409020168001202603
0409020168004202603
0409020168049202603
0409020168051202603
0409020168059202603
0409020176001202603
0409020176049202603
0409020176051202603
0409020176052202603
0409020184001202603
0409030015001202603
0409030015004202603
0409030015049202603
0409030023001202603
0409030023004202603
0409030023049202603
0409030023051202603
0409030031001202603
0409030031004202603
0409030031049202603
0409030031051202603
0409030040001202603
0409030040004202603
0409030040049202603
0409030040051202603
0409040010001202603
0409040010004202603
0409040010049202603
0409040037001202603
0409040037004202603
0409040037049202603
0409040037051202603
0409040037059202603
0409040045001202603
0409040045004202603
0409040045049202603
0409040045051202603
0409040045059202603
0409040053001202603
0409040053004202603
0409040053049202603
0409040053051202603
0409040053059202603
0409040070001202603
0409040070004202603
0409040070049202603
0409040070051202603
0409040070052202603
0409040070059202603
0409040088001202603
0409040088004202603
0409040088049202603
0409040088051202603
0409040088052202603
0409040088059202603
0409040096001202603
0409040096004202603
0409040096049202603
0409040096051202603
0409040096059202603
0409040100001202603
0409040118001202603
0409040118004202603
0409040118049202603
0409040118051202603
0409040118059202603
0409040126001202603
0409040126004202603
0409040126049202603
0409040126051202603
0409040126059202603
0409040134001202603
0409040134004202603
0409040134049202603
0409040134051202603
0409040134059202603
0409040142001202603
0409040142004202603
0409040142049202603
0409040142051202603
0409040142052202603
0409040142059202603
0409040150001202603
0409040150004202603
0409040150049202603
0409040150051202603
0409040150059202603
0409040169001202603
0409040169004202603
0409040169049202603
0409040169051202603
0409040169052202603
0409040169059202603
0409040177001202603
0409040177004202603
0409040177049202603
0409040177051202603
0409040185001202603
0409040185004202603
0409040185049202603
0409040185051202603
0409040185059202603
0409040193001202603
0409040193004202603
0409040193049202603
0409040193051202603
0409040193059202603
0409040207001202603
0409040207004202603
0409040207049202603
0409040207051202603
0409040215001202603
0409040215004202603
0409040215049202603
0409040215051202603
0409040215052202603
0409040215059202603
0409040223001202603
0409040223004202603
0409040223049202603
0409040231001202603
0409040231004202603
0409040231049202603
0409040231051202603
0409040231059202603
0409040240004202603
0409040240049202603
0409040240051202603
0409040240052202603
0409040240059202603
0409050016001202603
0409050016004202603
0409050016049202603
0409050016051202603
0409050024001202603
0409050024004202603
0409050024049202603
0409050024051202603
0409050032001202603
0409050032004202603
0409050032049202603
0409050032051202603
0409050040001202603
0409050040004202603
0409050040049202603
0409050040051202603
0409050059001202603
0409050067001202603
0409050075001202603
0409050075004202603
0409050075049202603
0409050075051202603
0409050083001202603
0409050083004202603
0409050083049202603
0409050083052202603
0409050083059202603
0409050091001202603
0409050091004202603
0409050091049202603
0409050091051202603
0409050105001202603
0409050105004202603
0409050105049202603
0409050105051202603
0409050113001202603
0409050113004202603
0409050113049202603
0409050130001202603
0409050130004202603
0409050130049202603
0409050130051202603
0409050148001202603
0409050148004202603
0409050148049202603
0409050148051202603
0409050164001202603
0409050164004202603
0409060011001202603
0409060011004202603
0409060011042202603
0409060011049202603
0409060011051202603
0409060011052202603
0409060011059202603
0409060020001202603
0409060020004202603
0409060020049202603
0409060020051202603
0409060020059202603
0409060038001202603
0409060038004202603
0409060038049202603
0409060038051202603
0409060038059202603
0409060046001202603
0409060046004202603
0409060046049202603
0409060046051202603
0409060046052202603
0409060046059202603
0409060054001202603
0409060054004202603
0409060054049202603
0409060054051202603
0409060054059202603
0409060062001202603
0409060070001202603
0409060070042202603
0409060070049202603
0409060089001202603
0409060089053202603
0409060089058202603
0409060089060202603
0409060097001202603
0409060100001202603
0409060100004202603
0409060100049202603
0409060100051202603
0409060100059202603
0409060119001202603
0409060119004202603
0409060119049202603
0409060119051202603
0409060119059202603
0409060127001202603
0409060127004202603
0409060127049202603
0409060127051202603
0409060127059202603
0409060135001202603
0409060135004202603
0409060135049202603
0409060135051202603
0409060135059202603
0409060143001202603
0409060143004202603
0409060143049202603
0409060143051202603
0409060143059202603
0409060151001202603
0409060151004202603
0409060151049202603
0409060151051202603
0409060151059202603
0409060160001202603
0409060160004202603
0409060160049202603
0409060178001202603
0409060178004202603
0409060178049202603
0409060178051202603
0409060178052202603
0409060178059202603
0409060186001202603
0409060186004202603
0409060186049202603
0409060186051202603
0409060186059202603
0409060194001202603
0409060194004202603
0409060194049202603
0409060194051202603
0409060194059202603
0409060208001202603
0409060208004202603
0409060208049202603
0409060208051202603
0409060216001202603
0409060216004202603
0409060216049202603
0409060216051202603
0409060216059202603
0409060224001202603
0409060224004202603
0409060224049202603
0409060224051202603
0409060232001202603
0409060232049202603
0409060232051202603
0409060240001202603
0409060240049202603
0409060240051202603
0409060259001202603
0409060259004202603
0409060259049202603
0409060259051202603
0409060267001202603
0409060267049202603
0409060267051202603
0409060275001202603
0409060275049202603
0409060275051202603
0409060283001202603
0409060283004202603
0409060283049202603
0409060283051202603
0409060291001202603
0409060291004202603
0409060291049202603
0409060291051202603
0409060305001202603
0409060305053202603
0409060305058202603
0409060305060202603
0409060313001202603
0409060313004202603
0409060313049202603
0409070017001202603
0409070017004202603
0409070017049202603
0409070017051202603
0409070017059202603
0409070025001202603
0409070025004202603
0409070025049202603
0409070025051202603
0409070033001202603
0409070033004202603
0409070033049202603
0409070033051202603
0409070033059202603
0409070041001202603
0409070041004202603
0409070041049202603
0409070041051202603
0409070041059202603
0409070050001202603
0409070050004202603
0409070050049202603
0409070050051202603
0409070050059202603
0409070068001202603
0409070068004202603
0409070068049202603
0409070068051202603
0409070068059202603
0409070076001202603
0409070076004202603
0409070076049202603
0409070076051202603
0409070076059202603
0409070084001202603
0409070084004202603
0409070084049202603
0409070084051202603
0409070084059202603
0409070092001202603
0409070092049202603
0409070106001202603
0409070106004202603
0409070106049202603
0409070106051202603
0409070106059202603
0409070114001202603
0409070114004202603
0409070114049202603
0409070114051202603
0409070130001202603
0409070130049202603
0409070130051202603
0409070130059202603
0409070149001202603
0409070149049202603
0409070149051202603
0409070149052202603
0409070149059202603
0409070149060202603
0409070157001202603
0409070157049202603
0409070157051202603
0409070157052202603
0409070157059202603
0409070157060202603
0409070173001202603
0409070190001202603
0409070190049202603
0409070190051202603
0409070190059202603
0409070190060202603
0409070203001202603
0409070203004202603
0409070203049202603
0409070203051202603
0409070211001202603
0409070211004202603
0409070211049202603
0409070211051202603
0409070220001202603
0409070220049202603
0409070220051202603
0409070220059202603
0409070238001202603
0409070238004202603
0409070238049202603
0409070238051202603
0409070246001202603
0409070246004202603
0409070246049202603
0409070246051202603
0409070254001202603
0409070254004202603
0409070254049202603
0409070254051202603
0409070262001202603
0409070262004202603
0409070262049202603
0409070262051202603
0409070262059202603
0409070270001202603
0409070270004202603
0409070270049202603
0409070270051202603
0409070289001202603
0409070289004202603
0409070289049202603
0409070289051202603
0409070289059202603
0409070297001202603
0409070297004202603
0409070297049202603
0409070297051202603
0409070300001202603
0409070300004202603
0409070300049202603
0409070300051202603
0409070319001202603
0409070319004202603
0409070319051202603
0410010014001202603
0410010014004202603
0410010014049202603
0410010057001202603
0410010057004202603
0410010057049202603
0410010057051202603
0410010065001202603
0410010065004202603
0410010065049202603
0410010065051202603
0410010065059202603
0410010073001202603
0410010073004202603
0410010073049202603
0410010073051202603
0410010081001202603
0410010081004202603
0410010081049202603
0410010081051202603
0410010081059202603
0410010090001202603
0410010090004202603
0410010090049202603
0410010090051202603
0410010111004202603
0410010111049202603
0410010111051202603
0410010111059202603
0410010120001202603
0410010120004202603
0410010120049202603
0410010120051202603
0410010120059202603
0410010138001202603
0410010138004202603
0410010138009202603
0410010138049202603
0410010146001202603
0410010146004202603
0410010146009202603
0410010146049202603
0410010154001202603
0410010154004202603
0410010154009202603
0410010154049202603
0410010162001202603
0410010162004202603
0410010162009202603
0410010162049202603
0410010197001202603
0410010197004202603
0410010197049202603
0410010197051202603
0410010200001202603
0410010200004202603
0410010200049202603
0410010200051202603
0410010219001202603
0410010219006202603
0410010219009202603
0410010219049202603
0411010018001202603
0411010018042202603
0411010018049202603
0411010026004202603
0411010026042202603
0411010026049202603
0411010034004202603
0411010034042202603
0411010034049202603
0411010042004202603
0411010042049202603
0411010050001202603
0411010050004202603
0411010050042202603
0411010050049202603
0411010077001202603
0411010077004202603
0411010077042202603
0411010077049202603
0411010085001202603
0411010085004202603
0411010085042202603
0411010085049202603
0411020013001202603
0411020013004202603
0411020013042202603
0411020013049202603
0411020021001202603
0411020021004202603
0411020021042202603
0411020021049202603
0411020030001202603
0411020030004202603
0411020030042202603
0411020030049202603
0411020048001202603
0411020048004202603
0411020048042202603
0411020048049202603
0412010011001202603
0412010011004202603
0412010011049202603
0412010011051202603
0412010020001202603
0412010020004202603
0412010020049202603
0412010020051202603
0412010038001202603
0412010038004202603
0412010038049202603
0412010038051202603
0412010046001202603
0412010046004202603
0412010046049202603
0412010046051202603
0412010070001202603
0412010070004202603
0412010070049202603
0412010070051202603
0412010089001202603
0412010089004202603
0412010089049202603
0412010089051202603
0412010097001202603
0412010097004202603
0412010097049202603
0412010097051202603
0412010100001202603
0412010100004202603
0412010100049202603
0412010100051202603
0412010119001202603
0412010119004202603
0412010119049202603
0412010119051202603
0412010119059202603
0412010127001202603
0412010127049202603
0412010135001202603
0412010135004202603
0412010135049202603
0412010135051202603
0412010143001202603
0412010143004202603
0412010143049202603
0412010143051202603
0412020017001202603
0412020017004202603
0412020017049202603
0412020017051202603
0412020025001202603
0412020025004202603
0412020025049202603
0412020025051202603
0412020033001202603
0412020033004202603
0412020033049202603
0412020050001202603
0412020050004202603
0412020050049202603
0412020050051202603
0412020068001202603
0412020068004202603
0412020068049202603
0412020068051202603
0412020076001202603
0412020076004202603
0412020076049202603
0412020076051202603
0412020084001202603
0412020084004202603
0412020084049202603
0412030012001202603
0412030012004202603
0412030012049202603
0412030012051202603
0412030047001202603
0412030047004202603
0412030047049202603
0412030047051202603
0412030047059202603
0412030080001202603
0412030080004202603
0412030080049202603
0412030080051202603
0412030098001202603
0412030098004202603
0412030098049202603
0412030101001202603
0412030101004202603
0412030101049202603
0412030110001202603
0412030110004202603
0412030110049202603
0412030110051202603
0412040018001202603
0412040018004202603
0412040018049202603
0412040018051202603
0412040018059202603
0412040026001202603
0412040026004202603
0412040026049202603
0412040026051202603
0412040034001202603
0412040034004202603
0412040034049202603
0412040034051202603
0412040042001202603
0412040042004202603
0412040042049202603
0412040042051202603
0412040050001202603
0412040050004202603
0412040050049202603
0412040050051202603
0412040069001202603
0412040069004202603
0412040069049202603
0412040069051202603
0412040085001202603
0412040085004202603
0412040085049202603
0412040107001202603
0412040107004202603
0412040107049202603
0412040107051202603
0412040115001202603
0412040115004202603
0412040115049202603
0412040115051202603
0412040123001202603
0412040123004202603
0412040123049202603
0412040123051202603
0412040131001202603
0412040131004202603
0412040131049202603
0412040131051202603
0412040158001202603
0412040158004202603
0412040158049202603
0412040158051202603
0412040166004202603
0412040166049202603
0412040174001202603
0412040174004202603
0412040174006202603
0412040174049202603
0412040174051202603
0412040182001202603
0412040182004202603
0412040182049202603
0412040182051202603
0412040190001202603
0412040190004202603
0412040190049202603
0412040204001202603
0412040204004202603
0412040204049202603
0412040212001202603
0412040212004202603
0412040212049202603
0412040212051202603
0412040220001202603
0412040220004202603
0412040220049202603
0412040220051202603
0412050013001202603
0412050013004202603
0412050013049202603
0412050013051202603
0412050030001202603
0412050030004202603
0412050030049202603
0412050030051202603
0412050048001202603
0412050048004202603
0412050048049202603
0412050048051202603
0412050064001202603
0412050064004202603
0412050064049202603
0412050064051202603
0412050072001202603
0412050072004202603
0412050072049202603
0412050072051202603
0412050080001202603
0412050080004202603
0412050080049202603
0412050102001202603
0412050102004202603
0412050102049202603
0412050102051202603
0412050110001202603
0412050110004202603
0412050110049202603
0412050110051202603
0412050137001202603
0412050137004202603
0412050137049202603
0412050137051202603
0412050145001202603
0412050145004202603
0412050145049202603
0412050145051202603
0412050153001202603
0412050153004202603
0412050153049202603
0412050153051202603
0412050161001202603
0412050161004202603
0412050161049202603
0412050161051202603
0413010023009202603
0413010066004202603
0413010066049202603
0413010082004202603
0413010082049202603
0413010090001202603
0413010090004202603
0413010090049202603
0413030016001202603
0413030016004202603
0413030016049202603
0413030016051202603
0413030024001202603
0413030024004202603
0413030024049202603
0413030024051202603
0413030032001202603
0413030032004202603
0413030032049202603
0413030032051202603
0413030040001202603
0413030040009202603
0413030040052202603
0413030059001202603
0413030059004202603
0413030059049202603
0413030059051202603
0413030067001202603
0413030067004202603
0413030067049202603
0413030067051202603
0413030075001202603
0413030075004202603
0413030075049202603
0413030075051202603
0413030083001202603
0413030083004202603
0413030083049202603
0413030083051202603
0413040020001202603
0413040020004202603
0413040020049202603
0413040020051202603
0413040038001202603
0413040038004202603
0413040038049202603
0413040038051202603
0413040046001202603
0413040046004202603
0413040046049202603
0413040046051202603
0413040054001202603
0413040054004202603
0413040054049202603
0413040054051202603
0413040062001202603
0413040062004202603
0413040062049202603
0413040062051202603
0413040070001202603
0413040070004202603
0413040070049202603
0413040070051202603
0413040089001202603
0413040089004202603
0413040089049202603
0413040089051202603
0413040097001202603
0413040097004202603
0413040097049202603
0413040097051202603
0413040097059202603
0413040100001202603
0413040100004202603
0413040100049202603
0413040100051202603
0413040100059202603
0413040119001202603
0413040119004202603
0413040119049202603
0413040119051202603
0413040119059202603
0413040127001202603
0413040127004202603
0413040127049202603
0413040127051202603
0413040127059202603
0413040135001202603
0413040135004202603
0413040135049202603
0413040135051202603
0413040135059202603
0413040143001202603
0413040143004202603
0413040143049202603
0413040143051202603
0413040151001202603
0413040151004202603
0413040151049202603
0413040151051202603
0413040151059202603
0413040160001202603
0413040160004202603
0413040160049202603
0413040160051202603
0413040160059202603
0413040178001202603
0413040178004202603
0413040178049202603
0413040186001202603
0413040186004202603
0413040186049202603
0413040186051202603
0413040186059202603
0413040194001202603
0413040194004202603
0413040194049202603
0413040194051202603
0413040194059202603
0413040208001202603
0413040208004202603
0413040208049202603
0413040208051202603
0413040208059202603
0413040216001202603
0413040216004202603
0413040216049202603
0413040216051202603
0413040224001202603
0413040224004202603
0413040224049202603
0413040224051202603
0413040224059202603
0413040232001202603
0413040232004202603
0413040232049202603
0413040232051202603
0413040232059202603
0413040240001202603
0413040240004202603
0413040240049202603
0413040259001202603
0413040259004202603
0413040259049202603
0413040259051202603
0413040267001202603
0413040267004202603
0413040267049202603
0413040267051202603
0414010027001202603
0414010027004202603
0414010027049202603
0414010027051202603
0414010035001202603
0414010035049202603
0414010256001202603
0414010256004202603
0414010256020202603
0414010256049202603
0414010272001202603
0414010272004202603
0414010272049202603
0414010272051202603
0414010272059202603
0414010329001202603
0414010329004202603
0414010329049202603
0414010329051202603
0414010329059202603
0414010345004202603
0414010345020202603
0414010345051202603
0414010345059202603
0414010361020202603
0414010370052202603
0414010388020202603
0414020022020202603
0414020030020202603
0414020049020202603
0414020057020202603
0414020065020202603
0414020073020202603
0414020081020202603
0414020090020202603
0414020120009202603
0414020120020202603
0414020138009202603
0414020138020202603
0414020146020202603
0414020154020202603
0414020162020202603
0414020170009202603
0414020170020202603
0414020200020202603
0414020219020202603
0414020243020202603
0414020278020202603
0414020294020202603
0414020359009202603
0414020359020202603
0414020367020202603
0414020375020202603
0414020383009202603
0414020383020202603
0414020405009202603
0414020405020202603
0414020413001202603
0414020413049202603
0414020413051202603
0414020413059202603
0414020421052202603
0414020430009202603
0415010012004202603
0415010012006202603
0415010012051202603
0415020018004202603
0415020018008202603
0415020018009202603
0415020018051202603
0415020034001202603
0415020034004202603
0415020034051202603
0415020042004202603
0415020042008202603
0415020042051202603
0415020050001202603
0415020050004202603
0415020050006202603
0415020050051202603
0415020069001202603
0415020069004202603
0415020069006202603
0415020069051202603
0415020077001202603
0415020077004202603
0415020077006202603
0415020077051202603
0415020085001202603
0415020085004202603
0415020085008202603
0415020085009202603
0415020085049202603
0415020085051202603
0415030013004202603
0415040027001202603
0415040027004202603
0415040027049202603
0415040035001202603
0415040035004202603
0415040035049202603
0416010016001202603
0416010016004202603
0416010016006202603
0416010016049202603
0416010016051202603
0416010024001202603
0416010024004202603
0416010024006202603
0416010024049202603
0416010024051202603
0416010040001202603
0416010040004202603
0416010040006202603
0416010040049202603
0416010040051202603
0416010075001202603
0416010075004202603
0416010075006202603
0416010075049202603
0416010075051202603
0416010091001202603
0416010091004202603
0416010091006202603
0416010091049202603
0416010091051202603
0416010113001202603
0416010113004202603
0416010113006202603
0416010113049202603
0416010113051202603
0416010121001202603
0416010121004202603
0416010121006202603
0416010121049202603
0416010121051202603
0416010130001202603
0416010130004202603
0416010130006202603
0416010130049202603
0416010130051202603
0416010164001202603
0416010164004202603
0416010164006202603
0416010164049202603
0416010164051202603
0416010172001202603
0416010172004202603
0416010172049202603
0416010172051202603
0416010180001202603
0416010180004202603
0416010180006202603
0416010180049202603
0416010180051202603
0416010199001202603
0416010199004202603
0416010199006202603
0416010199049202603
0416010199051202603
0416010202001202603
0416010202004202603
0416010202006202603
0416010202049202603
0416010202051202603
0416010210001202603
0416010210004202603
0416010210006202603
0416010210049202603
0416010210051202603
0416010229001202603
0416010229004202603
0416010229006202603
0416010229049202603
0416010229051202603
0416020020001202603
0416020020004202603
0416020020006202603
0416020020049202603
0416020020051202603
0416020151001202603
0416020151004202603
0416020151006202603
0416020151049202603
0416020151051202603
0416020160001202603
0416020160004202603
0416020160006202603
0416020160049202603
0416020160051202603
0416020178001202603
0416020178004202603
0416020178006202603
0416020178049202603
0416020178051202603
0416020186001202603
0416020186004202603
0416020186006202603
0416020186049202603
0416020186051202603
0416020194001202603
0416020194004202603
0416020194006202603
0416020194049202603
0416020194051202603
0416020208001202603
0416020208004202603
0416020208006202603
0416020208049202603
0416020208051202603
0416020216001202603
0416020216004202603
0416020216006202603
0416020216049202603
0416020216051202603
0416020224001202603
0416020224004202603
0416020224006202603
0416020224049202603
0416020224051202603
0416020232001202603
0416020232004202603
0416020232006202603
0416020232049202603
0416020232051202603
0416020240001202603
0416020240004202603
0416020240006202603
0416020240049202603
0416020240051202603
0416020259001202603
0416020259004202603
0416020259006202603
0416020259049202603
0416020259051202603
0416030025001202603
0416030025004202603
0416030025006202603
0416030025049202603
0416030025051202603
0416030033001202603
0416030033004202603
0416030033006202603
0416030033049202603
0416030033051202603
0416030041001202603
0416030041004202603
0416030041006202603
0416030041049202603
0416030041051202603
0416030068001202603
0416030068004202603
0416030068006202603
0416030068049202603
0416030068051202603
0416030076001202603
0416030076004202603
0416030076006202603
0416030076049202603
0416030076051202603
0416030084001202603
0416030084004202603
0416030084006202603
0416030084049202603
0416030084051202603
0416030092001202603
0416030092004202603
0416030092006202603
0416030092049202603
0416030092051202603
0416030149001202603
0416030149004202603
0416030149006202603
0416030149009202603
0416030149049202603
0416030149051202603
0416030157001202603
0416030157004202603
0416030157006202603
0416030157049202603
0416030157051202603
0416030165001202603
0416030165004202603
0416030165006202603
0416030165049202603
0416030165051202603
0416030173001202603
0416030173004202603
0416030173006202603
0416030173049202603
0416030173051202603
0416030181001202603
0416030181004202603
0416030181006202603
0416030181049202603
0416030181051202603
0416030190001202603
0416030190004202603
0416030190006202603
0416030190049202603
0416030190051202603
0416030203001202603
0416030203004202603
0416030203006202603
0416030203049202603
0416030203051202603
0416030211001202603
0416030211004202603
0416030211006202603
0416030211049202603
0416030211051202603
0416030220001202603
0416030220004202603
0416030220006202603
0416030220049202603
0416030220051202603
0416030238001202603
0416030238004202603
0416030238006202603
0416030238049202603
0416030238051202603
0416030246001202603
0416030246004202603
0416030246006202603
0416030246049202603
0416030246051202603
0416030254001202603
0416030254004202603
0416030254006202603
0416030254049202603
0416030254051202603
0416030262001202603
0416030262004202603
0416030262006202603
0416030262049202603
0416030262051202603
0416030270001202603
0416030270004202603
0416030270006202603
0416030270049202603
0416030270051202603
0416030289001202603
0416030289004202603
0416030289006202603
0416030289049202603
0416030289051202603
0416030297001202603
0416030297004202603
0416030297006202603
0416030297049202603
0416030297051202603
0416030300001202603
0416030300004202603
0416030300006202603
0416030300049202603
0416030300051202603
0416030319001202603
0416030319004202603
0416030319006202603
0416030319049202603
0416030319051202603
0416030327001202603
0416030327004202603
0416030327006202603
0416030327049202603
0416030327051202603
0416030335001202603
0416030335004202603
0416030335006202603
0416030335049202603
0416030335051202603
0416030343001202603
0416030343004202603
0416030343006202603
0416030343049202603
0416030343051202603
0416030351001202603
0416030351004202603
0416030351006202603
0416030351049202603
0416030351051202603
0416030360001202603
0416030360004202603
0416030360006202603
0416030360049202603
0416030360051202603
0416040012001202603
0416040012004202603
0416040012006202603
0416040012049202603
0416040012051202603
0416040020001202603
0416040020004202603
0416040020006202603
0416040020049202603
0416040020051202603
0416040039001202603
0416040039004202603
0416040039006202603
0416040039049202603
0416040039051202603
0416040047001202603
0416040047004202603
0416040047006202603
0416040047049202603
0416040047051202603
0416040055001202603
0416040055004202603
0416040055006202603
0416040055049202603
0416040055051202603
0416040071001202603
0416040071004202603
0416040071006202603
0416040071049202603
0416040071051202603
0416040101001202603
0416040101004202603
0416040101006202603
0416040101049202603
0416040101051202603
0416040110001202603
0416040110004202603
0416040110006202603
0416040110049202603
0416040110051202603
0416040128001202603
0416040128004202603
0416040128006202603
0416040128049202603
0416040128051202603
0416040144001202603
0416040144004202603
0416040144006202603
0416040144049202603
0416040144051202603
0416040179001202603
0416040179004202603
0416040179049202603
0416040179051202603
0416040187001202603
0416040187004202603
0416040187049202603
0416040187051202603
0416040195001202603
0416040195004202603
0416040195049202603
0416040195051202603
0416040209001202603
0416040209004202603
0416040209006202603
0416040209049202603
0416040209051202603
0416040217001202603
0416040217004202603
0416040217006202603
0416040217049202603
0416040217051202603
0416040225001202603
0416040225004202603
0416040225006202603
0416040225049202603
0416040225051202603
0416040233001202603
0416040233004202603
0416040233006202603
0416040233049202603
0416040233051202603
0416040241001202603
0416040241004202603
0416040241006202603
0416040241049202603
0416040241051202603
0416040250001202603
0416040250004202603
0416040250006202603
0416040250049202603
0416040250051202603
0416040268001202603
0416040268004202603
0416040268006202603
0416040268049202603
0416040268051202603
0416040276001202603
0416040276004202603
0416040276006202603
0416040276049202603
0416040276051202603
0416040284001202603
0416040284009202603
0416040284017202603
0416040284051202603
0416040292001202603
0416040292004202603
0416040292006202603
0416040292009202603
0416040292049202603
0416040292051202603
0416040314001202603
0416040314004202603
0416040314009202603
0416040314049202603
0416040314051202603
0416040322001202603
0416040322004202603
0416040322009202603
0416040322049202603
0416040322051202603
0416040330001202603
0416040330004202603
0416040330009202603
0416040330049202603
0416040330051202603
0416040349001202603
0416040349004202603
0416040349009202603
0416040349049202603
0416040349051202603
0416050018001202603
0416050018004202603
0416050018006202603
0416050018049202603
0416050018051202603
0416050026001202603
0416050026004202603
0416050026006202603
0416050026049202603
0416050026051202603
0416050034001202603
0416050034004202603
0416050034006202603
0416050034049202603
0416050034051202603
0416050050001202603
0416050050004202603
0416050050006202603
0416050050049202603
0416050050051202603
0416050077001202603
0416050077004202603
0416050077006202603
0416050077049202603
0416050077051202603
0416050093001202603
0416050093004202603
0416050093006202603
0416050093049202603
0416050093051202603
0416050107001202603
0416050107004202603
0416050107006202603
0416050107049202603
0416050107051202603
0416050115001202603
0416050115004202603
0416050115006202603
0416050115049202603
0416050115051202603
0416050123001202603
0416050123004202603
0416050123009202603
0416050123049202603
0416050123051202603
0416060013001202603
0416060013004202603
0416060013006202603
0416060013049202603
0416060013051202603
0416060021001202603
0416060021004202603
0416060021006202603
0416060021049202603
0416060021051202603
0416060030001202603
0416060030004202603
0416060030006202603
0416060030049202603
0416060030051202603
0416060056001202603
0416060056004202603
0416060056006202603
0416060056049202603
0416060056051202603
0416060064001202603
0416060064004202603
0416060064006202603
0416060064049202603
0416060064051202603
0416060080001202603
0416060080004202603
0416060080006202603
0416060080049202603
0416060080051202603
0416060099001202603
0416060099004202603
0416060099006202603
0416060099049202603
0416060099051202603
0416060102001202603
0416060102004202603
0416060102006202603
0416060102049202603
0416060102051202603
0416060110001202603
0416060110004202603
0416060110006202603
0416060110049202603
0416060110051202603
0416060129001202603
0416060129004202603
0416060129006202603
0416060129049202603
0416060129051202603
0416060137001202603
0416060137004202603
0416060137009202603
0416060137049202603
0416080014001202603
0416080014004202603
0416080014049202603
0416080014051202603
0416080030001202603
0416080030004202603
0416080030006202603
0416080030049202603
0416080030051202603
0416080081001202603
0416080081004202603
0416080081006202603
0416080081049202603
0416080081051202603
0416080090001202603
0416080090004202603
0416080090006202603
0416080090049202603
0416080090051202603
0416080111001202603
0416080111004202603
0416080111006202603
0416080111049202603
0416080111051202603
0416080120001202603
0416080120004202603
0416080120006202603
0416080120049202603
0416080120051202603
0416090010001202603
0416090010004202603
0416090010006202603
0416090010049202603
0416090010051202603
0416090028001202603
0416090028004202603
0416090028006202603
0416090028049202603
0416090028051202603
0416090036001202603
0416090036006202603
0416090036049202603
0416090036051202603
0416090079001202603
0416090079004202603
0416090079006202603
0416090079049202603
0416090079051202603
0416090109001202603
0416090109004202603
0416090109006202603
0416090109049202603
0416090109051202603
0416090117001202603
0416090117004202603
0416090117006202603
0416090117049202603
0416090117051202603
0416090125001202603
0416090125004202603
0416090125006202603
0416090125049202603
0416090125051202603
0416090133001202603
0416090133004202603
0416090133006202603
0416090133049202603
0416090133051202603
0416110010001202603
0416110010006202603
0416110010049202603
0416110010051202603
0416110029001202603
0416110029006202603
0416110029049202603
0416110029051202603
0416110037001202603
0416110037004202603
0416110037006202603
0416110037049202603
0416110037051202603
0416110045001202603
0416110045006202603
0416110045049202603
0416110045051202603
0416110053001202603
0416110053004202603
0416110053006202603
0416110053049202603
0416110053051202603
0416110061001202603
0416110061004202603
0416110061006202603
0416110061049202603
0416110061051202603
0416110070001202603
0416110070004202603
0416110070006202603
0416110070049202603
0416110070051202603
0416110088001202603
0416110088004202603
0416110088006202603
0416110088049202603
0416110088051202603
0416120024001202603
0416120024004202603
0416120024006202603
0416120024049202603
0416120024051202603
0416120032001202603
0416120032004202603
0416120032006202603
0416120032049202603
0416120032051202603
0416120040001202603
0416120040004202603
0416120040006202603
0416120040049202603
0416120040051202603
0416120059001202603
0416120059004202603
0416120059049202603
0416120059051202603
0417010028042202603
0417010044005202603
0417010052005202603
0417010060005202603
0417010060009202603
0417010060053202603
0418010013001202603
0418010013009202603
0418010013022202603
0418010013052202603
0418010021001202603
0418010021009202603
0418010021022202603
0418010021052202603
0418010030001202603
0418010030009202603
0418010030022202603
0418010030052202603
0418010048001202603
0418010048009202603
0418010048022202603
0418010048052202603
0418010064001202603
0418010080001202603
0418010080009202603
0418010080022202603
0418010080052202603
0418010099001202603
0418020019001202603
0418020019009202603
0418020019022202603
0418020019051202603
0418020019052202603
0418020027001202603
0418020027009202603
0418020027051202603
0418020027052202603
0418020035001202603
0501010017009202603
0501030069001202603
0501030069004202603
0501030069049202603
0501040064034202603
0501050043009202603
0501060057026202603
0501070044009202603
0501070052009202603
0501070087009202603
0501070095009202603
0501070109009202603
0501070117009202603
0501070125009202603
0501070133009202603
0501070141009202603
0501080031009202603
0501080040009202603
0501080058009202603
0501080104009202603
0503010014008202603
0503010014011202603
0503010014034202603
0503010022008202603
0503010022034202603
0503020010001202603
0503020010004202603
0503020010049202603
0503020028001202603
0503020028004202603
0503020028049202603
0503030023049202603
0503030040049202603
0503030058013202603
0503030066049202603
0503030074049202603
0503030090049202603
0504010026034202603
0504020013013202603
0504020021013202603
0504020030013202603
0504020048013202603
0504020056013202603
0504030027013202603
0504040014034202603
0504040022034202603
0505010011004202603
0505010011009202603
0505010020004202603
0505010020009202603
0505010038004202603
0505010038009202603
0505010046004202603
0505010046009202603
0505010054004202603
0505010054009202603
0505010062004202603
0505010062009202603
0505010070004202603
0505010070009202603
0505010089004202603
0505010089009202603
0505010097001202603
0505010097049202603
0505010127001202603
0505010127049202603
0505010135001202603
0505010135049202603
0505010143007202603
0505020041001202603
0505020041009202603
0505020041049202603
0505020050001202603
0505020050009202603
0505020050049202603
0505020068001202603
0505020068009202603
0505020068049202603
0505020076001202603
0505020076009202603
0505020076049202603
0505020084001202603
0505020084009202603
0505020084049202603
0505020092001202603
0505020092049202603
0505020106001202603
0505020106049202603
0505020122001202603
0505020122009202603
0505020122049202603
0505020149001202603
0505020149009202603
0505020149049202603
0506010015009202603
0506010015014202603
0506010066009202603
0506010066014202603
0506010074009202603
0506010074014202603
0506010082009202603
0506010082014202603
0506010090009202603
0506010090014202603
0506010104009202603
0506010104014202603
0506010112009202603
0506010112014202603
0506010120009202603
0506010120014202603
0506010139009202603
0506010139014202603
0506010147009202603
0506010147014202603
0506010155009202603
0506010155014202603
0506010163009202603
0506010163014202603
0506010171009202603
0506010171014202603
0506010228009202603
0506010236009202603
0506020010007202603
0506020029007202603
0506020037007202603
0506020045007202603
0506020053007202603
0506020061007202603
0506020070007202603
0506020096007202603
0506020100007202603
0506020118007202603
0506020134007202603
0603050115009202603
0603050123009202603
0604010010009202603
0604010010014202603
0604010010022202603
0604010028009202603
0604010028014202603
0604010028022202603
0604010036009202603
0604010036014202603
0604010036022202603
0604010044009202603
0604010044014202603
0604010044022202603
0604010052009202603
0604010052014202603
0604010052022202603
0604010060009202603
0604010060014202603
0604010060022202603
0604010079009202603
0604010079014202603
0604010079022202603
0604010087009202603
0604010087014202603
0604010087022202603
0604010095009202603
0604010095014202603
0604010095022202603
0604010109009202603
0604010109014202603
0604010109022202603
0604020015009202603
0604020015014202603
0604020015022202603
0604020023009202603
0604020023014202603
0604020023022202603
0604020031009202603
0604020031014202603
0604020031022202603
0604020040009202603
0604020040014202603
0604020040022202603
0604020058009202603
0604020058014202603
0604020058022202603
0604020066009202603
0604020066014202603
0604020066022202603
0604030010009202603
0604030010014202603
0604030010022202603
0604030037009202603
0604030037014202603
0604030037022202603
0604030045009202603
0604030045014202603
0604030045022202603
0604030053009202603
0604030053014202603
0604030053022202603
0604030061009202603
0604030061014202603
0604030061022202603
0604040016009202603
0604040016014202603
0604040016022202603
0604040024009202603
0604040024014202603
0604040024022202603
0604040032009202603
0604040032014202603
0604040032022202603
0604040040009202603
0604040040014202603
0604040040022202603
0604040059009202603
0604040059014202603
0604040059022202603
0604040067009202603
0604040067014202603
0604040067022202603
0604040075009202603
0604040075014202603
0604040075022202603
0604040091009202603
0604040091014202603
0604040091022202603
0604050011009202603
0604050011014202603
0604050011022202603
0604050020009202603
0604050020014202603
0604050020022202603
0604050038009202603
0604050038014202603
0604050038022202603
0604050046009202603
0604050046014202603
0604050046022202603
0604050054009202603
0604050054014202603
0604050054022202603
0604050062009202603
0604050062014202603
0604050062022202603
0604050070009202603
0604050070014202603
0604050070022202603
0604050089009202603
0604050089014202603
0604050089022202603
0604050097009202603
0604050097014202603
0604050097022202603
0604050100009202603
0604050100014202603
0604050100022202603
0604050119009202603
0604050119014202603
0604050119022202603
0604060017009202603
0604060017014202603
0604060017022202603
0604060025009202603
0604060025014202603
0604060025022202603
0604070012009202603
0604070012014202603
0604070012022202603
0604080018009202603
0604080018014202603
0604080018022202603
0604080026009202603
0604080026014202603
0604080026022202603
0604080034009202603
0604080034014202603
0604080034022202603
0604090013009202603
0604090013014202603
0604090013022202603
0604100019009202603
0604100019014202603
0604100019022202603
0604100027009202603
0604100027014202603
0604100027022202603
0604100035009202603
0604100035014202603
0604100035022202603
0604110014009202603
0604110014014202603
0604110014022202603
0604110022009202603
0604110022014202603
0604110022022202603
0604110030009202603
0604110030014202603
0604110030022202603
0604110049009202603
0604110049014202603
0604110049022202603
0604110057009202603
0604110057014202603
0604110057022202603
0604110065009202603
0604110065014202603
0604110065022202603
0604110073009202603
0604110073014202603
0604110073022202603
0604110081009202603
0604110081014202603
0604110081022202603
0604120010009202603
0604120010014202603
0604120010022202603
0604130015009202603
0604130015014202603
0604130015022202603
0604130023009202603
0604130023014202603
0604130023022202603
0604130031009202603
0604130031014202603
0604130031022202603
0604130040009202603
0604130040014202603
0604130040022202603
0604130058009202603
0604130058014202603
0604130058022202603
0604130066009202603
0604130066014202603
0604130066022202603
0604130074009202603
0604130074014202603
0604130074022202603
0604130082009202603
0604130082014202603
0604130082022202603
0604130090009202603
0604130090014202603
0604130090022202603
0604130104009202603
0604130104014202603
0604130104022202603
0604130112009202603
0604130112014202603
0604130112022202603
0604130120009202603
0604130120014202603
0604130120022202603
0604130139009202603
0604130139014202603
0604130139022202603
0604140029009202603
0604140029014202603
0604140029022202603
0604140037009202603
0604140037014202603
0604140037022202603
0604150016009202603
0604150016014202603
0604150016022202603
0604150024009202603
0604150024014202603
0604150024022202603
0604160011009202603
0604160011014202603
0604160011022202603
0604160020009202603
0604160020014202603
0604160020022202603
0604160046009202603
0604160046014202603
0604160046022202603
0604160054009202603
0604160054014202603
0604160054022202603
0604160062009202603
0604160062014202603
0604160062022202603
0604170017009202603
0604170017014202603
0604170017022202603
0604170025009202603
0604170025014202603
0604170025022202603
0604170033009202603
0604170033014202603
0604170033022202603
0604170041009202603
0604170041014202603
0604170041022202603
0604170050009202603
0604170050014202603
0604170050022202603
0604180012009202603
0604180012014202603
0604180012022202603
0604180020009202603
0604180020014202603
0604180020022202603
0604190018009202603
0604190018014202603
0604190018022202603
0604200013009202603
0604200013014202603
0604200013022202603
0604210019009202603
0604210019014202603
0604210019022202603
0604210027009202603
0604210027014202603
0604210027022202603
0604220014009202603
0604220014014202603
0604220014022202603
0604230010009202603
0604230010014202603
0604230010022202603
0604230028009202603
0604230028014202603
0604230028022202603
0604230036009202603
0604230036014202603
0604230036022202603
0604230044009202603
0604230044014202603
0604230044022202603
0604230052009202603
0604230052014202603
0604230052022202603
0604230060009202603
0604230060014202603
0604230060022202603
0604230079009202603
0604230079014202603
0604230079022202603
0604230087009202603
0604230087014202603
0604230087022202603
0604240023009202603
0604240023014202603
0604240023022202603
0604240031009202603
0604240031014202603
0604240031022202603
0604240058009202603
0604240058014202603
0604240058022202603
0604240066009202603
0604240066014202603
0604240066022202603
0604240074009202603
0604240074014202603
0604240074022202603
0604240082009202603
0604240082014202603
0604240082022202603
0604240090009202603
0604240090014202603
0604240090022202603
0604240104009202603
0604240104014202603
0604240104022202603
0604240112009202603
0604240112014202603
0604240112022202603
0604240120009202603
0604240120014202603
0604240120022202603
0604250010009202603
0604250010014202603
0604250010022202603
0604250037009202603
0604250037014202603
0604250037022202603
0604250045009202603
0604250045014202603
0604250045022202603
0604260016009202603
0604260016014202603
0604260016022202603
0604270011009202603
0604270011014202603
0604270011022202603
0604270020009202603
0604270020014202603
0604270020022202603
0604270038009202603
0604270038014202603
0604270038022202603
0604270046009202603
0604270046014202603
0604270046022202603
0604270054009202603
0604270054014202603
0604270054022202603
0604270062009202603
0604270062014202603
0604270062022202603
0604270070009202603
0604270070014202603
0604270070022202603
0604270089009202603
0604270089014202603
0604270089022202603
0604270097009202603
0604270097014202603
0604270097022202603
0604270100009202603
0604270100014202603
0604270100022202603
0604270119009202603
0604270119014202603
0604270119022202603
0604280068009202603
0604280068014202603
0604280068022202603
0604280076009202603
0604280076014202603
0604280076022202603
0604280084009202603
0604280084014202603
0604280084022202603
0604280092009202603
0604280092014202603
0604280092022202603
0604280106009202603
0604280106014202603
0604280106022202603
0604290012009202603
0604290012014202603
0604290012022202603
0604290020009202603
0604290020014202603
0604290020022202603
0604290039009202603
0604290039014202603
0604290039022202603
0604290047009202603
0604290047014202603
0604290047022202603
0604290063009202603
0604290063014202603
0604290063022202603
0604290071009202603
0604290071014202603
0604290071022202603
0604290080009202603
0604290080014202603
0604290080022202603
0604310013009202603
0604310013014202603
0604310013022202603
0604310021009202603
0604310021014202603
0604310021022202603
0604310030009202603
0604310030014202603
0604310030022202603
0604310048009202603
0604310048014202603
0604310048022202603
0604310056009202603
0604310056014202603
0604310056022202603
0604310064009202603
0604310064014202603
0604310064022202603
0604320019009202603
0604320019014202603
0604320019022202603
0604320027009202603
0604320027014202603
0604320027022202603
0604320035009202603
0604320035014202603
0604320035022202603
0604320043009202603
0604320043014202603
0604320043022202603
0604320051009202603
0604320051014202603
0604320051022202603
0604320060009202603
0604320060014202603
0604320060022202603
0604320078009202603
0604320078014202603
0604320078022202603
0604320086009202603
0604320086014202603
0604320086022202603
0604320094009202603
0604320094014202603
0604320094022202603
0604320116009202603
0604320116014202603
0604320116022202603
0604320124009202603
0604320124014202603
0604320124022202603
0604320132009202603
0604320132014202603
0604320132022202603
0604320140009202603
0604320140014202603
0604320140022202603
0604320159009202603
0604320159014202603
0604320159022202603
0604320167009202603
0604320167014202603
0604320167022202603
0604320175009202603
0604320175014202603
0604320175022202603
0604320183009202603
0604320183014202603
0604320183022202603
0604320191009202603
0604320191014202603
0604320191022202603
0604320205009202603
0604320205014202603
0604320205022202603
0604320213009202603
0604320213014202603
0604320213022202603
0604320221009202603
0604320221014202603
0604320221022202603
0604330014009202603
0604330014014202603
0604330014022202603
0604330022009202603
0604330022014202603
0604330022022202603
0604330030009202603
0604330030014202603
0604330030022202603
0604330049009202603
0604330049014202603
0604330049022202603
0604330057009202603
0604330057014202603
0604330057022202603
0604330065009202603
0604330065014202603
0604330065022202603
0604330073009202603
0604330073014202603
0604330073022202603
0604330081009202603
0604330081014202603
0604330081022202603
0604330090009202603
0604330090014202603
0604330090022202603
0604330103009202603
0604330103014202603
0604330103022202603
0604330111009202603
0604330111014202603
0604330111022202603
0604330120009202603
0604330120014202603
0604330120022202603
0604340010009202603
0604340010014202603
0604340010022202603
0604340028009202603
0604340028014202603
0604340028022202603
0604340036009202603
0604340036014202603
0604340036022202603
0604340044009202603
0604340044014202603
0604340044022202603
0604340052009202603
0604340052014202603
0604340052022202603
0604340060009202603
0604340060014202603
0604340060022202603
0604340079009202603
0604340079014202603
0604340079022202603
0604340087009202603
0604340087014202603
0604340087022202603
0604340095009202603
0604340095014202603
0604340095022202603
0604340109009202603
0604340109014202603
0604340109022202603
0604340117009202603
0604340117014202603
0604340117022202603
0604350015009202603
0604350015014202603
0604350015022202603
0604350023009202603
0604350023014202603
0604350023022202603
0604350031009202603
0604350031014202603
0604350031022202603
0604360010009202603
0604360010014202603
0604360010022202603
0604360029009202603
0604360029014202603
0604360029022202603
0604360037009202603
0604360037014202603
0604360037022202603
0604360045009202603
0604360045014202603
0604360045022202603
0604360053009202603
0604360053014202603
0604360053022202603
0604360061009202603
0604360061014202603
0604360061022202603
0604360070009202603
0604360070014202603
0604360070022202603
0604360088009202603
0604360088014202603
0604360088022202603
0604360096009202603
0604360096014202603
0604360096022202603
0604360100009202603
0604360100014202603
0604360100022202603
0604360118009202603
0604360118014202603
0604360118022202603
0604360126009202603
0604360126014202603
0604360126022202603
0604370016009202603
0604370016014202603
0604370016022202603
0604370024009202603
0604370024014202603
0604370024022202603
0604370032009202603
0604370032014202603
0604370032022202603
0604380011009202603
0604380011014202603
0604380011022202603
0604380020009202603
0604380020014202603
0604380020022202603
0604380038009202603
0604380038014202603
0604380038022202603
0604380046009202603
0604380046014202603
0604380046022202603
0604380054009202603
0604380054014202603
0604380054022202603
0604380062009202603
0604380062014202603
0604380062022202603
0604380070009202603
0604380070014202603
0604380070022202603
0604380089009202603
0604380089014202603
0604380089022202603
0604380097009202603
0604380097014202603
0604380097022202603
0604380100009202603
0604380100014202603
0604380100022202603
0604380119009202603
0604380119014202603
0604380119022202603
0604380127009202603
0604380127014202603
0604380127022202603
0604380135009202603
0604380135014202603
0604380135022202603
0604380143009202603
0604380143014202603
0604380143022202603
0604390017009202603
0604390017014202603
0604390017022202603
0604390025009202603
0604390025014202603
0604390025022202603
0604390033009202603
0604390033014202603
0604390033022202603
0604390084009202603
0604390084014202603
0604390084022202603
0604390092009202603
0604390092014202603
0604390092022202603
0604390106009202603
0604390106014202603
0604390106022202603
0604390114009202603
0604390114014202603
0604390114022202603
0604400012009202603
0604400012014202603
0604400012022202603
0604410018009202603
0604410018014202603
0604410018022202603
0604410026009202603
0604410026014202603
0604410026022202603
0604410034009202603
0604410034014202603
0604410034022202603
0604420013009202603
0604420013014202603
0604420013022202603
0604430019009202603
0604430019014202603
0604430019022202603
0604440014009202603
0604440014014202603
0604440014022202603
0604470010009202603
0604470010014202603
0604470010022202603
0604470029009202603
0604470029014202603
0604470029022202603
0604470037009202603
0604470037014202603
0604470037022202603
0604470045009202603
0604470045014202603
0604470045022202603
0604470053009202603
0604470053014202603
0604470053022202603
0604480016009202603
0604480016014202603
0604480016022202603
0604480024009202603
0604480024014202603
0604480024022202603
0604490011009202603
0604490011014202603
0604490011022202603
0604490020009202603
0604490020014202603
0604490020022202603
0604500017009202603
0604500017014202603
0604500017022202603
0604500025009202603
0604500025014202603
0604500025022202603
0604500033009202603
0604500033014202603
0604500033022202603
0604500041009202603
0604500041014202603
0604500041022202603
0604500050009202603
0604500050014202603
0604500050022202603
0604500068009202603
0604500068014202603
0604500068022202603
0604500076009202603
0604500076014202603
0604500076022202603
0604500084009202603
0604500084014202603
0604500084022202603
0604500092009202603
0604500092014202603
0604500092022202603
0604500106009202603
0604500106014202603
0604500106022202603
0604500114009202603
0604500114014202603
0604500114022202603
0604500122009202603
0604500122014202603
0604500122022202603
0604500130009202603
0604500130014202603
0604500130022202603
0604500149009202603
0604500149014202603
0604500149022202603
0604510012009202603
0604510012014202603
0604510012022202603
0604510020009202603
0604510020014202603
0604510020022202603
0604510039009202603
0604510039014202603
0604510039022202603
0604510047009202603
0604510047014202603
0604510047022202603
0604520018009202603
0604520018014202603
0604520018022202603
0604520026009202603
0604520026014202603
0604520026022202603
0604530013009202603
0604530013014202603
0604530013022202603
0604530021009202603
0604530021014202603
0604530021022202603
0604530030009202603
0604530030014202603
0604530030022202603
0604540019009202603
0604540019014202603
0604540019022202603
0604540027009202603
0604540027014202603
0604540027022202603
0604540035009202603
0604540035014202603
0604540035022202603
0604540043009202603
0604540043014202603
0604540043022202603
0604540060009202603
0604540060014202603
0604540060022202603
0604540078009202603
0604540078014202603
0604540078022202603
0604540086009202603
0604540086014202603
0604540086022202603
0604550014009202603
0604550014014202603
0604550014022202603
0604550022009202603
0604550022014202603
0604550022022202603
0604560010009202603
0604560010014202603
0604560010022202603
0604570015009202603
0604570015014202603
0604570015022202603
0604570023009202603
0604570023014202603
0604570023022202603
0604570031009202603
0604570031014202603
0604570031022202603
0604580010009202603
0604580010014202603
0604580010022202603
0604580029009202603
0604580029014202603
0604580029022202603
0604590016009202603
0604590016014202603
0604590016022202603
0604590024009202603
0604590024014202603
0604590024022202603
0604600011009202603
0604600011014202603
0604600011022202603
0604600020009202603
0604600020014202603
0604600020022202603
0604610017009202603
0604610017014202603
0604610017022202603
0604610025009202603
0604610025014202603
0604610025022202603
0604610033009202603
0604610033014202603
0604610033022202603
0604620012009202603
0604620012014202603
0604620012022202603
0604620020009202603
0604620020014202603
0604620020022202603
0604620039009202603
0604620039014202603
0604620039022202603
0604620047009202603
0604620047014202603
0604620047022202603
0604630018009202603
0604630018014202603
0604630018022202603
0604630026009202603
0604630026014202603
0604630026022202603
0604630034009202603
0604630034014202603
0604630034022202603
0604630042009202603
0604630042014202603
0604630042022202603
0604630050009202603
0604630050014202603
0604630050022202603
0604630069009202603
0604630069014202603
0604630069022202603
0604630077009202603
0604630077014202603
0604630077022202603
0604650019009202603
0604650019014202603
0604650019022202603
0604650027009202603
0604650027014202603
0604650027022202603
0604650035009202603
0604650035014202603
0604650035022202603
0604660014009202603
0604660014014202603
0604660014022202603
0604660022009202603
0604660022014202603
0604660022022202603
0604660030009202603
0604660030014202603
0604660030022202603
0604670010009202603
0604670010014202603
0604670010022202603
0604680023009202603
0604680023014202603
0604680023022202603
0604680031009202603
0604680031014202603
0604680031022202603
0604680040009202603
0604680040014202603
0604680040022202603
0604680058009202603
0604680058014202603
0604680058022202603
0604680066009202603
0604680066014202603
0604680066022202603
0604680074009202603
0604680074014202603
0604680074022202603
0604690010009202603
0604690010014202603
0604690010022202603
0604690029009202603
0604690029014202603
0604690029022202603
0604690037009202603
0604690037014202603
0604690037022202603
0604690053009202603
0604690053014202603
0604690053022202603
0604700016009202603
0604700016014202603
0604700016022202603
0604710011009202603
0604710011014202603
0604710011022202603
0604710020009202603
0604710020014202603
0604710020022202603
0604710038009202603
0604710038014202603
0604710038022202603
0604720017009202603
0604720017014202603
0604720017022202603
0604720025009202603
0604720025014202603
0604720025022202603
0604730012009202603
0604730012014202603
0604730012022202603
0604740018009202603
0604740018014202603
0604740018022202603
0604750013009202603
0604750013014202603
0604750013022202603
0604750021009202603
0604750021014202603
0604750021022202603
0604750030009202603
0604750030014202603
0604750030022202603
0604750048009202603
0604750048014202603
0604750048022202603
0604770014009202603
0604770014014202603
0604770014022202603
0604770022009202603
0604770022014202603
0604770022022202603
0604770030009202603
0604770030014202603
0604770030022202603
0604780010009202603
0604780010014202603
0604780010022202603
0604780036009202603
0604780036014202603
0604780036022202603
0604780044009202603
0604780044014202603
0604780044022202603
0604780052009202603
0604780052014202603
0604780052022202603
0604780060009202603
0604780060014202603
0604780060022202603
0604790015009202603
0604790015014202603
0604790015022202603
0604790023009202603
0604790023014202603
0604790023022202603
0604800010009202603
0604800010014202603
0604800010022202603
0604800029009202603
0604800029014202603
0604800029022202603
0604810016009202603
0604810016014202603
0604810016022202603
0604820011009202603
0604820011014202603
0604820011022202603
0604830017009202603
0604830017014202603
0604830017022202603
0604830025009202603
0604830025014202603
0604830025022202603
0604830033009202603
0604830033014202603
0604830033022202603
0604840012009202603
0604840012014202603
0604840012022202603
0604840020009202603
0604840020014202603
0604840020022202603
0604850018009202603
0604850018014202603
0604850018022202603
0604850026009202603
0604850026014202603
0604850026022202603
0604850034009202603
0604850034014202603
0604850034022202603
0604850042009202603
0604850042014202603
0604850042022202603
0604860013009202603
0604860013014202603
0604860013022202603
0604860021009202603
0604860021014202603
0604860021022202603
0604860030009202603
0604860030014202603
0604860030022202603
0604870019009202603
0604870019014202603
0604870019022202603
0604870027009202603
0604870027014202603
0604870027022202603
0604870035009202603
0604870035014202603
0604870035022202603
0604870043009202603
0604870043014202603
0604870043022202603
0604880014009202603
0604880014014202603
0604880014022202603
0701010010009202603
0701010029009202603
0701010037009202603
0701010045009202603
0701010053009202603
0701010061009202603
0701010070009202603
0701010088009202603
0701010096009202603
0701010100009202603
0701010118009202603
0701010126009202603
0701010134009202603
0701010142009202603
0701010150009202603
0701010169009202603
0701010177009202603
0701010185009202603
0701010185037202603
0701010193009202603
0701010193037202603
0701010207009202603
0701010215009202603
0701010223009202603
0701010231009202603
0701010240009202603
0701010258009202603
0701010266009202603
0701010274009202603
0701010282009202603
0701010290009202603
0701010304009202603
0701010312009202603
0701010320009202603
0701010339009202603
0701020016009202603
0701020024009202603
0701020032009202603
0701020040009202603
0701020059009202603
0701020067009202603
0701020075009202603
0701020083009202603
0701020091009202603
0701020105009202603
0701020113009202603
0701020121009202603
0701020130009202603
0701020148009202603
0701020156009202603
0701020164009202603
0701020172009202603
0701020180009202603
0701020199009202603
0701020202009202603
0701020210009202603
0701020229009202603
0701020237009202603
0701020245009202603
0701020253009202603
0701020261009202603
0701020270009202603
0701020288009202603
0701020296009202603
0701020300009202603
0701020318009202603
0701020326009202603
0701020334009202603
0701020342009202603
0701020350009202603
0701020369009202603
0701020377009202603
0701020385009202603
0701020393009202603
0701020407009202603
0701020415009202603
0701020423009202603
0701020431009202603
0701020440009202603
0701020458009202603
0701020466009202603
0701020474009202603
0701020482009202603
0701020490009202603
0701020504009202603
0701020512009202603
0701020520009202603
0701020539009202603
0701020547009202603
0701020555009202603
0701020563009202603
0701020571009202603
0701020571037202603
0701020580009202603
0701020580037202603
0701020598009202603
0701020601009202603
0701020610009202603
0701020628009202603
0701020636009202603
0701020644009202603
0701020652009202603
0701030305009202603
0701030305037202603
0701030321009202603
0701040017009202603
0701040025009202603
0701040033009202603
0701040041009202603
0701040050009202603
0701040068009202603
0701040092009202603
0701040106009202603
0701040114009202603
0701040122009202603
0701040130009202603
0701040149009202603
0701040149037202603
0701040157009202603
0701040157037202603
0701050012009202603
0701050020009202603
0701050047009202603
0701060018009202603
0701060026009202603
0701060034009202603
0701060042009202603
0701070013009202603
0701070021009202603
0701070030009202603
0701070048009202603
0701070056009202603
0701070064009202603
0701070072009202603
0701070080009202603
0701070099009202603
0701070102009202603
0701070110009202603
0701070129009202603
0701070137009202603
0701070145009202603
0701080027009202603
0701080051009202603
0701080060009202603
0701080078009202603
0701080086009202603
0701080116009202603
0701080124009202603
0701080132009202603
0701080140009202603
0701080159009202603
0701080167009202603
0701080175009202603
0701080183009202603
0701080191009202603
0701090014009202603
0701090022009202603
0701090030009202603
0701090049009202603
0701090057009202603
0701090065009202603
0701090073009202603
0701090081009202603
0701090090009202603
0702020028009202603
0702020036009202603
0702020044009202603
0801010012009202603
0801010012024202603
0801010020009202603
0801010020024202603
0801010047005202603
0802010334058202603
0802010342005202603
0802010350005202603
0803010010009202603
0803010028009202603
0803010036009202603
0803010044009202603
0803010052009202603
0803010060009202603
0803010079009202603
0803010087009202603
0803010095009202603
0803010109009202603
0803010117009202603
0803010125009202603
0803010133009202603
0803010141009202603
0803010150058202603
0804010013009202603
0804010021009202603
0804010030009202603
0804010048009202603
0804010056009202603
0804010064009202603
0804020019009202603
0804020027009202603
0804020027053202603
0804020035009202603
0804020043009202603
0804030014009202603
0804040010009202603
0804040028009202603
0804040036009202603
0901010014053202603
0901010014054202603
0901010014058202603
0901010014059202603
0901010014060202603
0901010049053202603
0901010049054202603
0901010049058202603
0901010049059202603
0901010049060202603
0901010057053202603
0901010057054202603
0901010057058202603
0901010057059202603
0901010057060202603
0901010073053202603
0901010073054202603
0901010073058202603
0901010073059202603
0901010073060202603
0901010081053202603
0901010081054202603
0901010081058202603
0901010081059202603
0901010081060202603
0901010090053202603
0901010090054202603
0901010090058202603
0901010090059202603
0901010090060202603
0901010103053202603
0901010103054202603
0901010103058202603
0901010103059202603
0901010103060202603
0901010111053202603
0901010111054202603
0901010111058202603
0901010111059202603
0901010111060202603
0901010120053202603
0901010120054202603
0901010120058202603
0901010120059202603
0901010120060202603
0902010018053202603
0902010018054202603
0902010018058202603
0902010018059202603
0902010018060202603
0902010026053202603
0902010026054202603
0902010026058202603
0902010026059202603
0902010026060202603
0902010034053202603
0902010034054202603
0902010034058202603
0902010034059202603
0902010034060202603
0902010042053202603
0902010042054202603
0902010042058202603
0902010042059202603
0902010042060202603
0902010050053202603
0902010050054202603
0902010050058202603
0902010050059202603
0902010050060202603
0902010069053202603
0902010069054202603
0902010069058202603
0902010069059202603
0902010069060202603
0903010011053202603
0903010011054202603
0903010011058202603
0903010011059202603
0903010011060202603
0903010020053202603
0903010020054202603
0903010020058202603
0903010020059202603
0903010020060202603
0903010038053202603
0903010038054202603
0903010038056202603
0903010038058202603
0903010038059202603
0903010038060202603
0903010046053202603
0903010046054202603
0903010046057202603
0903010046058202603
0903010046059202603
0903010046060202603
0904010015053202603
0904010015054202603
0904010015058202603
0904010015059202603
0904010015060202603
0904010023053202603
0904010023054202603
0904010023058202603
0904010023059202603
0904010023060202603
0904010031053202603
0904010031054202603
0904010031058202603
0904010031059202603
0904010031060202603
0905010019053202603
0905010019054202603
0905010019058202603
0905010019059202603
0905010019060202603
0905010027053202603
0905010027054202603
0905010027058202603
0905010027059202603
0905010027060202603
0905010035053202603
0905010035054202603
0905010035058202603
0905010035059202603
0905010035060202603
0905010043053202603
0905010043054202603
0905010043058202603
0905010043059202603
0905010043060202603
0905010051053202603
0905010051054202603
0905010051058202603
0905010051059202603
0905010051060202603
0905010060053202603
0905010060054202603
0905010060058202603
0905010060059202603
0905010060060202603
0905010078053202603
0905010078054202603
0905010078058202603
0905010078059202603
0905010078060202603
0906010012053202603
0906010012054202603
0906010012058202603
0906010012059202603
0906010012060202603
0906010020053202603
0906010020054202603
0906010020058202603
0906010020059202603
0906010020060202603
0906010039053202603
0906010039054202603
0906010039058202603
0906010039059202603
0906010039060202603
0906010047053202603
0906010047054202603
0906010047058202603
0906010047059202603
0906010047060202603
0906010055053202603
0906010055054202603
0906010055058202603
0906010055059202603
0906010055060202603
