010101001001202603
010101002801202603
010101003601202603
010101009501202603
010101010901202603
010101011701202603
010101012501202603
010101013301202603
010101014101202603
010101015001202603
010101016801202603
010101017601202603
010101018401202603
010101019201202603
010101020601202603
010101021401202603
010101022201202603
010101023001202603
010101024901202603
010101025701202603
010101026501202603
010101027301202603
010101028101202603
010101029001202603
010101030301202603
010102001501202603
010102002301202603
010102003101202603
010102004001202603
010102005801202603
010102005802202603
010102005803202603
010102005806202603
010102006601202603
010102006602202603
010102006603202603
010102007401202603
010102007402202603
010102007403202603
010102008201202603
010102009001202603
010102009002202603
010102009003202603
010102010401202603
010102010406202603
010102011201202603
010102011206202603
010102012001202603
010102012006202603
010103001001202603
010103001006202603
010103002901202603
010104002401202603
010104003201202603
010104004001202603
010104005901202603
010104005902202603
010104007501202603
010104008301202603
010104009101202603
010104010501202603
010104011301202603
010104012101202603
010105001101202603
010105001102202603
010105001103202603
010105001106202603
010105002001202603
010105002002202603
010105002003202603
010105002006202603
010105004601202603
010105004602202603
010105004603202603
010105004606202603
010105005401202603
010105005402202603
010105005403202603
010105005406202603
010105006201202603
010105006202202603
010105006203202603
010105006206202603
010105007001202603
010105007002202603
010105007003202603
010105007006202603
010105008901202603
010105008902202603
010105008903202603
010105008906202603
010105009701202603
010105009702202603
010105009703202603
010105009706202603
010105010001202603
010105010006202603
010105011901202603
010105011902202603
010105011903202603
010105011906202603
010105012701202603
010105012702202603
010105012703202603
010105012706202603
010105013501202603
010105013502202603
010105013503202603
010105013506202603
010105014301202603
010105014302202603
010105014303202603
010105014306202603
010105015101202603
010105015106202603
010105016001202603
010105016006202603
010105017801202603
010105017806202603
010105018601202603
010105019401202603
010105020801202603
010105021601202603
010105022401202603
010105023201202603
010105024001202603
010105025901202603
010105026701202603
010201005601202603
010201006401202603
010201007201202603
010201014501202603
010201015301202603
010201016101202603
010201017001202603
010201018801202603
010201019601202603
010201020001202603
010201021801202603
010201022601202603
010201023401202603
010201024201202603
010201025001202603
010201026901202603
010201027701202603
010201028501202603
010201029301202603
010201030701202603
010201031501202603
010201032301202603
010201033101202603
010201034001202603
010201035801202603
010201036601202603
010201037401202603
010201038201202603
010201039001202603
010201040401202603
010201041201202603
010201042001202603
010201043901202603
010201044701202603
010201045501202603
010201046301202603
010201047101202603
010201048001202603
010201049801202603
010201050101202603
010201051001202603
010201052801202603
010201053601202603
010201054401202603
010201055201202603
010201056001202603
010201057901202603
010201058701202603
010201059501202603
010201060901202603
010201061701202603
010201062501202603
010201063301202603
010201064101202603
010201065001202603
010201066801202603
010202001901202603
010202002701202603
010202003501202603
010202004301202603
010202005101202603
010202006001202603
010202007801202603
010202008601202603
010202009401202603
010202010801202603
010202011601202603
010202012401202603
010202013201202603
010202014001202603
020101001101202603
020101001102202603
020101001103202603
020101002001202603
020101002002202603
020101002003202603
020101003802202603
020101003803202603
020101004601202603
020101004602202603
020101004603202603
020101005402202603
020101005403202603
020101006201202603
020101006202202603
020101006203202603
020101007001202603
020101007002202603
020101007003202603
020101008901202603
020101008902202603
020101008903202603
020101009701202603
020101009702202603
020101009703202603
020101010001202603
020101010002202603
020101010003202603
020101011901202603
020101011902202603
020101011903202603
020101012702202603
020101012703202603
020101013502202603
020101013503202603
020101014302202603
020101014303202603
020101015101202603
020101015102202603
020101015103202603
020101016001202603
020101016002202603
020101016003202603
020101017801202603
020101017802202603
020101017803202603
020101018601202603
020101018602202603
020101018603202603
020101019401202603
020101019402202603
020101019403202603
020101020802202603
020101020803202603
020101021601202603
020101021602202603
020101021603202603
020101022401202603
020101022402202603
020101022403202603
020101023201202603
020101023202202603
020101023203202603
020101024001202603
020101024002202603
020101024003202603
020101025902202603
020101025903202603
020101026701202603
020101026702202603
020101026703202603
020101027501202603
020101027502202603
020101027503202603
020101028301202603
020101028302202603
020101028303202603
020101029101202603
020101029102202603
020101029103202603
020101030501202603
020101030502202603
020101030503202603
020101031301202603
020101031302202603
020101031303202603
020101032101202603
020101032102202603
020101032103202603
020101033001202603
020101033002202603
020101033003202603
020101034801202603
020101034802202603
020101034803202603
020101035601202603
020101036401202603
020101037201202603
020101037202202603
020101037203202603
020101038001202603
020101038002202603
020101038003202603
020101039901202603
020101039902202603
020101039903202603
020101040201202603
020101040202202603
020101040203202603
020101041001202603
020101041002202603
020101041003202603
020101042902202603
020101043701202603
020101043702202603
020101043703202603
020101044501202603
020101044502202603
020101044503202603
020101045301202603
020101045302202603
020101045303202603
020101046101202603
020101046102202603
020101046103202603
020101047001202603
020101047002202603
020101047003202603
020101048801202603
020101048802202603
020101048803202603
020101049601202603
020101049602202603
020101049603202603
020101050001202603
020101050002202603
020101050003202603
020101051801202603
020101051802202603
020101051803202603
020101052601202603
020101052602202603
020101052603202603
020101053402202603
020101053403202603
020101054201202603
020101054202202603
020101054203202603
020101055002202603
020101055003202603
020101056901202603
020101056902202603
020101056903202603
020101058501202603
020101059301202603
020101059302202603
020101059303202603
020101060701202603
020101061501202603
020101061502202603
020101061503202603
020101062301202603
020101062302202603
020101062303202603
020101063101202603
020101063102202603
020101063103202603
020101064001202603
020101064002202603
020101064003202603
020101065801202603
020101065802202603
020101065803202603
020101066601202603
020101066602202603
020101066603202603
020102001701202603
020102001702202603
020102001703202603
020102002501202603
020102002502202603
020102002503202603
020102003301202603
020102003302202603
020102003303202603
020102003306202603
020102004101202603
020102004102202603
020102004103202603
020102004106202603
020102005001202603
020102005002202603
020102005003202603
020102006801202603
020102007601202603
020102008401202603
020201001501202603
020201001502202603
020201001503202603
020201002301202603
020201002302202603
020201002303202603
020201003101202603
020201003102202603
020201003103202603
020201004001202603
020201004002202603
020201004003202603
020201005801202603
020201005802202603
020201005803202603
020201006601202603
020201006602202603
020201006603202603
020201007401202603
020201007402202603
020201007403202603
020201008201202603
020201008202202603
020201008203202603
020201009001202603
020201009002202603
020201009003202603
020201010401202603
020201010402202603
020201010403202603
020201011201202603
020201011202202603
020201011203202603
020201012001202603
020201012002202603
020201012003202603
020201013901202603
020201013902202603
020201013903202603
020201014701202603
020201014702202603
020201014703202603
020201015501202603
020201015502202603
020201015503202603
020201016301202603
020201016302202603
020201016303202603
020201017101202603
020201017102202603
020201017103202603
020201018001202603
020201018002202603
020201018003202603
020201019801202603
020201019802202603
020201019803202603
020201020101202603
020201020102202603
020201020103202603
020201021001202603
020201021002202603
020201021003202603
020201022801202603
020201022802202603
020201022803202603
020201023601202603
020201023602202603
020201023603202603
020201024402202603
020201024403202603
020201025201202603
020201025202202603
020201025203202603
020201026001202603
020201026002202603
020201026003202603
020201027901202603
020201027902202603
020201027903202603
020201028701202603
020201028702202603
020201028703202603
020201029501202603
020201029502202603
020201029503202603
020201030901202603
020201030902202603
020201030903202603
020201031701202603
020201031702202603
020201031703202603
020201032501202603
020201032502202603
020201032503202603
020201033301202603
020201033302202603
020201033303202603
020201034101202603
020201034102202603
020201034103202603
020201035001202603
020201035002202603
020201035003202603
020201036801202603
020201036802202603
020201036803202603
020201037601202603
020201037602202603
020201037603202603
020201038401202603
020201038402202603
020201038403202603
020201039201202603
020201039202202603
020201039203202603
020201040601202603
020201040602202603
020201040603202603
020201041401202603
020201041402202603
020201041403202603
020201042201202603
020201042202202603
020201042203202603
020201043001202603
020201043002202603
020201043003202603
020201044901202603
020201044902202603
020201044903202603
020201045701202603
020201045702202603
020201045703202603
020201046501202603
020201046502202603
020201046503202603
020201047301202603
020201047302202603
020201047303202603
020201048101202603
020201048102202603
020201048103202603
020201049001202603
020201049002202603
020201049003202603
020201050301202603
020201050302202603
020201050303202603
020201051101202603
020201051102202603
020201051103202603
020201052001202603
020201053801202603
020201053802202603
020201053803202603
020201054601202603
020201054602202603
020201054603202603
020201055401202603
020201055402202603
020201055403202603
020201056201202603
020201056202202603
020201056203202603
020201057001202603
020201057002202603
020201057003202603
020201058901202603
020201058902202603
020201058903202603
020201059701202603
020201059702202603
020201059703202603
020201060001202603
020201060002202603
020201060003202603
020201061901202603
020201061902202603
020201061903202603
020201062701202603
020201062702202603
020201062703202603
020201063501202603
020201063502202603
020201063503202603
020201064301202603
020201064302202603
020201064303202603
020201065101202603
020201065102202603
020201065103202603
020201066001202603
020201066002202603
020201066003202603
020201067801202603
020201067802202603
020201067803202603
020201068601202603
020201068602202603
020201068603202603
020201069401202603
020201069402202603
020201069403202603
020201070801202603
020201070802202603
020201070803202603
020201071601202603
020201071602202603
020201071603202603
020201072401202603
020201072402202603
020201072403202603
020201073201202603
020201073202202603
020201073203202603
020201074001202603
020201074002202603
020201074003202603
020201075901202603
020201075902202603
020201075903202603
020201076701202603
020201076702202603
020201076703202603
020201077501202603
020201078301202603
020201079101202603
020202001001202603
020202001002202603
020202001003202603
020202002901202603
020202002902202603
020202002903202603
020202003701202603
020202003702202603
020202003703202603
020202004501202603
020202004502202603
020202004503202603
020202005301202603
020202005302202603
020202005303202603
020202006101202603
020202006102202603
020202006103202603
020202007001202603
020202007002202603
020202007003202603
020202008801202603
020202008802202603
020202008803202603
020202009601202603
020202009602202603
020202009603202603
020202010001202603
020202010002202603
020202010003202603
020202011801202603
020202012601202603
020202012602202603
020202013401202603
020202013402202603
020202013403202603
020202014201202603
020202014202202603
020202014203202603
020202015001202603
020202015002202603
020202015003202603
020202016901202603
020202016902202603
020202016903202603
020202017701202603
020202017702202603
020202017703202603
020202018501202603
020202018502202603
020202018503202603
020202019301202603
020202019302202603
020202019303202603
020202020701202603
020202020702202603
020202020703202603
020202021501202603
020202021502202603
020202021503202603
020202022301202603
020202022302202603
020202022303202603
020202023101202603
020202023102202603
020202023103202603
020202024001202603
020202024002202603
020202024003202603
020202025801202603
020202025802202603
020202025803202603
020202026601202603
020202026602202603
020202026603202603
020202027401202603
020202027402202603
020202027403202603
020202028201202603
020202028202202603
020202028203202603
020202029001202603
020202029002202603
020202029003202603
020202030401202603
020202030402202603
020202030403202603
020202031201202603
020202031202202603
020202031203202603
020202032001202603
020202032002202603
020202032003202603
020202033901202603
020202033902202603
020202033903202603
020202034701202603
020202034702202603
020202034703202603
020202035501202603
020202035502202603
020202035503202603
020202036301202603
020202036302202603
020202036303202603
020202037101202603
020202037102202603
020202037103202603
020202038001202603
020202038002202603
020202038003202603
020202039801202603
020202039802202603
020202039803202603
020202040101202603
020202040102202603
020202040103202603
020202041001202603
020202041002202603
020202041003202603
020202042801202603
020202042802202603
020202042803202603
020202043601202603
020202043602202603
020202043603202603
020202044401202603
020202044402202603
020202044403202603
020202045201202603
020202045202202603
020202045203202603
020202046001202603
020202046002202603
020202046003202603
020202047902202603
020202048701202603
020202048702202603
020202048703202603
020202049501202603
020202049502202603
020202049503202603
020202050901202603
020202050902202603
020202050903202603
020202051701202603
020202052501202603
020202052502202603
020202052503202603
020202053301202603
020202053302202603
020202053303202603
020202054101202603
020202054102202603
020202054103202603
020202055001202603
020202055002202603
020202056801202603
020202056802202603
020202057601202603
020202057602202603
020203001601202603
020203001602202603
020203001603202603
020203002401202603
020203002402202603
020203002403202603
020203003201202603
020203003202202603
020203003203202603
020203004001202603
020203004002202603
020203004003202603
020203005901202603
020203005902202603
020203005903202603
020203006701202603
020203006702202603
020203006703202603
020203007501202603
020203007502202603
020203007503202603
020203008301202603
020203008302202603
020203008303202603
020203009101202603
020203009102202603
020203009103202603
020203010501202603
020203010502202603
020203010503202603
020203011301202603
020203011302202603
020203011303202603
020203012101202603
020203012102202603
020203012103202603
020203013001202603
020203013002202603
020203013003202603
020203014801202603
020203014802202603
020203014803202603
020203015601202603
020203015602202603
020203015603202603
020203016401202603
020203016402202603
020203016403202603
020203017202202603
020203017203202603
020203018001202603
020203018002202603
020203018003202603
020203019901202603
020203019902202603
020203019903202603
020203020201202603
020203020202202603
020203020203202603
020203022901202603
020203022902202603
020203022903202603
020203023701202603
020203023702202603
020203024501202603
020203024502202603
020203024503202603
020203024506202603
020203025301202603
020203025302202603
020203025303202603
020203026101202603
020203027001202603
020203027002202603
020203027003202603
020203028801202603
020203028802202603
020203028803202603
020203029601202603
020203029602202603
020203029603202603
020203032601202603
020203032602202603
020203032603202603
020203033401202603
020203033402202603
020203033403202603
020203034201202603
020203034202202603
020203034203202603
020203035001202603
020203035002202603
020203035003202603
020203036901202603
020203036902202603
020203036903202603
020203037701202603
020203037702202603
020203037703202603
020203038501202603
020203038502202603
020203038503202603
020203039301202603
020203039302202603
020203039303202603
020203040701202603
020203040702202603
020203040703202603
020203041501202603
020203041502202603
020203041503202603
020203042301202603
020203042302202603
020203042303202603
020203043101202603
020203043102202603
020203043103202603
020203044001202603
020203044002202603
020203044003202603
020203045801202603
020203045802202603
020203045803202603
020203046601202603
020203046602202603
020203046603202603
020203047401202603
020203047402202603
020203047403202603
020203048201202603
020203048202202603
020203048203202603
020203050401202603
020203050402202603
020203050403202603
020203051201202603
020203051202202603
020203051203202603
020203052001202603
020203052002202603
020203052003202603
020203053901202603
020203053902202603
020203053903202603
020203054701202603
020203054702202603
020203054703202603
020203055501202603
020203055502202603
020203055503202603
020203056301202603
020203056302202603
020203056303202603
020203057101202603
020203057102202603
020203057103202603
020203058001202603
020203058002202603
020203058003202603
020203059801202603
020203059802202603
020203059803202603
020203060101202603
020203060102202603
020203061001202603
020203061002202603
020203061003202603
020203062801202603
020203062802202603
020203062803202603
020203063601202603
020203063602202603
020203063603202603
020203064401202603
020203064402202603
020203064403202603
020203065201202603
020203065202202603
020203065203202603
020203066001202603
020203066002202603
020203066003202603
020203068701202603
020203068702202603
020203068703202603
020203069501202603
020203069502202603
020203069503202603
020203070901202603
020203070902202603
020203070903202603
020203071701202603
020203071702202603
020203071703202603
020203072501202603
020203072502202603
020203072503202603
020203073301202603
020203073302202603
020203073303202603
020203074101202603
020203074102202603
020203074103202603
020203075001202603
020203075002202603
020203075003202603
020203076801202603
020203076802202603
020203076803202603
020203077601202603
020203077602202603
020203077603202603
020203078401202603
020203078402202603
020203078403202603
020203079201202603
020203079202202603
020203079203202603
020203080601202603
020203080602202603
020203080603202603
020203081401202603
020203081402202603
020203081403202603
020203082201202603
020203082202202603
020203082203202603
020203083001202603
020203083002202603
020203083003202603
020203084901202603
020203084902202603
020203084903202603
020203085701202603
020203085702202603
020203085703202603
020203086501202603
020203086502202603
020203086503202603
020203087301202603
020203087302202603
020203087303202603
020203088101202603
020203088102202603
020203088103202603
020203089001202603
020203089002202603
020203089003202603
020203090301202603
020203090302202603
020203090303202603
020203091101202603
020203091102202603
020203091103202603
020203092001202603
020203092002202603
020203092003202603
020203093801202603
020203093802202603
020203093803202603
020203094601202603
020203094602202603
020203094603202603
020203095401202603
020203095402202603
020203095403202603
020203096201202603
020203096202202603
020203096203202603
020203098901202603
020203098902202603
020203098903202603
020203099701202603
020203099702202603
020203099703202603
020203100401202603
020203100402202603
020203100403202603
020203101201202603
020203101202202603
020203101203202603
020203103901202603
020203103902202603
020203103903202603
020203104701202603
020203104702202603
020203104703202603
020203105501202603
020203106301202603
020203106302202603
020203106303202603
020203107101202603
020203107102202603
020203107103202603
020203108001202603
020203110101202603
020203110102202603
020203110103202603
020203111001202603
020203111002202603
020203111003202603
020203114401202603
020203114402202603
020203114403202603
020203115201202603
020203115202202603
020203115203202603
020203117901202603
020203117902202603
020203117903202603
020203118701202603
020203118702202603
020203118703202603
020203119501202603
020203119502202603
020203119503202603
020203120901202603
020203120902202603
020203120903202603
020203121701202603
020203122501202603
020203122502202603
020203122503202603
020203123301202603
020203123302202603
020203123303202603
020203124101202603
020203127601202603
020203127602202603
020203127603202603
020203128401202603
020203128402202603
020203129201202603
020203129202202603
020203130601202603
020203130602202603
020203131401202603
020203131402202603
020203132201202603
020203132202202603
020203136501202603
020203136502202603
020203136503202603
020203137301202603
020203137302202603
020203137303202603
020203138101202603
020203138102202603
020203138103202603
020203139001202603
020203139002202603
020203139003202603
020203140301202603
020203140302202603
020203140303202603
020203141101202603
020203141102202603
020203141103202603
020203142001202603
020203142002202603
020203142003202603
020203143801202603
020203143802202603
020203143803202603
020203144601202603
020203144602202603
020203144603202603
020203145401202603
020203145402202603
020203145403202603
020203146201202603
020203146202202603
020203146203202603
020203147001202603
020203147002202603
020203147003202603
020203148901202603
020203148902202603
020203148903202603
020203149701202603
020203149702202603
020203149703202603
020203150001202603
020203150002202603
020203150003202603
020203151901202603
020203151902202603
020203151903202603
020203152701202603
020203152702202603
020203152703202603
020203153501202603
020203153502202603
020203153503202603
020203154301202603
020203154302202603
020203154303202603
020203155101202603
020203155102202603
020203155103202603
020203156001202603
020203157801202603
020203158601202603
020203159401202603
020203160801202603
020203161601202603
020204001101202603
020204001102202603
020204001103202603
020204002001202603
020204002002202603
020204002003202603
020204003801202603
020204003802202603
020204003803202603
020204004601202603
020204004602202603
020204004603202603
020204005401202603
020204005402202603
020204005403202603
020204006201202603
020204006202202603
020204006203202603
020204007001202603
020204007002202603
020204007003202603
020204008901202603
020204008902202603
020204008903202603
020204009701202603
020204009702202603
020204009703202603
020204010001202603
020204010002202603
020204010003202603
020204011901202603
020204012701202603
020204012702202603
020204012703202603
020204013501202603
020204013502202603
020204013503202603
020204014301202603
020204014302202603
020204014303202603
020204015101202603
020204015102202603
020204015103202603
020204016001202603
020204016002202603
020204016003202603
020204017801202603
020204017802202603
020204017803202603
020204018601202603
020204018602202603
020205001701202603
020205001702202603
020205001703202603
020205002501202603
020205002502202603
020205002503202603
020205003301202603
020205003302202603
020205003303202603
020205004101202603
020205004102202603
020205004103202603
020205005001202603
020205005002202603
020205005003202603
020205006801202603
020205006802202603
020205006803202603
020205007601202603
020205007602202603
020205007603202603
020205008401202603
020205008402202603
020205008403202603
020205009201202603
020205009202202603
020205009203202603
020205010601202603
020205010602202603
020205010603202603
020205011401202603
020205011402202603
020205011403202603
020205012201202603
020205012202202603
020205012203202603
020205013001202603
020205013002202603
020205013003202603
020205014901202603
020205014902202603
020205014903202603
020205015701202603
020205015702202603
020205015703202603
020205016501202603
020205016502202603
020205016503202603
020205017301202603
020205017302202603
020205017303202603
020205018101202603
020205018102202603
020205018103202603
020205019001202603
020205019002202603
020205019003202603
020205020301202603
020205020302202603
020205020303202603
020205021101202603
020205021102202603
020205021103202603
020205022001202603
020205022002202603
020205022003202603
020205023801202603
020205023802202603
020205023803202603
020205024601202603
020205024602202603
020205024603202603
020205025401202603
020205025402202603
020205025403202603
020205026201202603
020205026202202603
020205026203202603
020205027001202603
020205027002202603
020205027003202603
020205028901202603
020205028902202603
020205028903202603
020205029701202603
020205029702202603
020205029703202603
020205030001202603
020205030002202603
020205030003202603
020205031901202603
020205031902202603
020205031903202603
020205032701202603
020205032702202603
020205032703202603
020206001201202603
020206001202202603
020206001203202603
020206002001202603
020206002002202603
020206002003202603
020206003901202603
020206003902202603
020206003903202603
020206004701202603
020206004702202603
020206004703202603
020206005501202603
020206005502202603
020206005503202603
020206006301202603
020206006302202603
020206006303202603
020206007101202603
020206007102202603
020206007103202603
020206008001202603
020206008002202603
020206008003202603
020206009801202603
020206009802202603
020206009803202603
020206010101202603
020206010102202603
020206010103202603
020206011001202603
020206011002202603
020206011003202603
020206012801202603
020206012802202603
020206012803202603
020206013601202603
020206013602202603
020206013603202603
020206014401202603
020206014402202603
020206014403202603
020206015201202603
020206015202202603
020206015203202603
020206016001202603
020206016002202603
020206016003202603
020206017901202603
020206017902202603
020206017903202603
020206018701202603
020206018702202603
020206018703202603
020206019501202603
020206019502202603
020206019503202603
020206020901202603
020206020902202603
020206020903202603
020206021701202603
020206021702202603
020206021703202603
020206022501202603
020206022502202603
020206022503202603
020206023301202603
020206023302202603
020206023303202603
020206024101202603
020206024102202603
020206024103202603
020206025001202603
020206025002202603
020206025003202603
020206026801202603
020206026802202603
020206026803202603
020206027601202603
020206028401202603
020206028402202603
020206028403202603
020206029201202603
020206029202202603
020206029203202603
020206030601202603
020206030602202603
020206030603202603
020206031401202603
020206031402202603
020206031403202603
020206032201202603
020206033001202603
020206033002202603
020206033003202603
020206034901202603
020206034902202603
020206034903202603
020206035701202603
020206035702202603
020206036501202603
020206036502202603
020206036503202603
020206037301202603
020206037302202603
020206037303202603
020206038101202603
020206038102202603
020206038103202603
020206039001202603
020206039002202603
020206039003202603
020206040301202603
020206040302202603
020206040303202603
020206041101202603
020206041102202603
020206041103202603
020206042001202603
020206042002202603
020206042003202603
020206043801202603
020206043802202603
020206043803202603
020206044601202603
020206044602202603
020206044603202603
020206045401202603
020206045402202603
020206045403202603
020206046201202603
020206046202202603
020206046203202603
020206047001202603
020206047002202603
020206047003202603
020207001801202603
020207001802202603
020207001803202603
020207002601202603
020207002602202603
020207002603202603
020207003401202603
020207003402202603
020207003403202603
020207004201202603
020207004202202603
020207004203202603
020207005001202603
020207005002202603
020207005003202603
020207006901202603
020207006902202603
020207006903202603
020207007701202603
020207007702202603
020207007703202603
020207008501202603
020207008502202603
020207008503202603
020207009301202603
020207009302202603
020207009303202603
020207010701202603
020207010702202603
020207010703202603
020207011501202603
020207011502202603
020207011503202603
020207012301202603
020207012302202603
020207012303202603
020207013101202603
020207013102202603
020207013103202603
020207014001202603
020207014002202603
020207014003202603
020207015801202603
020207015802202603
020207015803202603
020207016601202603
020207016602202603
020207016603202603
020207017401202603
020207017402202603
020207017403202603
020207018201202603
020207018202202603
020207018203202603
020207019001202603
020207019002202603
020207019003202603
020207020401202603
020207020402202603
020207020403202603
020207021201202603
020207021202202603
020207021203202603
020207022001202603
020207022002202603
020207022003202603
020207023901202603
020207023902202603
020207023903202603
020207024701202603
020207024702202603
020207024703202603
020207025501202603
020207025502202603
020207025503202603
020207026301202603
020207026302202603
020207026303202603
020207027101202603
020207027102202603
020207027103202603
020207028001202603
020207028002202603
020207028003202603
020207029801202603
020207029802202603
020207029803202603
020207030101202603
020207030102202603
020207030103202603
020207031001202603
020207031002202603
020207031003202603
020207032801202603
020207032802202603
020207032803202603
020207033601202603
020207033602202603
020207033603202603
020207034401202603
020207034402202603
020207034403202603
020207035201202603
020207035202202603
020207035203202603
020208001301202603
020208001302202603
020208001303202603
020208002101202603
020208002102202603
020208002103202603
020208003001202603
020208003002202603
020208003003202603
020208004801202603
020208004802202603
020208004803202603
020208005601202603
020208005602202603
020208005603202603
020208006401202603
020208006402202603
020208006403202603
020208007201202603
020208007202202603
020208007203202603
020208008001202603
020208008002202603
020208008003202603
020208009901202603
020208009902202603
020208009903202603
020208010201202603
020208010202202603
020208010203202603
020208011001202603
020208011002202603
020208011003202603
020208012901202603
020208012902202603
020208012903202603
020208013701202603
020208013702202603
020208013703202603
020208014501202603
020208014502202603
020208014503202603
020208015301202603
020208015302202603
020208015303202603
020208016101202603
020208016102202603
020208016103202603
020208017001202603
020208017002202603
020208017003202603
020208018801202603
020208018802202603
020208018803202603
020208019601202603
020208019602202603
020208019603202603
020208020001202603
020208020002202603
020208020003202603
020208021801202603
020208021802202603
020208021803202603
020208022601202603
020208022602202603
020208022603202603
020208023401202603
020208023402202603
020208023403202603
020208024201202603
020208025001202603
020208025002202603
020208025003202603
020209001901202603
020209001902202603
020209001903202603
020209002701202603
020209002702202603
020209002703202603
020209003501202603
020209003502202603
020209003503202603
020209004301202603
020209004302202603
020209004303202603
020209005101202603
020209005102202603
020209005103202603
020209006001202603
020209006002202603
020209006003202603
020209007801202603
020209007802202603
020209007803202603
020209008601202603
020209008602202603
020209008603202603
020209009401202603
020209009402202603
020209009403202603
020209010801202603
020209010802202603
020209010803202603
020209011601202603
020209012401202603
020209012402202603
020209012403202603
020209013201202603
020209013202202603
020209013203202603
020209014002202603
020209015901202603
020209015902202603
020209015903202603
020209016701202603
020209016702202603
020209016703202603
020209017501202603
020209017502202603
020209017503202603
020209018301202603
020209018302202603
020209018303202603
020209019101202603
020209019102202603
020209019103202603
020209021301202603
020209021302202603
020209021303202603
020209022101202603
020209022102202603
020209022103202603
020209023001202603
020209023002202603
020209023003202603
020209024801202603
020209024802202603
020209024803202603
020209025601202603
020209025602202603
020209025603202603
020209026401202603
020209026402202603
020209026403202603
020209027201202603
020209027202202603
020209027203202603
020209028001202603
020209028002202603
020209028003202603
020209029901202603
020209029902202603
020209029903202603
020209030201202603
020209030202202603
020209030203202603
020209031001202603
020209031002202603
020209031003202603
020209032901202603
020209032902202603
020209032903202603
020209033701202603
020209033702202603
020209033703202603
020209034501202603
020209034502202603
020209034503202603
020209035301202603
020209035302202603
020209035303202603
020209036101202603
020209036102202603
020209036103202603
020210001401202603
020210001402202603
020210002201202603
020210002202202603
020210003001202603
020210003002202603
020210004901202603
020210004902202603
020210005701202603
020210006501202603
020210007301202603
020210008101202603
020210009001202603
020210010301202603
020210011101202603
020210012001202603
020210013801202603
020210014601202603
020210015401202603
020210016201202603
020210017001202603
020210018901202603
020210019701202603
020210020001202603
020210021901202603
020210021902202603
020210022701202603
020210022702202603
020210023501202603
020210023502202603
020210024301202603
020210024302202603
020210025101202603
020211001001202603
020211002801202603
020211003601202603
020211004401202603
020211005201202603
020211006001202603
020211007901202603
020211008701202603
020211009501202603
020211010901202603
020211011701202603
020211012501202603
020211013301202603
020211014101202603
020211015001202603
020212001501202603
020212001502202603
020212001503202603
020212002301202603
020212002302202603
020212002303202603
020212003101202603
020212003102202603
020212003103202603
020212004001202603
020212004002202603
020212004003202603
020212005801202603
020212005802202603
020212005803202603
020212006601202603
020212006602202603
020212006603202603
020212007401202603
020212007402202603
020212007403202603
020212008201202603
020212008202202603
020212008203202603
020212009001202603
020212009002202603
020212009003202603
020212010401202603
020212010402202603
020212010403202603
020301001901202603
020301002701202603
020301002702202603
020301002703202603
020301003501202603
020301003502202603
020301003503202603
020301004301202603
020301007801202603
020301008601202603
020302001401202603
020302002201202603
020302002202202603
020302003001202603
020302003002202603
020302003003202603
020302004901202603
020302004902202603
020302005702202603
020302006501202603
020302007301202603
020302008101202603
020401001201202603
020401001202202603
020401001203202603
020401002001202603
020401002002202603
020401002003202603
020401003901202603
020401003902202603
020401003903202603
020401004701202603
020401004702202603
020401004703202603
020401005501202603
020401005502202603
020401005503202603
020401006301202603
020401006302202603
020401006303202603
020401007101202603
020401007102202603
020401007103202603
020401008001202603
020401008002202603
020401008003202603
020401009801202603
020401009802202603
020401009803202603
020401010101202603
020401010102202603
020401010103202603
020401011001202603
020401011002202603
020401011003202603
020401012801202603
020401012802202603
020401012803202603
020401013601202603
020401013602202603
020401013603202603
020401014401202603
020401014402202603
020401014403202603
020401015201202603
020401015202202603
020401015203202603
020401016001202603
020401016002202603
020401016003202603
020401017901202603
020401017902202603
020401017903202603
020401019501202603
020401019502202603
020401019503202603
020401020901202603
020401020902202603
020401020903202603
020401021701202603
020401021702202603
020401021703202603
020401021706202603
020401022501202603
020401022502202603
020401022503202603
020401022506202603
020402001801202603
020402001802202603
020402001803202603
020402002601202603
020402002602202603
020402002603202603
020402003401202603
020402003402202603
020402003403202603
020402004201202603
020402004202202603
020402004203202603
020402005001202603
020402005002202603
020402005003202603
020402006901202603
020402006902202603
020402006903202603
020402007701202603
020402007702202603
020402007703202603
020402008501202603
020402008502202603
020402008503202603
020402009301202603
020402009302202603
020402010701202603
020402010702202603
020402010703202603
020402011501202603
020402011502202603
020402011503202603
020402012301202603
020402012302202603
020402012303202603
020402013101202603
020402013102202603
020402013103202603
020403001301202603
020403001302202603
020403001303202603
020403002101202603
020403002102202603
020403002103202603
020403003001202603
020403004801202603
020403004802202603
020403004803202603
020403005601202603
020403005602202603
020403005603202603
020403006401202603
020403006402202603
020403006403202603
020403007201202603
020403007202202603
020403007203202603
020403008001202603
020403008002202603
020403008003202603
020403009901202603
020403009902202603
020403009903202603
020403010201202603
020403010202202603
020403010203202603
020403011001202603
020403011002202603
020403011003202603
020403012901202603
020403012902202603
020403012903202603
020403013701202603
020403013702202603
020403013703202603
020403014501202603
020403014502202603
020403014503202603
020403015301202603
020403015302202603
020403015303202603
020403016101202603
020403017001202603
020403017002202603
020403017003202603
020403018801202603
020404001901202603
020404001902202603
020404001903202603
020404002701202603
020404002702202603
020404002703202603
020404003501202603
020404003502202603
020404003503202603
020404004301202603
020404004302202603
020404004303202603
020404005101202603
020404005102202603
020404005103202603
020404006001202603
020404006002202603
020404006003202603
020404007801202603
020404007802202603
020404007803202603
020404008601202603
020404008602202603
020404008603202603
020404009401202603
020404009402202603
020404009403202603
020404010801202603
020404010802202603
020404010803202603
020404011601202603
020404011602202603
020404011603202603
020404012401202603
020404012402202603
020405001401202603
020405001402202603
020405001403202603
020405002201202603
020405002202202603
020405002203202603
020405003001202603
020405003002202603
020405003003202603
020405004901202603
020405004902202603
020405004903202603
020405005701202603
020405005702202603
020405005703202603
020405006501202603
020405006502202603
020405006503202603
020405007301202603
020405007302202603
020405007303202603
020405008101202603
020405008102202603
020405008103202603
020405009002202603
020405009003202603
020405010301202603
020405010302202603
020405010303202603
020405011101202603
020405011102202603
020405011103202603
020405012001202603
020405012002202603
020405012003202603
020405013801202603
020405013802202603
020405013803202603
020405014601202603
020405014602202603
020405014603202603
020405015401202603
020405015402202603
020405015403202603
020405016201202603
020405016202202603
020405016203202603
020405017001202603
020405017002202603
020405017003202603
020405018901202603
020405018902202603
020405018903202603
020406001001202603
020406001002202603
020406001003202603
020406002801202603
020406002802202603
020406002803202603
020406003601202603
020406003602202603
020406003603202603
020406004401202603
020406004402202603
020406004403202603
020406005201202603
020406006001202603
020406006002202603
020406006003202603
020406007901202603
020406007902202603
020406007903202603
020406008701202603
020406008702202603
020406008703202603
020406009501202603
020406009502202603
020406009503202603
020406010901202603
020406010902202603
020406010903202603
020406011701202603
020406011702202603
020406011703202603
020406012501202603
020406012502202603
020406012503202603
020406013301202603
020406013302202603
020406013303202603
020406014101202603
020406014102202603
020406014103202603
020406015001202603
020406015002202603
020406015003202603
020406016801202603
020406016802202603
020406016803202603
020406017601202603
020406017602202603
020406017603202603
020501001601202603
020501001602202603
020501001603202603
020501002401202603
020501002402202603
020501002403202603
020501003201202603
020501003202202603
020501003203202603
020501004001202603
020501004002202603
020501004003202603
020501005901202603
020501005902202603
020501005903202603
020502001101202603
020502001102202603
020502001103202603
020502002001202603
020502003801202603
020502003802202603
020502003803202603
020502004601202603
020502004602202603
020502004603202603
020502005401202603
020502005402202603
020502005403202603
020502006201202603
020502006202202603
020502006203202603
020502007001202603
020502007002202603
020502007003202603
020502008901202603
020502008902202603
020502008903202603
020502009701202603
020502009702202603
020502009703202603
020502010001202603
020502010002202603
020502010003202603
020502011901202603
020502011902202603
020502011903202603
020502012701202603
020502012702202603
020502012703202603
020502013501202603
020502013502202603
020502013503202603
020502014301202603
020502014302202603
020502014303202603
020502015101202603
020502015102202603
020502016001202603
020502016002202603
020502016003202603
020502017801202603
020502017802202603
020502017803202603
020502018601202603
020502018602202603
020502018603202603
020502019401202603
020502019402202603
020502019403202603
020502022401202603
020502022402202603
020502022403202603
020601001001202603
020601001002202603
020601001003202603
020601002801202603
020601002802202603
020601002803202603
020601003601202603
020601003602202603
020601003603202603
020601004401202603
020601004402202603
020601004403202603
020601005201202603
020601005202202603
020601005203202603
020601006001202603
020601006002202603
020601006003202603
020601007901202603
020601007902202603
020601007903202603
020601008701202603
020601008702202603
020601008703202603
020601009501202603
020602001501202603
020602001502202603
020602001503202603
020602002301202603
020602002302202603
020602002303202603
020602003101202603
020602003102202603
020602003103202603
020602004002202603
020602004003202603
020603001001202603
020603001002202603
020603001003202603
020603002901202603
020603002902202603
020603002903202603
020603003701202603
020603003702202603
020603003703202603
020701001301202603
020701001302202603
020701001303202603
020701002101202603
020701002102202603
020701002103202603
020701003001202603
020701003002202603
020701003003202603
020701004801202603
020701004802202603
020701004803202603
020701005601202603
020701005602202603
020701005603202603
020701006401202603
020701006402202603
020701006403202603
020701007201202603
020701007202202603
020701007203202603
020702001901202603
020702001902202603
020702001903202603
020702002701202603
020702002702202603
020702002703202603
020702003501202603
020702003502202603
020702003503202603
020702006001202603
020702006002202603
020702006003202603
020703001401202603
020703001402202603
020703001403202603
020703002201202603
020703002202202603
020703002203202603
020703003001202603
020703003002202603
020703003003202603
020703004901202603
020703004902202603
020703004903202603
020703005701202603
020703005702202603
020703005703202603
020801001701202603
020801001702202603
020801001703202603
020801002501202603
020801002502202603
020801002503202603
020801003301202603
020801003302202603
020801003303202603
020801004101202603
020801004102202603
020801004103202603
020801005001202603
020801005002202603
020801005003202603
020801006801202603
020801006802202603
020801006803202603
020801007601202603
020801007602202603
020801007603202603
020801008401202603
020801008402202603
020801008403202603
020801009201202603
020801009202202603
020801009203202603
020802001201202603
020802001202202603
020802001203202603
020802002001202603
020802002002202603
020802002003202603
020802003901202603
020802003902202603
020802003903202603
020802004702202603
020802004703202603
020802005501202603
020802005502202603
020802005503202603
020802006301202603
020802006302202603
020802006303202603
020802007101202603
020802007102202603
020802007103202603
020802008001202603
020802008002202603
020802008003202603
020802009801202603
020802009802202603
020802009803202603
020802010101202603
020802010102202603
020802010103202603
020802011001202603
020802011002202603
020802011003202603
020802012801202603
020802012802202603
020802012803202603
020803001801202603
020803001802202603
020803001803202603
020803002601202603
020803002602202603
020803002603202603
020803003401202603
020803003402202603
020803003403202603
020803004201202603
020803004202202603
020803004203202603
020803005001202603
020803005002202603
020803005003202603
020804001302202603
020804001303202603
020804002101202603
020804002102202603
020804002103202603
020804003001202603
020804003002202603
020804003003202603
020804004802202603
020804004803202603
020804005601202603
020804005602202603
020804005603202603
020804006401202603
020804006402202603
020804006403202603
020804007201202603
020804007202202603
020804007203202603
020804008001202603
020804008002202603
020804008003202603
020804009901202603
020804009902202603
020804009903202603
020804010201202603
020804010202202603
020804010203202603
020805001901202603
020805001902202603
020805001903202603
020805002702202603
020805002703202603
020805003501202603
020805003502202603
020805003503202603
020805004301202603
020805004302202603
020805004303202603
020806001401202603
020806001402202603
020806001403202603
020806002201202603
020806002202202603
020806002203202603
020806003001202603
020806003002202603
020806003003202603
020807001001202603
020807001002202603
020807001003202603
020807002801202603
020807002802202603
020807002803202603
020807003601202603
020807003602202603
020807003603202603
020807004401202603
020807004402202603
020807004403202603
020808001501202603
020808001502202603
020808001503202603
020808002301202603
020808002302202603
020808002303202603
020808003101202603
020808003102202603
020808003103202603
020808004001202603
020808004002202603
020808004003202603
020809001001202603
020809001002202603
020809001003202603
020809002901202603
020809002902202603
020809002903202603
020809003701202603
020809003702202603
020809003703202603
020901001001202603
020901001002202603
020901001003202603
020901002901202603
020901002902202603
020901002903202603
020901003701202603
020901003702202603
020901003703202603
020901004501202603
020901004502202603
020901004503202603
020901005301202603
020901005302202603
020901005303202603
020901006101202603
020901006102202603
020901006103202603
020902001601202603
020902001602202603
020902001603202603
020903001101202603
020903001102202603
020903001103202603
020904001701202603
020904001702202603
020904001703202603
020904002501202603
020904002502202603
020904002503202603
020904003301202603
020904003302202603
020904003303202603
020904004101202603
020904004102202603
020904004103202603
020904005002202603
020904005003202603
021001001002202603
021001001003202603
021001002901202603
021001003701202603
021001003702202603
021001003703202603
021001004501202603
021001004502202603
021001004503202603
021001005301202603
021001005302202603
021001005303202603
021001006101202603
021001006102202603
021001006103202603
021001007001202603
021001007002202603
021001007003202603
021001008801202603
021001008802202603
021001009601202603
021001009602202603
021001009603202603
021001010001202603
021001010002202603
021001010003202603
021001011801202603
021001011802202603
021001011803202603
021001012601202603
021001012602202603
021001012603202603
021001013401202603
021001013402202603
021001013403202603
021001014201202603
021001014202202603
021001014203202603
021001015001202603
021001015002202603
021001015003202603
021001016901202603
021001016902202603
021001016903202603
021001017701202603
021001017702202603
021001018501202603
021001018502202603
021001019301202603
021001019302202603
021001019303202603
021001020701202603
021001020702202603
021001020703202603
021002001601202603
021002001602202603
021002001603202603
021101001401202603
021101002201202603
021101002202202603
021101002203202603
021101003001202603
021101003002202603
021101003003202603
021101004901202603
021102001001202603
021102001002202603
021102001003202603
021102002801202603
021102002802202603
021102002803202603
021102003601202603
021102003602202603
021102003603202603
021102003606202603
021102004401202603
021102004402202603
021102004403202603
021102005201202603
021102006001202603
021102006002202603
021102006003202603
021102007902202603
021102007903202603
021102008701202603
021102009501202603
021103001501202603
021103001502202603
021103002301202603
021103002302202603
021103003101202603
021103003102202603
021103004001202603
021103004002202603
021103004003202603
021103005801202603
021103005802202603
021103005803202603
021103006601202603
021103006602202603
021103006603202603
021103007401202603
021103007402202603
021103007403202603
021103008201202603
021103008202202603
021103008203202603
021103009001202603
021103009002202603
021104001001202603
021104001002202603
021104001003202603
021104002901202603
021104002902202603
021104002903202603
021104003701202603
021104004501202603
021104005301202603
021104006101202603
021104006102202603
021104006103202603
021105002401202603
021105002402202603
021105002403202603
021105003201202603
021105003202202603
021105003203202603
021105004001202603
021105004002202603
021105004003202603
021105005901202603
021105006701202603
021105006702202603
021105006703202603
021105007501202603
021105008301202603
021105008302202603
021105008303202603
021105009102202603
021105010501202603
021105010502202603
021105010503202603
021105011301202603
021105011302202603
021105011303202603
021105012101202603
021105012102202603
021105012103202603
021105013001202603
021105013002202603
021105013003202603
021105014802202603
021105015601202603
021106001101202603
021106002001202603
021106003801202603
021106005401202603
021106006201202603
021106007001202603
021106008901202603
021106009701202603
021106010001202603
021106011901202603
021106012701202603
021106013501202603
021106014301202603
021106015101202603
021106016001202603
021106017801202603
021106018601202603
021106020801202603
021106021601202603
021106022401202603
021106023201202603
021106024001202603
021106025901202603
021106025902202603
021106025903202603
021106026701202603
021106027501202603
021106028301202603
021107001701202603
021107002501202603
021107002502202603
021107002503202603
021107003301202603
021107004101202603
021107004102202603
021107004103202603
021107005001202603
021107006801202603
021107006802202603
021107006803202603
021107007601202603
021107007602202603
021107007603202603
021107008401202603
021107008402202603
021107008403202603
021107009201202603
021107010601202603
021107011401202603
021107011402202603
021107011403202603
021107012201202603
021107013001202603
021107014901202603
021107014902202603
021107014903202603
021107015701202603
021107015702202603
021107015703202603
021107016501202603
021107017301202603
021107018101202603
021107019001202603
021107020301202603
021107020302202603
021107020303202603
021107021101202603
021107021102202603
021107022001202603
021107023801202603
021107024601202603
021107025401202603
021107026201202603
021107026202202603
021107026203202603
021107027001202603
021107027002202603
021107027003202603
021107028901202603
021107029701202603
021107030001202603
021107031901202603
021107032701202603
021107033501202603
021107034301202603
021107035101202603
021107035102202603
021107035103202603
021107036001202603
021107037801202603
021107038601202603
021107039401202603
021107039402202603
021107039403202603
021107040801202603
021107040802202603
021107040803202603
021107041601202603
021107042401202603
021107042402202603
021107042403202603
021107043201202603
021107043202202603
021107043203202603
021108001201202603
021108001202202603
021108001203202603
021108002001202603
021108003901202603
021108004701202603
021108004702202603
021108004703202603
021108005501202603
021108006301202603
021108006302202603
021108006303202603
021108007101202603
021108007102202603
021108007103202603
021108008001202603
021108008002202603
021108008003202603
021109001801202603
021109002601202603
021109003401202603
021109004201202603
021109004202202603
021109004203202603
021109005001202603
021109006901202603
021109007701202603
021110001301202603
021110001302202603
021110001303202603
021201001801202603
021201002601202603
021201002602202603
021201002603202603
021201003401202603
021201003402202603
021201003403202603
021201004201202603
021201005001202603
021201006901202603
021202001301202603
021202002101202603
021202003001202603
021202004801202603
021202005601202603
021202006401202603
021301002001202603
021301003801202603
021301005401202603
021301006201202603
021301007001202603
021301008901202603
021301009701202603
021301010001202603
021301011901202603
021301012701202603
021301013501202603
021301014301202603
021301016001202603
021301017801202603
021301018601202603
021301019401202603
021301020801202603
021301021601202603
021301022401202603
021301023201202603
021301024001202603
021301025901202603
021301026701202603
021301027501202603
021301029101202603
021301030501202603
021301032101202603
021301033001202603
021301034801202603
021301035601202603
021301036401202603
021301037201202603
021301038001202603
021301039901202603
021301040201202603
021301041001202603
021301042901202603
021301043701202603
021301044501202603
021301045301202603
021301046101202603
021301047001202603
021301048801202603
021301049601202603
021301050001202603
021301051801202603
021301052601202603
021301053401202603
021301054201202603
021301055001202603
021301056901202603
021301057701202603
021301058501202603
021301060701202603
021301061501202603
021301062301202603
021301063101202603
021301064001202603
021301065801202603
021301066601202603
021301067401202603
021301068201202603
021301069001202603
021301070401202603
021301072001202603
021301073901202603
021301073902202603
021301074701202603
021301074702202603
021301075501202603
021301075502202603
021301075503202603
021301076301202603
021301076302202603
021301076303202603
021301077101202603
021301077102202603
021301077103202603
021301078001202603
021301078002202603
021301078003202603
021301079801202603
021301079802202603
021301079803202603
021301080101202603
021301080102202603
021301080103202603
021301081001202603
021301081002202603
021301081003202603
021301082801202603
021301082802202603
021301082803202603
021301083601202603
021301083602202603
021301083603202603
021302001701202603
021302002501202603
021302003301202603
021302004101202603
021302005001202603
021302006801202603
021302007601202603
021302008401202603
021401001501202603
021401001502202603
021401001503202603
021401001506202603
021401002301202603
021401002302202603
021401002303202603
021401003101202603
021401003102202603
021401003103202603
021401005801202603
021401005802202603
021401005803202603
021401006601202603
021401007401202603
021401007402202603
021401007403202603
021401011201202603
021401011202202603
021401011203202603
021401012001202603
021401012002202603
021401012003202603
021401013901202603
021401013902202603
021401013903202603
021401015501202603
021401016301202603
021401017101202603
021401018001202603
021401018002202603
021401018003202603
021401019801202603
021401019802202603
021401019803202603
021401020101202603
021401021001202603
021401021002202603
021401021003202603
021401022801202603
021401022802202603
021401022803202603
021401023601202603
021401023602202603
021401023603202603
021401024401202603
021401024402202603
021401024403202603
021401025201202603
021401025202202603
021401025203202603
021401026001202603
021401026002202603
021401026003202603
021401027901202603
021401027902202603
021401027903202603
021401028701202603
021401028702202603
021401028703202603
021401029501202603
021401029502202603
021401029503202603
021401030901202603
021401030902202603
021401030903202603
021401031701202603
021401031702202603
021401031703202603
030101002101202603
030101003001202603
030101004801202603
030101004802202603
030101004803202603
030101005601202603
030101006401202603
030101007201202603
030101009901202603
030101010201202603
030101011001202603
030101012901202603
030101013706202603
030101014502202603
030101015301202603
030101015306202603
030101016101202603
030101017002202603
030101017003202603
030101019601202603
030101020001202603
030101021801202603
030101022601202603
030101023401202603
030101025001202603
030101026901202603
030101027701202603
030101028501202603
030101029301202603
030101030701202603
030101030706202603
030101031501202603
030101031506202603
030101032301202603
030101033101202603
030101034001202603
030101035801202603
030101036601202603
030101036602202603
030101036606202603
030101037401202603
030101037402202603
030101037406202603
030101038201202603
030101042001202603
030101043901202603
030101044701202603
030101045501202603
030102001901202603
030102002701202603
030102003501202603
030102004301202603
030102005101202603
030103001401202603
030103002201202603
030103004901202603
030103005701202603
030103006501202603
030103007301202603
030103008101202603
030103009001202603
030103010301202603
030103011101202603
030103012001202603
030103013801202603
030103014601202603
030103015401202603
030103016201202603
030103017001202603
030103018901202603
030103019701202603
030104001001202603
030104003601202603
030104004401202603
030104005201202603
030104006001202603
030104007901202603
030104008701202603
030104009501202603
030104009506202603
030104014101202603
030104014102202603
030104015001202603
030104015002202603
030104016801202603
030104016802202603
030104016803202603
030104017601202603
030104017602202603
030104018401202603
030104018402202603
030104019201202603
030104020601202603
030104021401202603
030104021402202603
030104021406202603
030104022201202603
030104022202202603
030104023001202603
030104023002202603
030105001501202603
030105002306202603
030105003101202603
030105004006202603
030105005806202603
030105006601202603
030105006602202603
030105007406202603
030105008201202603
030105008206202603
030105009006202603
030105010406202603
030105011206202603
030105012006202603
030105013906202603
030105014706202603
030105015506202603
030105016301202603
030105016306202603
030105017101202603
030105017106202603
030106001002202603
030106001003202603
030106002901202603
030106003701202603
030106004501202603
030106005301202603
030106006101202603
030106007002202603
030106007003202603
030106008802202603
030106008803202603
030106009601202603
030106010001202603
030106011801202603
030107001601202603
030107002401202603
030107002406202603
030107003201202603
030107004001202603
030107005901202603
030107006701202603
030107006706202603
030107007501202603
030107007506202603
030107008301202603
030107009101202603
030107010501202603
030107011301202603
030107011306202603
030107012101202603
030107013001202603
030107014801202603
030107015601202603
030107016401202603
030107017201202603
030107018001202603
030107019901202603
030107020201202603
030107021001202603
030107022901202603
030107023701202603
030107024501202603
030107025301202603
030107026101202603
030107027001202603
030107028801202603
030107029601202603
030107030001202603
030108001101202603
030108002001202603
030108003801202603
030108004601202603
030108014301202603
030108015101202603
030108016001202603
030108017801202603
030108019401202603
030108020801202603
030108021601202603
030108022401202603
030108023201202603
030108024001202603
030108025901202603
030108026701202603
030108027501202603
030108028301202603
030108029101202603
030108030501202603
030108031301202603
030108032101202603
030108033001202603
030108034801202603
030108035601202603
030108036401202603
030108037201202603
030108038001202603
030108039901202603
030108040201202603
030108041001202603
030108042901202603
030108043701202603
030108044501202603
030108045301202603
030108046101202603
030109001702202603
030109001703202603
030109002502202603
030109002503202603
030109003301202603
030110001201202603
030110003901202603
030110004701202603
030110004702202603
030110004703202603
030110004706202603
030110005501202603
030110005502202603
030110005503202603
030110005506202603
030110006301202603
030110006302202603
030110006303202603
030110006306202603
030110007101202603
030110007102202603
030110007103202603
030110007106202603
030110008002202603
030110009801202603
030110009802202603
030110009803202603
030110009806202603
030110010101202603
030110010102202603
030110011002202603
030110012801202603
030110012802202603
030110012803202603
030110013601202603
030110014401202603
030110014402202603
030110014403202603
030110014406202603
030110015201202603
030110015206202603
030110017901202603
030110017902202603
030110017903202603
030110017906202603
030110018701202603
030110019501202603
030110020901202603
030110021701202603
030110022501202603
030110023301202603
030110024101202603
030110025001202603
030110026801202603
030110027601202603
030110027602202603
030110027603202603
030110028401202603
030110028402202603
030110028403202603
030111001801202603
030111002601202603
030112001301202603
030112002101202603
030112003001202603
030112004801202603
030112005601202603
030112006401202603
030112007201202603
030112008001202603
030113001901202603
030113003501202603
030113004301202603
030113005101202603
030113006001202603
030113007801202603
030114001401202603
030114001406202603
030116001501202603
030116002302202603
030201001701202603
030201001702202603
030201001703202603
030201002501202603
030201002502202603
030201002503202603
030201003302202603
030201003303202603
030202002001202603
030202002002202603
030202002003202603
030202003901202603
030202003902202603
030202003903202603
030203001801202603
030203001802202603
030203001803202603
030203002601202603
030203002602202603
030203002603202603
030204001301202603
030204001302202603
030204002101202603
030204002102202603
030204002103202603
030204002106202603
030204003001202603
030204003002202603
030204003003202603
030204004801202603
030204004802202603
030204005601202603
030204005602202603
030204005603202603
030204006401202603
030205001901202603
030205001902202603
030205001903202603
030205002701202603
030205002706202603
030205003502202603
030206001401202603
030206001402202603
030206001403202603
030206002201202603
030206002202202603
030206002206202603
030206003001202603
030206003002202603
030206004901202603
030206005701202603
030206005702202603
030207001001202603
030207001002202603
030207002802202603
030207003601202603
030301001002202603
030301002902202603
030301003702202603
030301004502202603
030301005302202603
030301006102202603
030301007002202603
030301008802202603
030301009602202603
030301010002202603
030301011802202603
030301012602202603
030301013402202603
030301014202202603
030301015002202603
030301016902202603
030301017702202603
030301018502202603
030301019302202603
030301020702202603
030301021502202603
030301023101202603
030301024001202603
030301025801202603
030302001601202603
030302002401202603
030302003202202603
030302004002202603
030302005902202603
030302006702202603
030302007502202603
030302008302202603
030303001103202603
030303002002202603
030303003802202603
030303004602202603
030303005402202603
030303006202202603
030303008901202603
030303009701202603
030304001702202603
030304001703202603
030304002502202603
030304002503202603
030304003302202603
030304004102202603
030304005002202603
030304006802202603
030304007602202603
030304008402202603
030304009202202603
030304010602202603
030304011402202603
030304012202202603
030304013002202603
030304014902202603
030304015702202603
030304016502202603
030304017302202603
030304018102202603
030304019002202603
030304020302202603
030304020303202603
030304021102202603
030304022002202603
030304023802202603
030304024602202603
030304025402202603
030304026202202603
030304027002202603
030304028902202603
030304028903202603
030304029702202603
030304030002202603
030305001201202603
030305002001202603
030305003901202603
030305004701202603
030305005501202603
030305006301202603
030305007101202603
030305008001202603
030305009801202603
030305010101202603
030305011001202603
030305013602202603
030305014402202603
030305015201202603
030305016001202603
030305017901202603
030305018701202603
030305019501202603
030305020901202603
030305021701202603
030305022501202603
030305023301202603
030306001802202603
030306002602202603
030306003402202603
030306004202202603
030306005002202603
030306006902202603
030306007702202603
030306008502202603
030306009302202603
030306010702202603
030306011502202603
030306012302202603
030306013102202603
030306014002202603
030306015802202603
030306016602202603
030306017402202603
030306018202202603
030306019002202603
030306020402202603
030306021202202603
030306022002202603
030306023902202603
030306024702202603
030306025502202603
030306026301202603
030306026302202603
030306026303202603
030306026306202603
030306027102202603
030306028002202603
030306029802202603
030306030102202603
030307001301202603
030307002102202603
030307003001202603
030307003006202603
030307004801202603
030307005601202603
030307006402202603
030307007202202603
030307008002202603
030307009902202603
030307010202202603
030307011002202603
030307012902202603
030307013702202603
030308001901202603
030308002701202603
030308003501202603
030308004302202603
030308005102202603
030308006002202603
030308007802202603
030308008602202603
030308009402202603
030308010801202603
030308010806202603
030308011601202603
030309001401202603
030309001402202603
030309001403202603
030309002202202603
030309002203202603
030309003001202603
030309004902202603
030309007301202603
030309008101202603
030309009001202603
030309011101202603
030309012001202603
030309012002202603
030309012003202603
030309013802202603
030309013803202603
030309014601202603
030309014602202603
030309014603202603
030309015401202603
030309016201202603
030309017002202603
030309017003202603
030309018901202603
030309018902202603
030309018903202603
030309019702202603
030309019703202603
030309020001202603
030309020002202603
030309021901202603
030309022701202603
030309022702202603
030309022703202603
030309023501202603
030309023502202603
030309023503202603
030309024302202603
030309025101202603
030309026001202603
030309028601202603
030309029402202603
030309031602202603
030310001002202603
030310002802202603
030310003602202603
030310004402202603
030310005202202603
030311001502202603
030311002302202603
030311003102202603
030311004002202603
030311005802202603
030311006602202603
030311007402202603
030311008202202603
030311009002202603
030311010402202603
030311011202202603
030312003702202603
030312004502202603
030312005301202603
030312006101202603
030312006102202603
030312007001202603
030312007002202603
030313001602202603
030313002402202603
030313003202202603
030313004002202603
030313005902202603
030313006702202603
030313007502202603
030313008302202603
030314001101202603
030314002002202603
030314003802202603
030314004602202603
030314005402202603
030314006202202603
030314007002202603
030314008902202603
030314009702202603
030314010002202603
030314011901202603
030314011902202603
030314012702202603
030314013502202603
030314014302202603
030314015102202603
030315001702202603
030315002502202603
030315003302202603
030315004102202603
030315005002202603
030315006802202603
030316001202202603
030316002002202603
030316003902202603
030316004702202603
030316005502202603
030316006302202603
030316007102202603
030317009302202603
030317010703202603
030317013102202603
030317014002202603
030317015802202603
030317016602202603
030317017402202603
030317018202202603
030317019002202603
030317020402202603
030318001302202603
030318003002202603
030318004802202603
030318005602202603
030318006402202603
030318007203202603
030319001902202603
030319001906202603
030401011102202603
030401017001202603
030401034001202603
030401035902202603
030401036701202603
030401037501202603
030401038301202603
030401039101202603
030401040501202603
030401041301202603
030401042101202603
030401043001202603
030401044801202603
030401045601202603
030401046401202603
030401047201202603
030401048001202603
030401049902202603
030401050201202603
030401051001202603
030401052901202603
030401053701202603
030401054501202603
030401055301202603
030401056101202603
030401057001202603
030401058801202603
030401059602202603
030402001001202603
030402002801202603
030402003601202603
030402004401202603
030402005201202603
030402006001202603
030402007901202603
030402008701202603
030402009501202603
030402010901202603
030402011701202603
030402012501202603
030402013301202603
030402014101202603
030402015001202603
030402016801202603
030402017601202603
030402018401202603
030402019201202603
030402020601202603
030402021401202603
030402022201202603
030402023001202603
030402024901202603
030402025701202603
030402026501202603
030402027301202603
030402028101202603
030402029001202603
030402030301202603
030402031101202603
030402032001202603
030402033801202603
030402034601202603
030402036201202603
030402037001202603
030402038901202603
030402039701202603
030402040001202603
030402041901202603
030402042701202603
030402043501202603
030402044301202603
030402045101202603
030402046001202603
030402047801202603
030402048601202603
030402049401202603
030403001501202603
030403002301202603
030403003101202603
030403004001202603
030403005801202603
030403006601202603
030403007401202603
030403008201202603
030403009001202603
030403010401202603
030403011201202603
030403012001202603
030403013901202603
030403014701202603
030403015501202603
030403016301202603
030403017101202603
030403018001202603
030403019801202603
030403020101202603
030403021001202603
030403022801202603
030403023601202603
030403024401202603
030403025201202603
030403026001202603
030404001001202603
030404002901202603
030404004501202603
030404005301202603
030404006101202603
030404007001202603
030404008801202603
030404009601202603
030404010001202603
030404011801202603
030404012601202603
030404013401202603
030404014201202603
030404015001202603
030404016901202603
030404017701202603
030404018501202603
030404019301202603
030404020701202603
030405001601202603
030405002401202603
030405003201202603
030405004001202603
030405006701202603
030405007501202603
030405011301202603
030405012101202603
030405013001202603
030405017201202603
030405018001202603
030405020201202603
030405021001202603
030405022901202603
030405025301202603
030405026101202603
030405027001202603
030405028801202603
030405029601202603
030405030001202603
030405031801202603
030405032601202603
030405033401202603
030405034201202603
030405035001202603
030406001101202603
030406003801202603
030406004601202603
030406007001202603
030406008901202603
030406009701202603
030406010001202603
030406011901202603
030406012701202603
030406013501202603
030406015101202603
030406016001202603
030406017801202603
030406018601202603
030406020801202603
030406021601202603
030406022401202603
030406023201202603
030406024001202603
030407001701202603
030407002501202603
030407003301202603
030407004101202603
030407005001202603
030407006801202603
030407007601202603
030407008401202603
030407009201202603
030408001201202603
030408002002202603
030408003902202603
030408003903202603
030408004702202603
030408005501202603
030408006302202603
030408007101202603
030408008001202603
030409001802202603
030409002602202603
030409003402202603
030409004202202603
030409005001202603
030409006901202603
030410001302202603
030410001303202603
030410002102202603
030501001801202603
030501002601202603
030501003402202603
030501004202202603
030501009301202603
030501010701202603
030501011501202603
030501012301202603
030501013102202603
030501014002202603
030501015802202603
030501016601202603
030501017402202603
030501018201202603
030501019002202603
030501020401202603
030501021201202603
030502001302202603
030502001306202603
030502002102202603
030502003002202603
030502004802202603
030502005602202603
030502005606202603
030601001101202603
030601002001202603
030601003801202603
030602001701202603
030602001702202603
030602002501202603
030602002502202603
030602003301202603
030602003302202603
030602004101202603
030602004102202603
030602005001202603
030602005002202603
030602006801202603
030602006802202603
030602007601202603
030602007602202603
030602008401202603
030602008402202603
030602009201202603
030602009202202603
030602010601202603
030602010602202603
030602011401202603
030602011402202603
030602012201202603
030602012202202603
030602013001202603
030602013002202603
030602014901202603
030602014902202603
030602015701202603
030602015702202603
030602016501202603
030602016502202603
030602017301202603
030602017302202603
030602018101202603
030602018102202603
030602019001202603
030602019002202603
030602020301202603
030602020302202603
030602021101202603
030602021102202603
030701001501202603
030701001502202603
030701001503202603
030701003101202603
030701003102202603
030701003103202603
030701003106202603
030701005801202603
030701005802202603
030701005803202603
030701006601202603
030701006606202603
030701007401202603
030701007402202603
030701007403202603
030701007406202603
030701008201202603
030701008202202603
030701008203202603
030701008206202603
030701009001202603
030701009002202603
030701009003202603
030701009006202603
030701010401202603
030701010402202603
030701010403202603
030701010406202603
030701011201202603
030701011202202603
030701011203202603
030701011206202603
030701012001202603
030701012002202603
030701012003202603
030701012006202603
030701013901202603
030701013902202603
030701013903202603
030701013906202603
030701014701202603
030701014702202603
030701014703202603
030701014706202603
030701015501202603
030701015502202603
030701015503202603
030701015506202603
030702001001202603
030702001002202603
030702001003202603
030702001006202603
030702002901202603
030702002902202603
030702002903202603
030702003701202603
030702003702202603
030702003703202603
030702004501202603
030702004502202603
030702004503202603
030702005301202603
030702005302202603
030702005303202603
030702006101202603
030702006102202603
030702006103202603
030702007001202603
030702007002202603
030702007003202603
030702008801202603
030702008802202603
030702008803202603
030702009601202603
030702009602202603
030702009603202603
030702010001202603
030702010002202603
030702010003202603
030702011801202603
030702011802202603
030702011803202603
030703002401202603
030703002402202603
030703002403202603
030703002406202603
030703003201202603
030703003202202603
030703003203202603
030703004001202603
030703004002202603
030703004003202603
030703004006202603
030703005901202603
030703005902202603
030703005903202603
030703005906202603
030703006701202603
030703006702202603
030703006703202603
030703006706202603
030703007501202603
030703007502202603
030703007503202603
030703007506202603
030703008301202603
030703008302202603
030703008303202603
030703008306202603
030704001101202603
030704001102202603
030704001103202603
030704006201202603
030704006202202603
030704006203202603
030704006206202603
030704007001202603
030704007002202603
030704007003202603
030704007006202603
030704008901202603
030704008902202603
030704008903202603
030704010001202603
030704011901202603
030704012701202603
030704013501202603
030704013502202603
030704013503202603
030704013506202603
030704014301202603
030704014302202603
030704014303202603
030704014306202603
030704015101202603
030704015102202603
030704015103202603
030704015106202603
030704016001202603
030704016002202603
030704016003202603
030704016006202603
030704017801202603
030705001701202603
030705001702202603
030705001703202603
030801001902202603
030801001906202603
030801002702202603
030801003502202603
030801004302202603
030801004306202603
030802001402202603
030802002202202603
030802003002202603
030803001002202603
030803002802202603
030803003602202603
030804001502202603
030804002302202603
030901003902202603
030901004702202603
030901005502202603
030901006302202603
030901007102202603
030901008002202603
030901009802202603
030901010102202603
030901010106202603
030902001801202603
030902002601202603
030902003401202603
030903001301202603
030903002101202603
030903003001202603
030903004801202603
030903005601202603
030903005602202603
030903006401202603
030903007201202603
030903008001202603
030903009902202603
030903010201202603
030903011001202603
030903012901202603
030903013701202603
030903014501202603
030903014502202603
030903015301202603
030904001902202603
030904002701202603
030904002702202603
030904002703202603
030905001401202603
030905001402202603
030905001403202603
030905001406202603
030905002201202603
030905002202202603
030905002203202603
030905002206202603
030905003001202603
030905003002202603
030905003003202603
030905003006202603
030905004901202603
030905004902202603
030905004903202603
030905004906202603
030905005701202603
030905005702202603
030905005703202603
030905005706202603
030905006501202603
030905006502202603
030905006503202603
030905006506202603
030905007301202603
030905007302202603
030905007303202603
030905007306202603
030905008101202603
030905008102202603
030905008103202603
030905008106202603
030905009001202603
030905009002202603
030905009003202603
030905009006202603
030905011101202603
030905011102202603
030905011103202603
030905011106202603
030905012001202603
030905012002202603
030905012003202603
030905012006202603
030905013801202603
030905013802202603
030905013803202603
030905013806202603
030905014601202603
030905014602202603
030905014603202603
030905014606202603
030905015401202603
030905015402202603
030905015403202603
030905015406202603
030905016201202603
030905016202202603
030905016203202603
030905017001202603
030905017002202603
030905017003202603
030905017006202603
030905018901202603
030905018902202603
030905018903202603
030905018906202603
030905019701202603
030905019702202603
030905019703202603
030905019706202603
030905020001202603
030905020002202603
030905020003202603
030905020006202603
030905021901202603
030905021902202603
030905021903202603
030905021906202603
030905022701202603
030905022702202603
030905022703202603
030905022706202603
030905023501202603
030905023502202603
030905023503202603
030905023506202603
030905024301202603
030905024302202603
030905024303202603
030905024306202603
030905025101202603
030905025102202603
030905025103202603
030905025106202603
030905026001202603
030905026002202603
030905026003202603
030905026006202603
030906001002202603
030906003602202603
030906003603202603
030907001501202603
030907002301202603
030908001002202603
031001001201202603
031001002002202603
031001003902202603
031001004702202603
031001005502202603
031101001601202603
031101001602202603
031101001603202603
031101001606202603
031101002401202603
031101002406202603
031102001101202603
031102001106202603
031102002001202603
031102002006202603
031102003801202603
031102003806202603
031102004601202603
031102004606202603
040101001501202603
040101001502202603
040101001503202603
040101001506202603
040101003101202603
040101003102202603
040101003103202603
040101003106202603
040101004001202603
040101004002202603
040101005801202603
040101005802202603
040101006601202603
040101007401202603
040101008201202603
040101008202202603
040101008203202603
040101008206202603
040101009001202603
040101010401202603
040101010402202603
040101011201202603
040101012001202603
040101013901202603
040102001002202603
040102001003202603
040102002902202603
040102002903202603
040102003702202603
040102003703202603
040102004502202603
040102004503202603
040102005302202603
040102005303202603
040102006102202603
040102006103202603
040102007002202603
040102007003202603
040102008801202603
040102008802202603
040102008803202603
040102009602202603
040102009603202603
040102010002202603
040102010003202603
040102011802202603
040102011803202603
040102012602202603
040102012603202603
040102013402202603
040102013403202603
040102014202202603
040102014203202603
040102015001202603
040102015002202603
040102015003202603
040102016902202603
040102016903202603
040102017701202603
040201001902202603
040201002702202603
040201003502202603
040201003503202603
040201004302202603
040201004303202603
040201005102202603
040201005103202603
040202001402202603
040202002202202603
040301001202202603
040301002002202603
040301003902202603
040301004702202603
040301005502202603
040301006302202603
040301007102202603
040301008002202603
040301008003202603
040301009802202603
040301010102202603
040301011002202603
040301012802202603
040301013602202603
040301014402202603
040301015202202603
040301015203202603
040301016002202603
040301016003202603
040301017902202603
040301017903202603
040301018702202603
040301019502202603
040301020902202603
040301021702202603
040301022502202603
040301023302202603
040301024102202603
040301025002202603
040301026802202603
040301027602202603
040301028402202603
040301029202202603
040301030602202603
040301031402202603
040301032202202603
040301033002202603
040301034902202603
040301035702202603
040301036502202603
040301039002202603
040302001802202603
040302001803202603
040302002602202603
040302002603202603
040302003402202603
040302004202202603
040302005002202603
040302005003202603
040302006902202603
040302006903202603
040302007702202603
040302007703202603
040302008502202603
040302008503202603
040302009302202603
040302009303202603
040302010702202603
040302010703202603
040302011502202603
040302011503202603
040302012302202603
040302012303202603
040302013102202603
040303001302202603
040303002102202603
040303003002202603
040303004802202603
040303005602202603
040303006402202603
040303008002202603
040303009902202603
040303010202202603
040303011002202603
040303012902202603
040303013702202603
040303014502202603
040303015302202603
040303016102202603
040304001902202603
040304002702202603
040304005102202603
040304006002202603
040304007802202603
040304008602202603
040304009402202603
040304010802202603
040304011602202603
040304012402202603
040305001401202603
040305002201202603
040305003002202603
040305004902202603
040305005702202603
040305006502202603
040305007302202603
040305008101202603
040305009002202603
040305009003202603
040305010302202603
040305010303202603
040305011102202603
040305012002202603
040305013802202603
040305014602202603
040305015402202603
040305016202202603
040306001002202603
040306002802202603
040306003602202603
040306004402202603
040306005202202603
040306006002202603
040306007902202603
040306008702202603
040306009502202603
040307001502202603
040307004002202603
040307005802202603
040307008202202603
040307009002202603
040307010402202603
040307011202202603
040307012002202603
040307013902202603
040307014702202603
040307015502202603
040307016302202603
040307017102202603
040308001002202603
040308002902202603
040308003702202603
040308004502202603
040308005302202603
040308006102202603
040308007002202603
040308008802202603
040308009602202603
040308010002202603
040401001601202603
040401001602202603
040401001603202603
040401002401202603
040401002402202603
040401002403202603
040401003201202603
040401003202202603
040401003203202603
040401004002202603
040401004003202603
040401005901202603
040401005902202603
040401005903202603
040401006702202603
040401006703202603
040401007501202603
040401008302202603
040401008303202603
040401009101202603
040401010502202603
040401010503202603
040401011302202603
040401011303202603
040401012101202603
040401012102202603
040401012103202603
040401013002202603
040401013003202603
040401014802202603
040401014803202603
040401015601202603
040401016402202603
040401016403202603
040401017202202603
040401018002202603
040401019902202603
040401020202202603
040401021002202603
040401021003202603
040401022902202603
040401022903202603
040401023702202603
040401023703202603
040401024501202603
040401025301202603
040401025302202603
040401026101202603
040401027001202603
040401028802202603
040401028803202603
040401029601202603
040401030001202603
040401031801202603
040401031802202603
040401031803202603
040401032602202603
040401032603202603
040401033402202603
040401033403202603
040401034201202603
040401034202202603
040401035002202603
040401035003202603
040401036901202603
040401037702202603
040401037703202603
040401038502202603
040401038503202603
040401039301202603
040401040702202603
040401040703202603
040401041501202603
040401041502202603
040401041503202603
040401043102202603
040401044001202603
040401045802202603
040401046602202603
040401046603202603
040401047402202603
040401047403202603
040401048202202603
040401048203202603
040401049002202603
040401049003202603
040401050402202603
040401050403202603
040401051201202603
040401051202202603
040401051203202603
040401052002202603
040401052003202603
040401053902202603
040401053903202603
040401054702202603
040401055502202603
040401055503202603
040401056302202603
040401056303202603
040401057102202603
040401057103202603
040401058002202603
040401058003202603
040401059802202603
040401059803202603
040401060102202603
040401060103202603
040401061002202603
040401061003202603
040401062802202603
040401062803202603
040401063602202603
040401063603202603
040401064402202603
040401064403202603
040401065202202603
040402001102202603
040402001103202603
040402003801202603
040402003802202603
040402003803202603
040402004602202603
040402004603202603
040402005401202603
040402005402202603
040402006202202603
040402007002202603
040402007003202603
040402008901202603
040402008902202603
040402008903202603
040402009701202603
040402009702202603
040402010001202603
040402010002202603
040402010003202603
040402011902202603
040402011903202603
040402013502202603
040402014302202603
040402014303202603
040402017802202603
040402020802202603
040402020803202603
040402022402202603
040402023202202603
040402023203202603
040402024002202603
040402024003202603
040402027502202603
040402029102202603
040402031301202603
040402031302202603
040402031303202603
040402032102202603
040402032103202603
040402034802202603
040402034803202603
040402035602202603
040402035603202603
040402038002202603
040402039902202603
040402039903202603
040402042902202603
040402042903202603
040402044501202603
040402044502202603
040402044503202603
040402045302202603
040402045303202603
040402046102202603
040402046103202603
040402047002202603
040402047003202603
040402048801202603
040402048802202603
040402048803202603
040402049602202603
040402049603202603
040402050002202603
040402050003202603
040402051802202603
040402051803202603
040402052602202603
040402052603202603
040402053402202603
040402053403202603
040402054202202603
040402054203202603
040402055002202603
040402055003202603
040402056902202603
040402056903202603
040402057701202603
040402057702202603
040402057703202603
040402058502202603
040402058503202603
040402059302202603
040402059303202603
040402060702202603
040402060703202603
040402061501202603
040402061502202603
040402061503202603
040402062301202603
040402062302202603
040402062303202603
040402063101202603
040402064002202603
040402064003202603
040402065802202603
040402065803202603
040402066602202603
040402066603202603
040402067401202603
040402067402202603
040402069002202603
040402070402202603
040402070403202603
040402071202202603
040402071203202603
040402072002202603
040402072003202603
040402073902202603
040402077102202603
040402077103202603
040402078002202603
040402079802202603
040403001702202603
040403001703202603
040403003302202603
040403004102202603
040403004103202603
040403005002202603
040403005003202603
040403006802202603
040403006803202603
040403007602202603
040403007603202603
040403008402202603
040403008403202603
040403010602202603
040403010603202603
040403012202202603
040403012203202603
040403013002202603
040403013003202603
040403015702202603
040403015703202603
040403016502202603
040403016503202603
040403017302202603
040403017303202603
040403019002202603
040403019003202603
040403022002202603
040403022003202603
040403024602202603
040403024603202603
040403025402202603
040403025403202603
040403026202202603
040403026203202603
040403027002202603
040403027003202603
040403028902202603
040403029702202603
040403030002202603
040403031902202603
040403031903202603
040403032702202603
040501001001202603
040501001002202603
040501001003202603
040501002801202603
040501002802202603
040501002803202603
040501003601202603
040501003602202603
040501003603202603
040501004401202603
040501005201202603
040501006001202603
040501007901202603
040501007902202603
040501007903202603
040501008702202603
040501008703202603
040501010901202603
040501011701202603
040501011702202603
040501011703202603
040501012501202603
040501012502202603
040501012503202603
040501013302202603
040501013303202603
040501014101202603
040501015002202603
040501015003202603
040501016801202603
040501017601202603
040501017602202603
040501017603202603
040501018401202603
040501019201202603
040501020601202603
040502001501202603
040502001502202603
040502001503202603
040502002301202603
040502002302202603
040502002303202603
040503001002202603
040503001003202603
040503002901202603
040503002902202603
040503002903202603
040503003701202603
040503004501202603
040503005301202603
040503005302202603
040503007001202603
040503007002202603
040503007003202603
040503009601202603
040503009602202603
040503009603202603
040503010001202603
040503011801202603
040503011802202603
040503011803202603
040503012601202603
040503013401202603
040503013402202603
040503013403202603
040503014202202603
040503014203202603
040503015001202603
040503016902202603
040503016903202603
040503017702202603
040503017703202603
040503018502202603
040503018503202603
040503019301202603
040503019302202603
040503020702202603
040503020703202603
040503021501202603
040503022301202603
040503023101202603
040504001601202603
040504001602202603
040504001603202603
040504002402202603
040504002403202603
040504004002202603
040504004003202603
040504005902202603
040504005903202603
040504006701202603
040504006702202603
040504006703202603
040504007501202603
040504007502202603
040504007503202603
040504008302202603
040504008303202603
040504009102202603
040504009103202603
040504010501202603
040504010502202603
040504010503202603
040504013001202603
040504014802202603
040504014803202603
040504015602202603
040504015603202603
040504016402202603
040504016403202603
040504018002202603
040504018003202603
040504019901202603
040504020201202603
040504020202202603
040504020203202603
040504021001202603
040504021002202603
040504021003202603
040505001101202603
040505001102202603
040505001103202603
040505002001202603
040505003801202603
040505003802202603
040505004601202603
040505004602202603
040505004603202603
040505005401202603
040505005402202603
040505005403202603
040505006201202603
040505007001202603
040505008901202603
040505009701202603
040505009702202603
040505009703202603
040505010001202603
040505010002202603
040505010003202603
040505011901202603
040505011902202603
040505011903202603
040505012701202603
040505013502202603
040505013503202603
040505014301202603
040505014302202603
040505014303202603
040505015101202603
040505015102202603
040505015103202603
040505016001202603
040505017801202603
040505018602202603
040505018603202603
040505019401202603
040505020801202603
040505021601202603
040505021602202603
040505021603202603
040505022401202603
040505022402202603
040505022403202603
040505023202202603
040505023203202603
040505024001202603
040505025901202603
040505025902202603
040505026701202603
040505028301202603
040505029101202603
040505030501202603
040505031302202603
040505031303202603
040505032101202603
040505032102202603
040505032103202603
040505035602202603
040505035603202603
040505036401202603
040505037201202603
040505037202202603
040505037203202603
040505038002202603
040505038003202603
040505039901202603
040505039902202603
040505039903202603
040505040201202603
040505040202202603
040505040203202603
040601001302202603
040601002102202603
040601003002202603
040601004802202603
040601005602202603
040601006402202603
040601007202202603
040601008002202603
040601009902202603
040601010202202603
040601011002202603
040601012902202603
040601013702202603
040601015302202603
040601016102202603
040601017002202603
040601018802202603
040601019602202603
040601020002202603
040601021802202603
040601022602202603
040601023402202603
040601024202202603
040601025002202603
040601026902202603
040601027702202603
040601028502202603
040601029302202603
040601030702202603
040601031502202603
040601032302202603
040601033102202603
040601034002202603
040601035802202603
040601036602202603
040601037402202603
040601038202202603
040601039002202603
040601040402202603
040601041202202603
040601042002202603
040601043902202603
040601044702202603
040601045502202603
040601046302202603
040601047102202603
040601048002202603
040601049802202603
040601050102202603
040601051002202603
040601052802202603
040601053602202603
040601054402202603
040601055202202603
040601056002202603
040601056003202603
040601057902202603
040601058702202603
040601058703202603
040601059502202603
040601060902202603
040601061702202603
040601062502202603
040601063302202603
040601063303202603
040601064102202603
040601064103202603
040601065002202603
040601065003202603
040601066802202603
040601066803202603
040601067602202603
040601067603202603
040601068402202603
040601068403202603
040601069202202603
040601070602202603
040601071402202603
040601071403202603
040601072202202603
040601073002202603
040601074902202603
040601075702202603
040601076502202603
040601077302202603
040601078102202603
040601079002202603
040601079003202603
040601080302202603
040601081102202603
040601082002202603
040601083802202603
040601084602202603
040601085402202603
040601085403202603
040601086202202603
040601086203202603
040601087002202603
040601087003202603
040601088902202603
040601089702202603
040601090002202603
040601091902202603
040601091903202603
040601092702202603
040601093502202603
040601094302202603
040601095102202603
040601096002202603
040601097802202603
040601098602202603
040601099402202603
040601100102202603
040601100103202603
040601101002202603
040601101003202603
040601102802202603
040601102803202603
040601103602202603
040601103603202603
040601104402202603
040601104403202603
040601105202202603
040601105203202603
040601107902202603
040601107903202603
040601108702202603
040601108703202603
040601109502202603
040601109503202603
040601110902202603
040601110903202603
040601111702202603
040601111703202603
040601112502202603
040601112503202603
040601113302202603
040601113303202603
040601114102202603
040601114103202603
040601115002202603
040601115003202603
040601116802202603
040601116803202603
040601117602202603
040601117603202603
040601118402202603
040601118403202603
040601119202202603
040601119203202603
040601120602202603
040601121402202603
040601122202202603
040601123002202603
040601124902202603
040601125702202603
040601126502202603
040601127302202603
040601128102202603
040601129002202603
040601130302202603
040601131102202603
040601132002202603
040601133802202603
040601134602202603
040601135402202603
040601136202202603
040601137002202603
040601138902202603
040601139702202603
040601140002202603
040601141902202603
040601142702202603
040601143502202603
040601144302202603
040601145102202603
040601146002202603
040601147802202603
040601148602202603
040601149402202603
040601150802202603
040601151602202603
040602001902202603
040602002702202603
040602003502202603
040602004302202603
040602005102202603
040602007802202603
040602007803202603
040602008602202603
040602009401202603
040602009402202603
040602009403202603
040602010802202603
040602011602202603
040602011603202603
040602012402202603
040602013201202603
040602014001202603
040602015902202603
040602015903202603
040602016702202603
040602016703202603
040602018302202603
040602019102202603
040602020501202603
040602021302202603
040602022102202603
040602023002202603
040602024802202603
040602025602202603
040602026402202603
040602027202202603
040602028002202603
040602029901202603
040602030202202603
040602031002202603
040602032902202603
040602033702202603
040602034502202603
040602035302202603
040602036102202603
040602037002202603
040602038802202603
040602039602202603
040602040002202603
040602041802202603
040602042602202603
040602043402202603
040602044202202603
040602045002202603
040602046902202603
040602047702202603
040602048502202603
040602049302202603
040602050702202603
040602051502202603
040602052302202603
040602053102202603
040602054002202603
040602055802202603
040602056602202603
040602056603202603
040602057402202603
040602057403202603
040602058202202603
040602059002202603
040602060402202603
040602060403202603
040602061202202603
040602062001202603
040602062002202603
040602062003202603
040603001401202603
040603001402202603
040603002202202603
040603003002202603
040603004902202603
040603005702202603
040603006502202603
040603007302202603
040603008102202603
040603009002202603
040603010302202603
040603011102202603
040603012002202603
040603013802202603
040603014602202603
040603015402202603
040603016202202603
040604001002202603
040604002802202603
040604004402202603
040604005202202603
040604006002202603
040604007902202603
040604008702202603
040604009502202603
040604010902202603
040604011702202603
040604012502202603
040604013302202603
040604014102202603
040604015002202603
040604016802202603
040604017602202603
040604018402202603
040604019202202603
040604020602202603
040604020603202603
040604021402202603
040604021403202603
040604022202202603
040604023002202603
040604024902202603
040604025702202603
040604025703202603
040604026502202603
040604027302202603
040604027303202603
040604028102202603
040604029002202603
040604029003202603
040604030302202603
040604030303202603
040604031102202603
040604031103202603
040604032002202603
040604032003202603
040604033802202603
040604033803202603
040605001502202603
040605001503202603
040605002302202603
040605002303202603
040605003102202603
040605003103202603
040605004002202603
040605004003202603
040605005802202603
040605005803202603
040605006602202603
040605006603202603
040605007402202603
040605007403202603
040605008202202603
040605008203202603
040605009002202603
040605009003202603
040605010402202603
040605011202202603
040605011203202603
040605012002202603
040605012003202603
040605013902202603
040605013903202603
040701001702202603
040701002502202603
040701002503202603
040701003302202603
040701004102202603
040701005002202603
040701006802202603
040701007602202603
040701008402202603
040701009202202603
040701010602202603
040701011402202603
040701012202202603
040701013002202603
040701014902202603
040701015702202603
040701016502202603
040701017302202603
040701018102202603
040701019002202603
040701020302202603
040701021102202603
040701021103202603
040701022002202603
040701022003202603
040701023802202603
040701024601202603
040701024602202603
040701025401202603
040701025402202603
040701026202202603
040701027002202603
040701028902202603
040701029702202603
040701030002202603
040701031901202603
040701032701202603
040701033502202603
040701034302202603
040701035102202603
040701036002202603
040701037802202603
040701038602202603
040702001202202603
040702002002202603
040702003902202603
040702004702202603
040702005501202603
040702006302202603
040702007102202603
040702008002202603
040702009802202603
040702010102202603
040702011002202603
040702011003202603
040702012801202603
040702012802202603
040702012803202603
040702013601202603
040702013602202603
040702013603202603
040702014401202603
040702014402202603
040702014403202603
040702015202202603
040702016001202603
040702017902202603
040702018702202603
040702019502202603
040702020902202603
040702021702202603
040702021703202603
040702022501202603
040702022502202603
040702022503202603
040702023302202603
040702024102202603
040702025002202603
040702026802202603
040702026803202603
040702027602202603
040702027603202603
040702028402202603
040702028403202603
040702029202202603
040702030602202603
040702031401202603
040702032202202603
040702032203202603
040702033002202603
040702034902202603
040702035702202603
040702035703202603
040702036502202603
040702037301202603
040702038102202603
040702039001202603
040702040302202603
040702041102202603
040702042002202603
040702043802202603
040702044602202603
040702045402202603
040702045403202603
040702046202202603
040702047002202603
040702047003202603
040702048901202603
040702049701202603
040703001802202603
040703002602202603
040703003402202603
040703003403202603
040703004202202603
040703004203202603
040703005002202603
040703006902202603
040703007702202603
040703007703202603
040703008501202603
040703009301202603
040703010701202603
040703011501202603
040703012302202603
040703013102202603
040703014002202603
040703015802202603
040703016602202603
040703017402202603
040703018202202603
040703019002202603
040703020402202603
040703021202202603
040703022002202603
040703023901202603
040703024702202603
040703025502202603
040703025503202603
040704001302202603
040704002102202603
040704003002202603
040704004802202603
040704005602202603
040704006402202603
040704006403202603
040704007202202603
040704007203202603
040704008002202603
040704008003202603
040704009902202603
040704009903202603
040704010202202603
040704010203202603
040704011002202603
040704011003202603
040704012902202603
040704012903202603
040704013702202603
040704013703202603
040704014502202603
040704014503202603
040704015302202603
040704015303202603
040704016102202603
040704017002202603
040704017003202603
040704018802202603
040704019601202603
040704019602202603
040704020002202603
040704021801202603
040704021802202603
040704022602202603
040704022603202603
040704023402202603
040704024202202603
040704025002202603
040704026902202603
040801001002202603
040801002902202603
040801003702202603
040801004502202603
040801005302202603
040801006102202603
040801007002202603
040801008802202603
040801009602202603
040801009603202603
040801010002202603
040801010003202603
040801011802202603
040801011803202603
040801012601202603
040801012602202603
040801013401202603
040801013402202603
040801013403202603
040801014202202603
040801014203202603
040801015002202603
040801015003202603
040801016902202603
040801017702202603
040801018502202603
040801018503202603
040801019302202603
040801020702202603
040801020703202603
040801021502202603
040801021503202603
040801022302202603
040801022303202603
040801023102202603
040801023103202603
040802001602202603
040802002402202603
040802003202202603
040802004002202603
040802005902202603
040802006702202603
040802007502202603
040802008302202603
040802009102202603
040802010502202603
040802010503202603
040802011302202603
040802012102202603
040802012103202603
040802013002202603
040802014802202603
040802014803202603
040802015601202603
040802015602202603
040802015603202603
040802016401202603
040802016402202603
040802016403202603
040802017201202603
040802017202202603
040802017203202603
040802018001202603
040802018002202603
040802018003202603
040802019901202603
040802019902202603
040802019903202603
040802020201202603
040802020202202603
040802020203202603
040802021001202603
040802021002202603
040802021003202603
040802022901202603
040802022902202603
040802022903202603
040802024501202603
040802024502202603
040802024503202603
040802025302202603
040802026102202603
040802027002202603
040802028802202603
040802029601202603
040802029602202603
040802029603202603
040802030001202603
040802030002202603
040802030003202603
040802031802202603
040802031803202603
040802032602202603
040802032603202603
040802033402202603
040802034202202603
040802034203202603
040802035002202603
040802036902202603
040802037702202603
040802037703202603
040802038502202603
040802039302202603
040802040702202603
040802041502202603
040802042302202603
040802043102202603
040802044002202603
040802044003202603
040802045802202603
040802046602202603
040802047402202603
040802047403202603
040802048202202603
040802048203202603
040802049002202603
040802049003202603
040802050402202603
040802050403202603
040802051202202603
040802051203202603
040802052002202603
040802052003202603
040802053902202603
040802053903202603
040802054702202603
040802055502202603
040802055503202603
040802056302202603
040802057102202603
040802058002202603
040802059802202603
040802059803202603
040802060102202603
040802060103202603
040802061002202603
040802061003202603
040802062802202603
040802062803202603
040802063602202603
040802063603202603
040802064402202603
040802064403202603
040803001102202603
040803002002202603
040803003802202603
040803004602202603
040803005402202603
040803006202202603
040803007002202603
040803008902202603
040803009702202603
040803010002202603
040803011902202603
040803012702202603
040803013502202603
040803014302202603
040803015102202603
040803016002202603
040803017802202603
040803018602202603
040803019402202603
040803020802202603
040803021602202603
040803022402202603
040803023202202603
040803024002202603
040803025902202603
040803026702202603
040803027502202603
040803028302202603
040803029102202603
040803030502202603
040803031302202603
040803032102202603
040803033002202603
040803034802202603
040803035602202603
040803036402202603
040803037202202603
040803038002202603
040803039902202603
040803040202202603
040803041002202603
040803042902202603
040803043702202603
040803044502202603
040803045302202603
040803046102202603
040803047002202603
040803048802202603
040803050002202603
040803051802202603
040803052602202603
040803053402202603
040803054202202603
040803055002202603
040803056902202603
040803057702202603
040803058502202603
040803059302202603
040803060702202603
040803061502202603
040803062302202603
040803063102202603
040803064002202603
040803065802202603
040803066602202603
040803067402202603
040803068202202603
040803069002202603
040803070402202603
040803071202202603
040803072002202603
040803073902202603
040803074702202603
040803075502202603
040803075503202603
040803076302202603
040803077102202603
040803078002202603
040803079802202603
040803080102202603
040803081002202603
040803082802202603
040803083602202603
040803084402202603
040803085202202603
040803086002202603
040803087902202603
040803088702202603
040803089502202603
040803090902202603
040803091702202603
040804001702202603
040804002502202603
040804003302202603
040804004102202603
040804005002202603
040804006802202603
040804007602202603
040804008402202603
040804009202202603
040804010602202603
040804011402202603
040804012202202603
040804013002202603
040804014902202603
040804015702202603
040804016502202603
040804017302202603
040804018102202603
040804018103202603
040804019002202603
040804019003202603
040804020302202603
040804021102202603
040804022002202603
040804023802202603
040804024602202603
040804025402202603
040804026202202603
040804027002202603
040804028902202603
040804029702202603
040804030002202603
040804031902202603
040804032702202603
040804033502202603
040804034302202603
040805001202202603
040805002002202603
040805003902202603
040805004702202603
040805005502202603
040805006302202603
040805007102202603
040805008002202603
040805009802202603
040805010102202603
040805011002202603
040805012802202603
040805013602202603
040805014402202603
040805014403202603
040805015202202603
040805016002202603
040805016003202603
040805017902202603
040805019501202603
040805019502202603
040805019503202603
040805020901202603
040805020902202603
040805020903202603
040805021701202603
040805021702202603
040805021703202603
040805022501202603
040805022502202603
040805022503202603
040805023302202603
040805024101202603
040805024102202603
040805024103202603
040805025001202603
040805025002202603
040805025003202603
040805026801202603
040805026802202603
040805026803202603
040805027601202603
040805027602202603
040805027603202603
040805028401202603
040805028402202603
040805028403202603
040805029201202603
040805029202202603
040805029203202603
040805030602202603
040805031402202603
040805032202202603
040805032203202603
040805033001202603
040805033002202603
040805034902202603
040805034903202603
040805035702202603
040805035703202603
040805036502202603
040805037302202603
040805037303202603
040805038102202603
040805039002202603
040805039003202603
040805040302202603
040805041102202603
040805042002202603
040805043802202603
040805044602202603
040805044603202603
040805045402202603
040805046202202603
040805047002202603
040805048902202603
040805049702202603
040805050002202603
040805051902202603
040805052702202603
040805053502202603
040805054302202603
040805055102202603
040805056002202603
040805057802202603
040805058602202603
040805059402202603
040805060802202603
040805061602202603
040805062402202603
040805063202202603
040805064002202603
040805064003202603
040805065902202603
040805065903202603
040805066702202603
040805066703202603
040805067502202603
040805068302202603
040805069102202603
040805069103202603
040805070502202603
040805071302202603
040805072102202603
040805073002202603
040805073003202603
040805074802202603
040805074803202603
040805075602202603
040805075603202603
040805076402202603
040805076403202603
040805077202202603
040805078002202603
040805079902202603
040805080202202603
040805081002202603
040805082902202603
040805082903202603
040805083702202603
040805084502202603
040805085302202603
040805086102202603
040805087002202603
040805088802202603
040805088803202603
040805089602202603
040805089603202603
040805090002202603
040805090003202603
040805091802202603
040805091803202603
040805092602202603
040805092603202603
040806001802202603
040806001803202603
040806002602202603
040806003402202603
040806004201202603
040806004202202603
040806004203202603
040806005002202603
040806005003202603
040806006902202603
040806007702202603
040806008501202603
040806008502202603
040806008503202603
040806009302202603
040806010702202603
040806011502202603
040806011503202603
040806012302202603
040806012303202603
040806013102202603
040806013103202603
040806014002202603
040806014003202603
040806015801202603
040806015802202603
040806015803202603
040806016602202603
040806017402202603
040806018202202603
040806019002202603
040806020402202603
040806020403202603
040806021201202603
040806021202202603
040806021203202603
040806022001202603
040806023902202603
040806024702202603
040806025502202603
040806026302202603
040806027102202603
040806028002202603
040806029802202603
040806029803202603
040806030101202603
040806030102202603
040806030103202603
040806031002202603
040806031003202603
040806032802202603
040806032803202603
040806033602202603
040806033603202603
040806034402202603
040806034403202603
040806035201202603
040806035202202603
040806035203202603
040806036002202603
040806036003202603
040806037902202603
040806037903202603
040806038702202603
040806039502202603
040806039503202603
040806040901202603
040806040902202603
040806040903202603
040806041702202603
040806041703202603
040806042501202603
040806042502202603
040806042503202603
040806043302202603
040806043303202603
040806044102202603
040806044103202603
040806045001202603
040806045002202603
040806045003202603
040806046802202603
040806046803202603
040806047602202603
040806047603202603
040806048402202603
040806048403202603
040806049202202603
040806050602202603
040806051402202603
040806052202202603
040806053002202603
040806053003202603
040806054902202603
040806054903202603
040806055702202603
040806056502202603
040806056503202603
040806057302202603
040806057303202603
040806058102202603
040806058103202603
040806059002202603
040806060302202603
040806060303202603
040806061102202603
040806062002202603
040806063802202603
040806063803202603
040806064602202603
040806064603202603
040806065401202603
040806066202202603
040806066203202603
040806067002202603
040806067003202603
040806068901202603
040806069702202603
040806069703202603
040806070002202603
040806070003202603
040806071902202603
040806071903202603
040901001402202603
040901002202202603
040901003002202603
040901004902202603
040901005702202603
040901006502202603
040901006503202603
040901007302202603
040901008102202603
040901009001202603
040901009002202603
040901009003202603
040901010301202603
040901011101202603
040901012002202603
040901012003202603
040901013802202603
040901014602202603
040901014603202603
040901015401202603
040901016201202603
040901017001202603
040901017002202603
040901017003202603
040901018902202603
040901018903202603
040901019702202603
040901020002202603
040901021902202603
040901022702202603
040901023502202603
040901024302202603
040901025102202603
040901026002202603
040901027801202603
040901028602202603
040901029401202603
040901029402202603
040901030802202603
040901031602202603
040901032402202603
040901033202202603
040901034002202603
040901035901202603
040901035902202603
040901036702202603
040901037502202603
040901037503202603
040901038301202603
040901038302202603
040901038303202603
040901039102202603
040901039103202603
040901040502202603
040901041302202603
040901042101202603
040901043002202603
040901043003202603
040901044801202603
040901045602202603
040901046402202603
040901047202202603
040901048002202603
040901048003202603
040901049902202603
040901050202202603
040901051002202603
040901051003202603
040901052902202603
040901053702202603
040901054502202603
040901055302202603
040901056102202603
040901057002202603
040901058802202603
040901059602202603
040901059603202603
040902001001202603
040902001002202603
040902001003202603
040902002801202603
040902002802202603
040902002803202603
040902003601202603
040902003602202603
040902003603202603
040902004402202603
040902004403202603
040902005202202603
040902006001202603
040902007901202603
040902007902202603
040902007903202603
040902008701202603
040902008702202603
040902008703202603
040902009501202603
040902009502202603
040902009503202603
040902010902202603
040902010903202603
040902011701202603
040902012502202603
040902012503202603
040902013302202603
040902013303202603
040902014102202603
040902014103202603
040902015002202603
040902015003202603
040902016802202603
040902016803202603
040902017601202603
040902017602202603
040902017603202603
040902018401202603
040903001502202603
040903001503202603
040903002302202603
040903003102202603
040903004002202603
040904001001202603
040904001002202603
040904001003202603
040904002901202603
040904002902202603
040904003702202603
040904003703202603
040904004502202603
040904005302202603
040904005303202603
040904006101202603
040904006102202603
040904006103202603
040904007001202603
040904007002202603
040904007003202603
040904008801202603
040904008802202603
040904008803202603
040904009602202603
040904009603202603
040904010001202603
040904011802202603
040904011803202603
040904012602202603
040904012603202603
040904013402202603
040904013403202603
040904014201202603
040904014202202603
040904014203202603
040904015002202603
040904015003202603
040904016901202603
040904016902202603
040904016903202603
040904017702202603
040904017703202603
040904018502202603
040904018503202603
040904019302202603
040904019303202603
040904020702202603
040904020703202603
040904021501202603
040904021502202603
040904021503202603
040904022302202603
040904022303202603
040904023102202603
040904023103202603
040904024001202603
040904024002202603
040904024003202603
040905001602202603
040905002402202603
040905002403202603
040905003202202603
040905003203202603
040905004002202603
040905004003202603
040905005901202603
040905006701202603
040905007502202603
040905007503202603
040905008301202603
040905008302202603
040905008303202603
040905009102202603
040905009103202603
040905010502202603
040905010503202603
040905011302202603
040905011303202603
040905013002202603
040905014802202603
040905016402202603
040906001101202603
040906001102202603
040906001103202603
040906002002202603
040906003802202603
040906003803202603
040906004601202603
040906004602202603
040906004603202603
040906005402202603
040906005403202603
040906006201202603
040906007002202603
040906007003202603
040906008901202603
040906009701202603
040906010002202603
040906011902202603
040906012702202603
040906013502202603
040906014302202603
040906015102202603
040906016002202603
040906017801202603
040906017802202603
040906017803202603
040906018602202603
040906018603202603
040906019402202603
040906019403202603
040906020802202603
040906020803202603
040906021602202603
040906021603202603
040906022402202603
040906022403202603
040906023202202603
040906023203202603
040906024002202603
040906024003202603
040906025902202603
040906025903202603
040906026702202603
040906026703202603
040906027502202603
040906027503202603
040906028302202603
040906029102202603
040906030501202603
040906031302202603
040907001702202603
040907001703202603
040907002502202603
040907002503202603
040907003302202603
040907003303202603
040907004102202603
040907004103202603
040907005002202603
040907006802202603
040907006803202603
040907007602202603
040907007603202603
040907008402202603
040907008403202603
040907009202202603
040907009203202603
040907010601202603
040907010602202603
040907010603202603
040907011402202603
040907012201202603
040907012202202603
040907012203202603
040907013002202603
040907013003202603
040907014901202603
040907014902202603
040907014903202603
040907015701202603
040907015702202603
040907015703202603
040907016501202603
040907016502202603
040907016503202603
040907017301202603
040907018101202603
040907018102202603
040907018103202603
040907019002202603
040907019003202603
040907020302202603
040907021102202603
040907022002202603
040907022003202603
040907023802202603
040907024602202603
040907025402202603
040907026202202603
040907026203202603
040907027002202603
040907027003202603
040907028902202603
040907028903202603
040907029702202603
040907030002202603
040907030003202603
040907031902202603
041001001401202603
041001001402202603
041001001403202603
041001002201202603
041001003001202603
041001004901202603
041001004902202603
041001004903202603
041001005702202603
041001006502202603
041001006503202603
041001007302202603
041001007303202603
041001008101202603
041001008102202603
041001008103202603
041001009002202603
041001009003202603
041001010301202603
041001011102202603
041001011103202603
041001012002202603
041001013802202603
041001013803202603
041001014602202603
041001014603202603
041001015402202603
041001015403202603
041001016202202603
041001016203202603
041001019702202603
041001020002202603
041001021902202603
041101001801202603
041101001802202603
041101001803202603
041101002602202603
041101003402202603
041101004202202603
041101005002202603
041101005003202603
041101006901202603
041101007701202603
041101007702202603
041101007703202603
041101008502202603
041102001301202603
041102001302202603
041102001303202603
041102002102202603
041102002103202603
041102003002202603
041102004802202603
041201001102202603
041201002002202603
041201003802202603
041201003803202603
041201004602202603
041201004603202603
041201006201202603
041201006202202603
041201007002202603
041201008902202603
041201009702202603
041201010002202603
041201011902202603
041201012702202603
041201013502202603
041201014302202603
041202001702202603
041202002502202603
041202003302202603
041202005002202603
041202006802202603
041202007602202603
041202008402202603
041203001202202603
041203004702202603
041203005502202603
041203006302202603
041203007102202603
041203008002202603
041203009802202603
041203009803202603
041203010102202603
041203011002202603
041203012801202603
041203012802202603
041204001802202603
041204001803202603
041204002602202603
041204003402202603
041204004202202603
041204005002202603
041204006902202603
041204008502202603
041204008503202603
041204010702202603
041204011502202603
041204011503202603
041204012302202603
041204013102202603
041204015802202603
041204016602202603
041204017402202603
041204018202202603
041204019002202603
041204020402202603
041204021202202603
041204022002202603
041204022003202603
041205001302202603
041205003002202603
041205004802202603
041205006402202603
041205007202202603
041205008002202603
041205010202202603
041205011002202603
041205013702202603
041205014502202603
041205015302202603
041205016102202603
041205017001202603
041205017002202603
041301001502202603
041301002301202603
041301003101202603
041301004001202603
041301005801202603
041301006602202603
041301007402202603
041301008202202603
041301009002202603
041303001602202603
041303001603202603
041303002402202603
041303002403202603
041303003202202603
041303003203202603
041303004001202603
041303005902202603
041303005903202603
041303006702202603
041303006703202603
041303007502202603
041303007503202603
041303008302202603
041303008303202603
041304001101202603
041304002002202603
041304002003202603
041304003802202603
041304004602202603
041304005402202603
041304005403202603
041304006202202603
041304006203202603
041304007002202603
041304007003202603
041304008902202603
041304008903202603
041304009702202603
041304010002202603
041304011902202603
041304011903202603
041304012702202603
041304012703202603
041304013502202603
041304013503202603
041304014302202603
041304014303202603
041304015101202603
041304015102202603
041304015103202603
041304016002202603
041304017802202603
041304018602202603
041304018603202603
041304019402202603
041304019403202603
041304020802202603
041304020803202603
041304021602202603
041304021603202603
041304022402202603
041304022403202603
041304023202202603
041304023203202603
041304024002202603
041304025902202603
041304025903202603
041304026702202603
041401002702202603
041401003502202603
041401025601202603
041401025602202603
041401025603202603
041401027202202603
041401027203202603
041401032902202603
041401032903202603
041401034501202603
041401034502202603
041401034503202603
041401036101202603
041401036102202603
041401036103202603
041401037001202603
041401038801202603
041401038802202603
041401038803202603
041402002201202603
041402002202202603
041402002203202603
041402003001202603
041402003002202603
041402003003202603
041402004901202603
041402004902202603
041402004903202603
041402005701202603
041402005702202603
041402005703202603
041402006501202603
041402006502202603
041402006503202603
041402007301202603
041402007302202603
041402007303202603
041402008101202603
041402008102202603
041402008103202603
041402009001202603
041402009002202603
041402009003202603
041402012001202603
041402012002202603
041402012003202603
041402013801202603
041402013802202603
041402013803202603
041402014601202603
041402014602202603
041402014603202603
041402015401202603
041402015402202603
041402015403202603
041402016201202603
041402016202202603
041402016203202603
041402017001202603
041402017002202603
041402017003202603
041402017006202603
041402020001202603
041402020002202603
041402020003202603
041402021901202603
041402021902202603
041402021903202603
041402024301202603
041402024302202603
041402024303202603
041402027801202603
041402027802202603
041402027803202603
041402029401202603
041402029402202603
041402029403202603
041402035901202603
041402035902202603
041402035903202603
041402036701202603
041402036702202603
041402036703202603
041402037501202603
041402037502202603
041402037503202603
041402038301202603
041402038302202603
041402038303202603
041402040501202603
041402040502202603
041402040503202603
041402041302202603
041402041303202603
041402042101202603
041402043001202603
041402043002202603
041402043003202603
041402043006202603
041501001202202603
041502001802202603
041502003402202603
041502004202202603
041502005002202603
041502006902202603
041502007702202603
041502008502202603
041503001302202603
041504002702202603
041504003502202603
041504003506202603
041504004301202603
041504004306202603
041504005101202603
041601001602202603
041601002402202603
041601004002202603
041601007502202603
041601009102202603
041601011302202603
041601011303202603
041601012102202603
041601013002202603
041601016402202603
041601017202202603
041601017203202603
041601018002202603
041601019902202603
041601020202202603
041601021002202603
041601022902202603
041602002002202603
041602015102202603
041602016002202603
041602017802202603
041602017803202603
041602018602202603
041602018603202603
041602019402202603
041602020802202603
041602021602202603
041602021603202603
041602022402202603
041602023202202603
041602024002202603
041602024003202603
041602025902202603
041603002502202603
041603002503202603
041603003302202603
041603003303202603
041603004102202603
041603004103202603
041603006802202603
041603007602202603
041603008402202603
041603009202202603
041603014901202603
041603014902202603
041603014903202603
041603015702202603
041603015703202603
041603016502202603
041603017302202603
041603018102202603
041603019002202603
041603020302202603
041603021102202603
041603022002202603
041603023802202603
041603024602202603
041603025402202603
041603026202202603
041603027002202603
041603028902202603
041603029702202603
041603030002202603
041603031902202603
041603032702202603
041603032703202603
041603033502202603
041603033503202603
041603034302202603
041603035102202603
041603035103202603
041603036002202603
041604001202202603
041604002002202603
041604003902202603
041604004702202603
041604005502202603
041604007102202603
041604010102202603
041604011002202603
041604012802202603
041604014402202603
041604017902202603
041604017903202603
041604018702202603
041604018703202603
041604019502202603
041604019503202603
041604020902202603
041604021702202603
041604022502202603
041604023302202603
041604024102202603
041604025002202603
041604026802202603
041604027602202603
041604028402202603
041604028403202603
041604029202202603
041604030602202603
041604031402202603
041604032202202603
041604033002202603
041604034902202603
041605001802202603
041605002602202603
041605003402202603
041605005002202603
041605007702202603
041605009302202603
041605010702202603
041605011502202603
041605012302202603
041606001302202603
041606001303202603
041606002102202603
041606003002202603
041606005602202603
041606006402202603
041606008002202603
041606009902202603
041606010202202603
041606011002202603
041606012902202603
041606013702202603
041608001402202603
041608001403202603
041608003002202603
041608003003202603
041608008102202603
041608009002202603
041608011102202603
041608012002202603
041608012003202603
041609001002202603
041609002802202603
041609003602202603
041609007902202603
041609010902202603
041609011702202603
041609012502202603
041609013302202603
041611001002202603
041611002902202603
041611003702202603
041611004502202603
041611005302202603
041611006102202603
041611007002202603
041611008802202603
041612002402202603
041612003202202603
041612004002202603
041612004003202603
041612005902202603
041612005903202603
041701001002202603
041701002802202603
041701003602202603
041701004402202603
041701004403202603
041701005201202603
041701005202202603
041701005203202603
041701006001202603
041701006002202603
041701006003202603
041801001301202603
041801002101202603
041801003001202603
041801004801202603
041801005602202603
041801006401202603
041801007202202603
041801008001202603
041801009901202603
041802001901202603
041802002701202603
041802003501202603
050101001701202603
050101002501202603
050101005001202603
050101006801202603
050101007601202603
050101009201202603
050101010601202603
050102003901202603
050102004701202603
050103001801202603
050103002601202603
050103003401202603
050103004201202603
050103005001202603
050103006902202603
050103007701202603
050103008501202603
050103009301202603
050103010701202603
050103011501202603
050103012301202603
050104001301202603
050104006401202603
050104006402202603
050104008001202603
050104008002202603
050104009901202603
050104011001202603
050104012901202603
050105001901202603
050105004301202603
050105005101202603
050106001402202603
050106002202202603
050106003002202603
050106004902202603
050106005702202603
050107001001202603
050107002801202603
050107002802202603
050107003602202603
050107004401202603
050107005201202603
050107008701202603
050107009501202603
050107010901202603
050107011701202603
050107012501202603
050107013301202603
050107014101202603
050107015002202603
050107016801202603
050107017601202603
050108001501202603
050108001502202603
050108002301202603
050108002302202603
050108003101202603
050108003102202603
050108003103202603
050108004001202603
050108004002202603
050108004003202603
050108005801202603
050108005802202603
050108005803202603
050108006601202603
050108006602202603
050108007401202603
050108007402202603
050108008202202603
050108009001202603
050108009002202603
050108010401202603
050108010402202603
050108010403202603
050201001002202603
050201002902202603
050301001401202603
050301001402202603
050301002201202603
050301002202202603
050302001002202603
050302002802202603
050303001502202603
050303002302202603
050303003102202603
050303004002202603
050303005801202603
050303005802202603
050303006602202603
050303007402202603
050303008202202603
050303009002202603
050303010402202603
050303011202202603
050304001002202603
050304002902202603
050304003702202603
050304004502202603
050304005302202603
050304006101202603
050304006102202603
050304008802202603
050401001801202603
050401001802202603
050401002601202603
050401002602202603
050401003401202603
050401003402202603
050402001302202603
050402002102202603
050402003002202603
050402004802202603
050402005602202603
050403002702202603
050404001401202603
050404002201202603
050405001001202603
050501001102202603
050501002002202603
050501003802202603
050501004602202603
050501005402202603
050501006202202603
050501007002202603
050501008902202603
050501009701202603
050501009702202603
050501009703202603
050501012701202603
050501012702202603
050501012703202603
050501013501202603
050501013502202603
050501013503202603
050501014302202603
050502001702202603
050502002502202603
050502004102202603
050502005002202603
050502006802202603
050502007602202603
050502008402202603
050502009202202603
050502010602202603
050502012202202603
050502014902202603
050601001501202603
050601005801202603
050601005802202603
050601006601202603
050601007401202603
050601008201202603
050601009001202603
050601010401202603
050601011201202603
050601012001202603
050601013901202603
050601014701202603
050601015501202603
050601016301202603
050601017101202603
050601018001202603
050601019801202603
050601020101202603
050601021001202603
050601022801202603
050601023601202603
050602001003202603
050602002903202603
050602003703202603
050602004502202603
050602004503202603
050602005302202603
050602006102202603
050602007002202603
050602009602202603
050602010002202603
050602011802202603
050602013402202603
060301001602202603
060302001102202603
060302002002202603
060302003802202603
060302004602202603
060302005402202603
060302009702202603
060303001701202603
060303001702202603
060303003302202603
060304001202202603
060305001802202603
060305002602202603
060305003402202603
060305004202202603
060305005002202603
060305006902202603
060305008502202603
060305009302202603
060305010702202603
060305011501202603
060305012301202603
060306001302202603
060307001902202603
060308001402202603
060308002202202603
060308003002202603
060308004902202603
060308005702202603
060308006502202603
060308008102202603
060308010302202603
060308012002202603
060308013802202603
060308014602202603
060308016202202603
060308017002202603
060308018902202603
060308019702202603
060308020002202603
060308021902202603
060308022702202603
060308027802202603
060308028602202603
060308029402202603
060309001002202603
060309002802202603
060401001001202603
060401002801202603
060401003601202603
060401004401202603
060401005201202603
060401006001202603
060401007901202603
060401008701202603
060401009501202603
060401010901202603
060402001501202603
060402002301202603
060402003101202603
060402004001202603
060402005801202603
060402006601202603
060403001001202603
060403003701202603
060403004501202603
060403005301202603
060403006101202603
060404001601202603
060404002401202603
060404003201202603
060404004001202603
060404005901202603
060404006701202603
060404007501202603
060404009101202603
060405001101202603
060405002001202603
060405003801202603
060405004601202603
060405005401202603
060405006201202603
060405007001202603
060405008901202603
060405009701202603
060405010001202603
060405011901202603
060406001701202603
060406002501202603
060407001201202603
060408001801202603
060408002601202603
060408003401202603
060409001301202603
060410001901202603
060410002701202603
060410003501202603
060411001401202603
060411002201202603
060411003001202603
060411004901202603
060411005701202603
060411006501202603
060411007301202603
060411008101202603
060412001001202603
060413001501202603
060413002301202603
060413003101202603
060413004001202603
060413005801202603
060413006601202603
060413007401202603
060413008201202603
060413009001202603
060413010401202603
060413011201202603
060413012001202603
060413013901202603
060414002901202603
060414003701202603
060415001601202603
060415002401202603
060416001101202603
060416002001202603
060416004601202603
060416005401202603
060416006201202603
060417001701202603
060417002501202603
060417003301202603
060417004101202603
060417005001202603
060418001201202603
060418002001202603
060419001801202603
060420001301202603
060421001901202603
060421002701202603
060422001401202603
060423001001202603
060423002801202603
060423003601202603
060423004401202603
060423005201202603
060423006001202603
060423007901202603
060423008701202603
060424002301202603
060424003101202603
060424005801202603
060424006601202603
060424007401202603
060424008201202603
060424009001202603
060424010401202603
060424011201202603
060424012001202603
060425001001202603
060425003701202603
060425004501202603
060426001601202603
060427001101202603
060427002001202603
060427003801202603
060427004601202603
060427005401202603
060427006201202603
060427007001202603
060427008901202603
060427009701202603
060427010001202603
060427011901202603
060428006801202603
060428007601202603
060428008401202603
060428009201202603
060428010601202603
060429001201202603
060429002001202603
060429003901202603
060429004701202603
060429006301202603
060429007101202603
060429008001202603
060431001301202603
060431002101202603
060431003001202603
060431004801202603
060431005601202603
060431006401202603
060432001901202603
060432002701202603
060432003501202603
060432004301202603
060432005101202603
060432006001202603
060432007801202603
060432008601202603
060432009401202603
060432011601202603
060432012401202603
060432013201202603
060432014001202603
060432015901202603
060432016701202603
060432017501202603
060432018301202603
060432019101202603
060432020501202603
060432021301202603
060432022101202603
060433001401202603
060433002201202603
060433003001202603
060433004901202603
060433005701202603
060433006501202603
060433007301202603
060433008101202603
060433009001202603
060433010301202603
060433011101202603
060433012001202603
060434001001202603
060434002801202603
060434003601202603
060434004401202603
060434005201202603
060434006001202603
060434007901202603
060434008701202603
060434009501202603
060434010901202603
060434011701202603
060435001501202603
060435002301202603
060435003101202603
060436001001202603
060436002901202603
060436003701202603
060436004501202603
060436005301202603
060436006101202603
060436007001202603
060436008801202603
060436009601202603
060436010001202603
060436011801202603
060436012601202603
060437001601202603
060437002401202603
060437003201202603
060438001101202603
060438002001202603
060438003801202603
060438004601202603
060438005401202603
060438006201202603
060438007001202603
060438008901202603
060438009701202603
060438010001202603
060438011901202603
060438012701202603
060438013501202603
060438014301202603
060439001701202603
060439002501202603
060439003301202603
060439008401202603
060439009201202603
060439010601202603
060439011401202603
060440001201202603
060441001801202603
060441002601202603
060441003401202603
060442001301202603
060443001901202603
060444001401202603
060447001001202603
060447002901202603
060447003701202603
060447004501202603
060447005301202603
060448001601202603
060448002401202603
060449001101202603
060449002001202603
060450001701202603
060450002501202603
060450003301202603
060450004101202603
060450005001202603
060450006801202603
060450007601202603
060450008401202603
060450009201202603
060450010601202603
060450011401202603
060450012201202603
060450013001202603
060450014901202603
060451001201202603
060451002001202603
060451003901202603
060451004701202603
060452001801202603
060452002601202603
060453001301202603
060453002101202603
060453003001202603
060454001901202603
060454002701202603
060454003501202603
060454004301202603
060454006001202603
060454007801202603
060454008601202603
060455001401202603
060455002201202603
060456001001202603
060457001501202603
060457002301202603
060457003101202603
060458001001202603
060458002901202603
060459001601202603
060459002401202603
060460001101202603
060460002001202603
060461001701202603
060461002501202603
060461003301202603
060462001201202603
060462002001202603
060462003901202603
060462004701202603
060463001801202603
060463002601202603
060463003401202603
060463004201202603
060463005001202603
060463006901202603
060463007701202603
060465001901202603
060465002701202603
060465003501202603
060466001401202603
060466002201202603
060466003001202603
060467001001202603
060468002301202603
060468003101202603
060468004001202603
060468005801202603
060468006601202603
060468007401202603
060469001001202603
060469002901202603
060469003701202603
060469005301202603
060470001601202603
060471001101202603
060471002001202603
060471003801202603
060472001701202603
060472002501202603
060473001201202603
060474001801202603
060475001301202603
060475002101202603
060475003001202603
060475004801202603
060477001401202603
060477002201202603
060477003001202603
060478001001202603
060478003601202603
060478004401202603
060478005201202603
060478006001202603
060479001501202603
060479002301202603
060480001001202603
060480002901202603
060481001601202603
060482001101202603
060483001701202603
060483002501202603
060483003301202603
060484001201202603
060484002001202603
060485001801202603
060485002601202603
060485003401202603
060485004201202603
060486001301202603
060486002101202603
060486003001202603
060487001901202603
060487002701202603
060487003501202603
060487004301202603
060488001401202603
070101001001202603
070101002901202603
070101003701202603
070101004501202603
070101005301202603
070101006101202603
070101007001202603
070101008801202603
070101009601202603
070101010001202603
070101011801202603
070101012601202603
070101013401202603
070101014201202603
070101015001202603
070101016901202603
070101017701202603
070101018501202603
070101019301202603
070101020701202603
070101021501202603
070101022301202603
070101023101202603
070101024001202603
070101025801202603
070101026601202603
070101027401202603
070101028201202603
070101029001202603
070101030401202603
070101031201202603
070101032001202603
070101033901202603
070102001601202603
070102002401202603
070102003201202603
070102004001202603
070102005901202603
070102006701202603
070102007501202603
070102008301202603
070102009101202603
070102010501202603
070102011301202603
070102012101202603
070102013001202603
070102014801202603
070102015601202603
070102016401202603
070102017201202603
070102018001202603
070102019901202603
070102020201202603
070102021001202603
070102022901202603
070102023701202603
070102024501202603
070102025301202603
070102026101202603
070102027001202603
070102028801202603
070102029601202603
070102030001202603
070102031801202603
070102032601202603
070102033401202603
070102034201202603
070102035001202603
070102036901202603
070102037701202603
070102038501202603
070102039301202603
070102040701202603
070102041501202603
070102042301202603
070102043101202603
070102044001202603
070102045801202603
070102046601202603
070102047401202603
070102048201202603
070102049001202603
070102050401202603
070102051201202603
070102052001202603
070102053901202603
070102054701202603
070102055501202603
070102056301202603
070102057101202603
070102058001202603
070102059801202603
070102060101202603
070102061001202603
070102062801202603
070102063601202603
070102064401202603
070102065201202603
070103001101202603
070103002001202603
070103003801202603
070103004601202603
070103005401202603
070103006201202603
070103007001202603
070103008901202603
070103009701202603
070103010001202603
070103011901202603
070103012701202603
070103013501202603
070103014301202603
070103015101202603
070103016001202603
070103017801202603
070103018601202603
070103019401202603
070103020801202603
070103021601202603
070103022401202603
070103023201202603
070103024001202603
070103025901202603
070103026701202603
070103027501202603
070103028301202603
070103029101202603
070103030501202603
070103032101202603
070103033001202603
070103034801202603
070103035601202603
070104001701202603
070104002501202603
070104003301202603
070104004101202603
070104005001202603
070104006801202603
070104009201202603
070104010601202603
070104011401202603
070104012201202603
070104013001202603
070104014901202603
070104015701202603
070105001201202603
070105002001202603
070105004701202603
070106001801202603
070106002601202603
070106003401202603
070106004201202603
070107001301202603
070107002101202603
070107003001202603
070107004801202603
070107005601202603
070107006401202603
070107007201202603
070107008001202603
070107009901202603
070107010201202603
070107011001202603
070107012901202603
070107013701202603
070107014501202603
070107015301202603
070107016101202603
070107017001202603
070108002701202603
070108004301202603
070108005101202603
070108006001202603
070108007801202603
070108008601202603
070108009401202603
070108011601202603
070108012401202603
070108013201202603
070108014001202603
070108015901202603
070108016701202603
070108017501202603
070108018301202603
070108019101202603
070109001401202603
070109002201202603
070109003001202603
070109004901202603
070109005701202603
070109006501202603
070109007301202603
070109008101202603
070109009001202603
070109010301202603
070109011101202603
070109012001202603
070109013801202603
070109014601202603
070109015401202603
070109016201202603
070109017001202603
070109018901202603
070109019701202603
070109020001202603
070109021901202603
070109022701202603
070109023501202603
070110001001202603
070110002801202603
070110003601202603
070110004401202603
070110005201202603
070110006001202603
070110007901202603
070110008701202603
070110009501202603
070110010901202603
070201001402202603
070201002202202603
070201003002202603
070201004902202603
070201005702202603
070201006502202603
070201008102202603
070201009002202603
070201010302202603
070201011102202603
070201012002202603
070201013802202603
070201015402202603
070201016202202603
070201017002202603
070201018902202603
070201019702202603
070201020002202603
070201021902202603
070201022702202603
070201023502202603
070201025102202603
070202002801202603
070202003601202603
070202004401202603
070202021402202603
070202022202202603
070203002302202603
070203003102202603
070203004002202603
070203005802202603
070203006602202603
070203007402202603
070203008202202603
070203009002202603
070203010402202603
070203011202202603
070203012002202603
070203013902202603
070203014702202603
070203015502202603
070203016302202603
070203017102202603
070203018002202603
070203019802202603
070203020102202603
070203021002202603
070203022802202603
070203023602202603
070203024402202603
070203025202202603
070203026002202603
070203027902202603
070203028702202603
070203029502202603
070203030902202603
070203031702202603
070203032502202603
070203033302202603
070203034102202603
070203035002202603
070203036802202603
070203037602202603
070203038402202603
070203039202202603
070203040602202603
070203041402202603
070203042202202603
070203043002202603
070203044902202603
070203045702202603
070203046502202603
070203047302202603
070203048102202603
070203049002202603
070203050302202603
070203051102202603
070203052002202603
070203053802202603
070203054602202603
070203055402202603
070203056202202603
070203057002202603
070203058902202603
070203059702202603
070203060002202603
070203060003202603
070203061902202603
070203062702202603
070203062703202603
070203063502202603
070203064302202603
070203065102202603
070203066002202603
070203066003202603
070203067802202603
070203067803202603
070203068602202603
070203068603202603
070203069402202603
070203070802202603
070203071602202603
070203072402202603
070203073202202603
070203074002202603
070203075902202603
070203076702202603
070203078302202603
070203079102202603
070203080502202603
070203081302202603
070203082102202603
070203083002202603
070203084802202603
070203085602202603
070203086402202603
070203087202202603
070203088002202603
070203089902202603
070203090202202603
070203091002202603
070203092902202603
070203093702202603
070203094502202603
070203095302202603
070203095303202603
070203096102202603
070203097002202603
070203098802202603
070203098803202603
070203099602202603
070203100302202603
070203101102202603
070203101103202603
070203102002202603
070203102003202603
070203103802202603
070203103803202603
070203104602202603
070203104603202603
070203105402202603
070203105403202603
070203106202202603
070203106203202603
070203107002202603
070203107003202603
070203108902202603
070203108903202603
070203109702202603
070203109703202603
070203110002202603
070203110003202603
070203112702202603
070203112703202603
070203113502202603
070203113503202603
070203114302202603
070203114303202603
070203115102202603
070203115103202603
070203116002202603
070203116003202603
070203117802202603
070203117803202603
070203118602202603
070203118603202603
070203119402202603
070203119403202603
070203120802202603
070203120803202603
070203121602202603
070203121603202603
070203122402202603
070203122403202603
070203123202202603
070203123203202603
070203124002202603
070203124003202603
070203125902202603
070203125903202603
070203126702202603
070203126703202603
070203127502202603
070203127503202603
070203128302202603
070203128303202603
070203129102202603
070203129103202603
070203130502202603
070203130503202603
070203131302202603
070203131303202603
070203132102202603
070203132103202603
070203133002202603
070203133003202603
070203134802202603
070203134803202603
070203135602202603
070203135603202603
070203136402202603
070203136403202603
070203138002202603
070203138003202603
070203139902202603
070203139903202603
070204001002202603
070204002902202603
070204003702202603
070204004502202603
070204005302202603
070204006102202603
070204007002202603
070204008801202603
070204008802202603
070204009602202603
070204010002202603
070204011802202603
070204011803202603
070204012602202603
070204013401202603
070204013402202603
070204014202202603
070204015001202603
070204015002202603
070204016902202603
070204017702202603
070204018502202603
070204019302202603
070204020702202603
070204021502202603
070204022302202603
070204023102202603
070204024002202603
070204025802202603
070204026602202603
070204027402202603
070204028202202603
070204029002202603
070204030402202603
070204031202202603
070204032002202603
070204033902202603
070204034702202603
070204035502202603
070204036302202603
070204037102202603
070204038001202603
070204038002202603
070204039802202603
070204040102202603
070204041002202603
070204042802202603
070204043602202603
070204044402202603
070204045202202603
070204046002202603
070204047902202603
070204048702202603
070204051702202603
070204053302202603
070204054102202603
070204055002202603
070204056802202603
070204057602202603
070204058402202603
070204059202202603
070204060602202603
070204061402202603
070205001602202603
070205002402202603
070205003202202603
070205004002202603
070205005902202603
070205006702202603
070205007502202603
070205008302202603
070205009102202603
070205009103202603
070205010502202603
070205012102202603
070205013002202603
070205014802202603
070205015602202603
070205016402202603
070205017202202603
070205018002202603
070205019902202603
070205022902202603
070205023702202603
070205024502202603
070205026102202603
070205027002202603
070205028802202603
070205029602202603
070205030002202603
070205031802202603
070205032602202603
070205033402202603
070205034201202603
070205034202202603
070205035002202603
070205036902202603
070205037702202603
070205040702202603
070205041502202603
070205042302202603
070205043102202603
070205044002202603
070205045802202603
070205046602202603
070205047402202603
070205048202202603
070205049002202603
070205050402202603
070205051202202603
070205052002202603
070205053902202603
070205054702202603
070205054703202603
070205055502202603
070205056302202603
070205056303202603
070205057102202603
070205057103202603
070205058002202603
070205078402202603
070205079202202603
070205080602202603
070205081402202603
070205081403202603
070205082202202603
070205083002202603
070205083003202603
070205084902202603
070206001101202603
070206001102202603
070206001103202603
070206002002202603
070206003802202603
070207004101202603
070207004102202603
070207004103202603
070207005002202603
070207005003202603
070208001202202603
070208002002202603
070208003902202603
070209001802202603
070209003402202603
070209004202202603
070209005002202603
070209006902202603
070209008502202603
070209009302202603
070210001301202603
070210002101202603
070210003001202603
070210004801202603
070210005601202603
070210006401202603
070210007201202603
070210008001202603
070210009901202603
070210010201202603
070211001902202603
070211002702202603
070211003502202603
070211004302202603
070212001402202603
070212002202202603
070212003002202603
070212004902202603
070212005702202603
070212006501202603
070212006502202603
080101001201202603
080101002001202603
080101003902202603
080101004702202603
080201001602202603
080201002402202603
080201003202202603
080201004002202603
080201005902202603
080201006702202603
080201007502202603
080201008302202603
080201009102202603
080201011302202603
080201012102202603
080201013002202603
080201015602202603
080201016402202603
080201019902202603
080201021002202603
080201022902202603
080201023702202603
080201024502202603
080201025302202603
080201026102202603
080201027002202603
080201028802202603
080201032602202603
080201033401202603
080201034202202603
080201035002202603
080201036902202603
080202001102202603
080202002002202603
080202002003202603
080301001001202603
080301002801202603
080301003601202603
080301004401202603
080301005201202603
080301006001202603
080301007901202603
080301008701202603
080301009501202603
080301010901202603
080301011701202603
080301012501202603
080301013301202603
080301014101202603
080301015001202603
080401001301202603
080401001306202603
080401002101202603
080401002106202603
080401003001202603
080401003006202603
080401004801202603
080401004806202603
080401005601202603
080401005606202603
080401006401202603
080401006406202603
080402001901202603
080402001906202603
080402002701202603
080402002706202603
080402003501202603
080402003506202603
080402004301202603
080402004306202603
080402005101202603
080403001401202603
080403001406202603
080404001001202603
080404002801202603
080404003601202603
090101001401202603
090101004901202603
090101005701202603
090101007301202603
090101008101202603
090101009001202603
090101010301202603
090101011101202603
090101012001202603
090201001801202603
090201002601202603
090201003401202603
090201004201202603
090201005001202603
090201006901202603
090301001101202603
090301002001202603
090301003801202603
090301004601202603
090401001501202603
090401002301202603
090401003101202603
090501001901202603
090501002701202603
090501003501202603
090501004301202603
090501005101202603
090501006001202603
090501007801202603
090601001201202603
090601002001202603
090601003901202603
090601004701202603
090601005501202603
