010101001001202603
010101002801202603
010101002802202603
010101003601202603
010101009510202603
010101010910202603
010101011701202603
010101011710202603
010101012510202603
010101013310202603
010101014110202603
010101015010202603
010101016810202603
010101017610202603
010101018410202603
010101019210202603
010101020610202603
010101021410202603
010101022210202603
010101023010202603
010101024910202603
010101025710202603
010101026510202603
010101027310202603
010101028110202603
010101029010202603
010101030310202603
010102001501202603
010102002301202603
010102003101202603
010102004001202603
010102005801202603
010102005802202603
010102005805202603
010102005810202603
010102006601202603
010102006602202603
010102006605202603
010102007401202603
010102007402202603
010102007405202603
010102008201202603
010102008202202603
010102009001202603
010102009002202603
010102009005202603
010102010402202603
010102010410202603
010102011201202603
010102011210202603
010102012002202603
010102012010202603
010103001001202603
010103001002202603
010103001010202603
010103002901202603
010103002902202603
010104002401202603
010104002402202603
010104003201202603
010104003202202603
010104004001202603
010104004002202603
010104005901202603
010104005902202603
010104005905202603
010104007510202603
010104008310202603
010104009110202603
010104010510202603
010104011310202603
010104012110202603
010105001101202603
010105001102202603
010105001105202603
010105002001202603
010105002002202603
010105002005202603
010105004601202603
010105004602202603
010105004605202603
010105005401202603
010105005402202603
010105005405202603
010105006202202603
010105006205202603
010105007002202603
010105007005202603
010105008902202603
010105008905202603
010105009702202603
010105009705202603
010105010002202603
010105010005202603
010105011902202603
010105011905202603
010105012702202603
010105012705202603
010105013502202603
010105013505202603
010105014302202603
010105014305202603
010105015101202603
010105015110202603
010105016001202603
010105016010202603
010105017801202603
010105017810202603
010105018601202603
010105019401202603
010105020801202603
010105020802202603
010105021601202603
010105022401202603
010105023201202603
010105024001202603
010105025901202603
010105026701202603
010201005601202603
010201006401202603
010201007201202603
010201014501202603
010201015301202603
010201016101202603
010201017001202603
010201018801202603
010201019601202603
010201020001202603
010201021801202603
010201022601202603
010201023401202603
010201024201202603
010201025001202603
010201026901202603
010201027701202603
010201028501202603
010201029301202603
010201030701202603
010201031501202603
010201032301202603
010201033101202603
010201034001202603
010201035801202603
010201036601202603
010201037401202603
010201038201202603
010201039001202603
010201040401202603
010201041201202603
010201042001202603
010201043901202603
010201044701202603
010201045501202603
010201046301202603
010201047101202603
010201048001202603
010201049801202603
010201050101202603
010201051001202603
010201052801202603
010201053601202603
010201054401202603
010201055201202603
010201056001202603
010201057901202603
010201058701202603
010201059501202603
010201060901202603
010201061701202603
010201062501202603
010201063301202603
010201064101202603
010201065001202603
010201066801202603
010202001901202603
010202002701202603
010202002702202603
010202002710202603
010202003501202603
010202004301202603
010202005102202603
010202006001202603
010202007801202603
010202007810202603
010202008601202603
010202009401202603
010202010801202603
010202011601202603
010202012401202603
010202013201202603
010202014001202603
020101001102202603
020101001104202603
020101002001202603
020101002002202603
020101002005202603
020101003803202603
020101004602202603
020101004604202603
020101005405202603
020101006202202603
020101006204202603
020101007002202603
020101007004202603
020101008901202603
020101008902202603
020101008905202603
020101009702202603
020101009704202603
020101010002202603
020101010004202603
020101011902202603
020101011904202603
020101012703202603
020101013503202603
020101014303202603
020101015102202603
020101015105202603
020101016002202603
020101016003202603
020101016007202603
020101017802202603
020101017804202603
020101018602202603
020101018604202603
020101019402202603
020101019404202603
020101020803202603
020101021602202603
020101021604202603
020101022402202603
020101022404202603
020101023202202603
020101023204202603
020101023210202603
020101024002202603
020101024003202603
020101025903202603
020101026702202603
020101026703202603
020101027502202603
020101027503202603
020101027504202603
020101028302202603
020101028304202603
020101029101202603
020101029102202603
020101029105202603
020101030502202603
020101030503202603
020101030504202603
020101031302202603
020101031303202603
020101031304202603
020101032102202603
020101032103202603
020101032104202603
020101033002202603
020101033003202603
020101033004202603
020101034801202603
020101034802202603
020101034805202603
020101035602202603
020101036401202603
020101036402202603
020101037202202603
020101037204202603
020101038002202603
020101038004202603
020101039901202603
020101039902202603
020101039905202603
020101040202202603
020101040203202603
020101041001202603
020101041002202603
020101041004202603
020101041007202603
020101042905202603
020101043702202603
020101043704202603
020101044501202603
020101044502202603
020101044505202603
020101045301202603
020101045302202603
020101045305202603
020101046101202603
020101046102202603
020101046105202603
020101047001202603
020101047002202603
020101047005202603
020101048802202603
020101048804202603
020101049602202603
020101049604202603
020101050002202603
020101050004202603
020101051802202603
020101051804202603
020101052602202603
020101052604202603
020101052610202603
020101053403202603
020101054202202603
020101054204202603
020101055003202603
020101056902202603
020101056904202603
020101056907202603
020101058502202603
020101058507202603
020101059301202603
020101059302202603
020101059305202603
020101060702202603
020101060707202603
020101061502202603
020101061504202603
020101062302202603
020101062304202603
020101063101202603
020101063102202603
020101063105202603
020101064001202603
020101064002202603
020101064005202603
020101065801202603
020101065802202603
020101065805202603
020101066602202603
020101066604202603
020101066607202603
020102001701202603
020102001702202603
020102001705202603
020102002501202603
020102002502202603
020102002505202603
020102003301202603
020102003302202603
020102003305202603
020102004101202603
020102004102202603
020102004105202603
020102005001202603
020102005002202603
020102005005202603
020102006802202603
020102007610202603
020102008410202603
020201001501202603
020201001502202603
020201001505202603
020201002301202603
020201002302202603
020201002305202603
020201002307202603
020201003101202603
020201003102202603
020201003105202603
020201004001202603
020201004002202603
020201004005202603
020201005801202603
020201005802202603
020201005805202603
020201006601202603
020201006602202603
020201006605202603
020201007401202603
020201007402202603
020201007405202603
020201008201202603
020201008202202603
020201008205202603
020201009001202603
020201009002202603
020201009005202603
020201010401202603
020201010402202603
020201010405202603
020201011201202603
020201011202202603
020201011205202603
020201012001202603
020201012002202603
020201012005202603
020201013901202603
020201013902202603
020201013905202603
020201014701202603
020201014702202603
020201014705202603
020201015501202603
020201015502202603
020201015505202603
020201016301202603
020201016302202603
020201016305202603
020201017101202603
020201017102202603
020201017105202603
020201018001202603
020201018002202603
020201018005202603
020201019801202603
020201019802202603
020201019805202603
020201020101202603
020201020102202603
020201020105202603
020201021001202603
020201021002202603
020201021005202603
020201021007202603
020201022801202603
020201022802202603
020201022805202603
020201023601202603
020201023602202603
020201023605202603
020201024405202603
020201025201202603
020201025202202603
020201025205202603
020201026001202603
020201026002202603
020201026005202603
020201027901202603
020201027902202603
020201027905202603
020201027907202603
020201028701202603
020201028702202603
020201028705202603
020201028707202603
020201029501202603
020201029502202603
020201029505202603
020201029507202603
020201030901202603
020201030902202603
020201030905202603
020201031701202603
020201031702202603
020201031705202603
020201031707202603
020201032501202603
020201032502202603
020201032505202603
020201033301202603
020201033302202603
020201033305202603
020201034101202603
020201034102202603
020201034105202603
020201035001202603
020201035002202603
020201035005202603
020201036801202603
020201036802202603
020201036805202603
020201037601202603
020201037602202603
020201037605202603
020201038401202603
020201038402202603
020201038405202603
020201038407202603
020201039201202603
020201039202202603
020201039205202603
020201039207202603
020201040601202603
020201040602202603
020201040605202603
020201041401202603
020201041402202603
020201041405202603
020201042201202603
020201042202202603
020201042205202603
020201042207202603
020201043001202603
020201043002202603
020201043005202603
020201043007202603
020201044901202603
020201044902202603
020201044905202603
020201045701202603
020201045702202603
020201045705202603
020201046501202603
020201046502202603
020201046505202603
020201047301202603
020201047302202603
020201047305202603
020201047307202603
020201048101202603
020201048102202603
020201048105202603
020201049001202603
020201049002202603
020201049005202603
020201050301202603
020201050302202603
020201050305202603
020201050307202603
020201051101202603
020201051102202603
020201051105202603
020201052001202603
020201052002202603
020201053801202603
020201053802202603
020201053805202603
020201054601202603
020201054602202603
020201054605202603
020201055401202603
020201055402202603
020201055405202603
020201056201202603
020201056202202603
020201056205202603
020201057001202603
020201057002202603
020201057005202603
020201058901202603
020201058902202603
020201058905202603
020201059701202603
020201059702202603
020201059705202603
020201060001202603
020201060002202603
020201060005202603
020201060007202603
020201061901202603
020201061902202603
020201061905202603
020201062701202603
020201062702202603
020201062705202603
020201062707202603
020201063501202603
020201063502202603
020201063505202603
020201063507202603
020201064301202603
020201064302202603
020201064305202603
020201064307202603
020201065101202603
020201065102202603
020201065105202603
020201065107202603
020201066001202603
020201066002202603
020201066005202603
020201066007202603
020201067801202603
020201067802202603
020201067805202603
020201067807202603
020201068601202603
020201068602202603
020201068605202603
020201069401202603
020201069402202603
020201069405202603
020201069407202603
020201070801202603
020201070802202603
020201070805202603
020201071601202603
020201071602202603
020201071605202603
020201072401202603
020201072402202603
020201072405202603
020201073201202603
020201073202202603
020201073205202603
020201074001202603
020201074002202603
020201074005202603
020201075901202603
020201075902202603
020201075905202603
020201076701202603
020201076702202603
020201076705202603
020201076707202603
020201077501202603
020201077502202603
020201078301202603
020201078302202603
020201079102202603
020201079107202603
020202001001202603
020202001002202603
020202001005202603
020202002901202603
020202002902202603
020202002905202603
020202003701202603
020202003702202603
020202003705202603
020202004501202603
020202004502202603
020202004505202603
020202005301202603
020202005302202603
020202005305202603
020202006101202603
020202006102202603
020202006105202603
020202007001202603
020202007002202603
020202007005202603
020202008801202603
020202008802202603
020202008805202603
020202009601202603
020202009602202603
020202009605202603
020202010001202603
020202010002202603
020202010005202603
020202011801202603
020202011802202603
020202012601202603
020202012602202603
020202012605202603
020202013401202603
020202013402202603
020202013405202603
020202014201202603
020202014202202603
020202014205202603
020202015001202603
020202015002202603
020202015005202603
020202016901202603
020202016902202603
020202016905202603
020202017701202603
020202017702202603
020202017705202603
020202018501202603
020202018502202603
020202018505202603
020202019301202603
020202019302202603
020202019305202603
020202020701202603
020202020702202603
020202020705202603
020202021501202603
020202021502202603
020202021505202603
020202022301202603
020202022302202603
020202022305202603
020202023101202603
020202023102202603
020202023105202603
020202024001202603
020202024002202603
020202024005202603
020202025801202603
020202025802202603
020202025805202603
020202026601202603
020202026602202603
020202026605202603
020202027401202603
020202027402202603
020202027405202603
020202028201202603
020202028202202603
020202028205202603
020202029001202603
020202029002202603
020202029005202603
020202030401202603
020202030402202603
020202030405202603
020202030407202603
020202031201202603
020202031202202603
020202031205202603
020202032001202603
020202032002202603
020202032005202603
020202033901202603
020202033902202603
020202033905202603
020202034701202603
020202034702202603
020202034705202603
020202035501202603
020202035502202603
020202035505202603
020202036301202603
020202036302202603
020202036305202603
020202037101202603
020202037102202603
020202037105202603
020202037107202603
020202038001202603
020202038002202603
020202038005202603
020202038007202603
020202039801202603
020202039802202603
020202039805202603
020202040101202603
020202040102202603
020202040105202603
020202041001202603
020202041002202603
020202041005202603
020202042801202603
020202042802202603
020202042805202603
020202043601202603
020202043602202603
020202043605202603
020202044401202603
020202044402202603
020202044405202603
020202045201202603
020202045202202603
020202045205202603
020202046001202603
020202046002202603
020202046005202603
020202047905202603
020202048701202603
020202048702202603
020202048705202603
020202049501202603
020202049502202603
020202049505202603
020202050901202603
020202050902202603
020202050905202603
020202051701202603
020202051702202603
020202052501202603
020202052502202603
020202052505202603
020202053301202603
020202053302202603
020202053305202603
020202054101202603
020202054102202603
020202054105202603
020202055002202603
020202055004202603
020202056802202603
020202056804202603
020202057602202603
020202057604202603
020203001601202603
020203001602202603
020203001605202603
020203002402202603
020203002405202603
020203003201202603
020203003202202603
020203003205202603
020203004002202603
020203004005202603
020203005902202603
020203005905202603
020203006701202603
020203006702202603
020203006705202603
020203007501202603
020203007502202603
020203007505202603
020203008301202603
020203008302202603
020203008305202603
020203009101202603
020203009102202603
020203009105202603
020203010501202603
020203010502202603
020203010505202603
020203010507202603
020203011301202603
020203011302202603
020203011305202603
020203012101202603
020203012102202603
020203012105202603
020203013001202603
020203013002202603
020203013005202603
020203014801202603
020203014802202603
020203014805202603
020203015601202603
020203015602202603
020203015605202603
020203016401202603
020203016402202603
020203016405202603
020203017205202603
020203018001202603
020203018002202603
020203018005202603
020203019901202603
020203019902202603
020203019905202603
020203020201202603
020203020202202603
020203020205202603
020203022901202603
020203022902202603
020203022905202603
020203023702202603
020203023704202603
020203024501202603
020203024502202603
020203024505202603
020203025301202603
020203025302202603
020203025305202603
020203026101202603
020203026102202603
020203027001202603
020203027002202603
020203027005202603
020203028801202603
020203028802202603
020203028805202603
020203029602202603
020203029605202603
020203032601202603
020203032602202603
020203032605202603
020203033401202603
020203033402202603
020203033405202603
020203034201202603
020203034202202603
020203034205202603
020203035001202603
020203035002202603
020203035005202603
020203036901202603
020203036902202603
020203036905202603
020203037701202603
020203037702202603
020203037705202603
020203038501202603
020203038502202603
020203038505202603
020203039301202603
020203039302202603
020203039305202603
020203040701202603
020203040702202603
020203040705202603
020203041501202603
020203041502202603
020203041505202603
020203042301202603
020203042302202603
020203042305202603
020203043101202603
020203043102202603
020203043105202603
020203044001202603
020203044002202603
020203044005202603
020203045801202603
020203045802202603
020203045805202603
020203046601202603
020203046602202603
020203046605202603
020203047401202603
020203047402202603
020203047405202603
020203048201202603
020203048202202603
020203048205202603
020203050401202603
020203050402202603
020203050405202603
020203051201202603
020203051202202603
020203051205202603
020203052001202603
020203052002202603
020203052005202603
020203053901202603
020203053902202603
020203053905202603
020203054701202603
020203054702202603
020203054705202603
020203055501202603
020203055502202603
020203055505202603
020203056301202603
020203056302202603
020203056305202603
020203057101202603
020203057102202603
020203057105202603
020203058001202603
020203058002202603
020203058005202603
020203059801202603
020203059802202603
020203059805202603
020203060101202603
020203060102202603
020203060105202603
020203061001202603
020203061002202603
020203061005202603
020203062801202603
020203062802202603
020203062805202603
020203063602202603
020203063605202603
020203063607202603
020203064402202603
020203064405202603
020203065201202603
020203065202202603
020203065205202603
020203066001202603
020203066002202603
020203066005202603
020203068702202603
020203068705202603
020203069501202603
020203069502202603
020203069505202603
020203070901202603
020203070902202603
020203070905202603
020203071701202603
020203071702202603
020203071705202603
020203072501202603
020203072502202603
020203072505202603
020203073301202603
020203073302202603
020203073305202603
020203074101202603
020203074102202603
020203074105202603
020203075001202603
020203075002202603
020203075005202603
020203076801202603
020203076802202603
020203076805202603
020203077601202603
020203077602202603
020203077605202603
020203078402202603
020203078405202603
020203078407202603
020203079201202603
020203079202202603
020203079205202603
020203080602202603
020203080605202603
020203081401202603
020203081402202603
020203081405202603
020203082201202603
020203082202202603
020203082205202603
020203083001202603
020203083002202603
020203083005202603
020203084901202603
020203084902202603
020203084905202603
020203085701202603
020203085702202603
020203085705202603
020203086501202603
020203086502202603
020203086505202603
020203087301202603
020203087302202603
020203087305202603
020203088101202603
020203088102202603
020203088105202603
020203089002202603
020203089005202603
020203089007202603
020203090301202603
020203090302202603
020203090305202603
020203091102202603
020203091105202603
020203092001202603
020203092002202603
020203092005202603
020203093801202603
020203093802202603
020203093805202603
020203094601202603
020203094602202603
020203094605202603
020203095401202603
020203095402202603
020203095405202603
020203096201202603
020203096202202603
020203096205202603
020203098902202603
020203098905202603
020203099702202603
020203099705202603
020203100401202603
020203100402202603
020203100405202603
020203101201202603
020203101202202603
020203101205202603
020203103901202603
020203103902202603
020203103905202603
020203104701202603
020203104702202603
020203104705202603
020203105501202603
020203105502202603
020203106301202603
020203106302202603
020203106305202603
020203107102202603
020203107105202603
020203108002202603
020203110101202603
020203110102202603
020203110105202603
020203111001202603
020203111002202603
020203111005202603
020203114401202603
020203114402202603
020203114405202603
020203115201202603
020203115202202603
020203115205202603
020203117902202603
020203117905202603
020203118701202603
020203118702202603
020203118705202603
020203119501202603
020203119502202603
020203119505202603
020203120902202603
020203120904202603
020203121701202603
020203121702202603
020203122502202603
020203122505202603
020203123302202603
020203123305202603
020203124102202603
020203127602202603
020203127604202603
020203128402202603
020203128404202603
020203129202202603
020203129204202603
020203130602202603
020203130604202603
020203131402202603
020203131404202603
020203132202202603
020203132204202603
020203136502202603
020203136505202603
020203137302202603
020203137305202603
020203138102202603
020203138104202603
020203139002202603
020203139004202603
020203140302202603
020203140304202603
020203141102202603
020203141105202603
020203142002202603
020203142005202603
020203143802202603
020203143805202603
020203144601202603
020203144602202603
020203144605202603
020203144607202603
020203145401202603
020203145402202603
020203145405202603
020203145407202603
020203146201202603
020203146202202603
020203146205202603
020203146207202603
020203147002202603
020203147005202603
020203147007202603
020203148902202603
020203148905202603
020203148907202603
020203149702202603
020203149705202603
020203149707202603
020203150001202603
020203150002202603
020203150005202603
020203150007202603
020203151901202603
020203151902202603
020203151905202603
020203151907202603
020203152701202603
020203152702202603
020203152705202603
020203152707202603
020203153501202603
020203153502202603
020203153505202603
020203154301202603
020203154302202603
020203154305202603
020203155101202603
020203155102202603
020203155105202603
020203156002202603
020203157802202603
020203158602202603
020203159402202603
020203160802202603
020203161602202603
020204001101202603
020204001102202603
020204001105202603
020204002001202603
020204002002202603
020204002005202603
020204003801202603
020204003802202603
020204003805202603
020204004601202603
020204004602202603
020204004605202603
020204005401202603
020204005402202603
020204005405202603
020204006201202603
020204006202202603
020204006205202603
020204007001202603
020204007002202603
020204007005202603
020204008901202603
020204008902202603
020204008905202603
020204009701202603
020204009702202603
020204009705202603
020204010001202603
020204010002202603
020204010005202603
020204011901202603
020204011902202603
020204012701202603
020204012702202603
020204012705202603
020204013501202603
020204013502202603
020204013505202603
020204014301202603
020204014302202603
020204014305202603
020204015101202603
020204015102202603
020204015105202603
020204016001202603
020204016002202603
020204016005202603
020204017801202603
020204017802202603
020204017805202603
020204018602202603
020204018604202603
020205001701202603
020205001702202603
020205001705202603
020205002501202603
020205002502202603
020205002505202603
020205003301202603
020205003302202603
020205003305202603
020205004101202603
020205004102202603
020205004105202603
020205005001202603
020205005002202603
020205005005202603
020205006801202603
020205006802202603
020205006805202603
020205007602202603
020205007605202603
020205007607202603
020205008401202603
020205008402202603
020205008405202603
020205009201202603
020205009202202603
020205009205202603
020205010601202603
020205010602202603
020205010605202603
020205011401202603
020205011402202603
020205011405202603
020205012201202603
020205012202202603
020205012205202603
020205013001202603
020205013002202603
020205013005202603
020205014901202603
020205014902202603
020205014905202603
020205015701202603
020205015702202603
020205015705202603
020205016501202603
020205016502202603
020205016505202603
020205017301202603
020205017302202603
020205017305202603
020205018101202603
020205018102202603
020205018105202603
020205019001202603
020205019002202603
020205019005202603
020205020301202603
020205020302202603
020205020305202603
020205021101202603
020205021102202603
020205021105202603
020205022001202603
020205022002202603
020205022005202603
020205023801202603
020205023802202603
020205023805202603
020205024601202603
020205024602202603
020205024605202603
020205025401202603
020205025402202603
020205025405202603
020205026201202603
020205026202202603
020205026205202603
020205027001202603
020205027002202603
020205027005202603
020205028901202603
020205028902202603
020205028905202603
020205029701202603
020205029702202603
020205029705202603
020205030001202603
020205030002202603
020205030005202603
020205031901202603
020205031902202603
020205031905202603
020205032701202603
020205032702202603
020205032705202603
020206001201202603
020206001202202603
020206001205202603
020206002001202603
020206002002202603
020206002005202603
020206003901202603
020206003902202603
020206003905202603
020206004701202603
020206004702202603
020206004705202603
020206005501202603
020206005502202603
020206005505202603
020206006301202603
020206006302202603
020206006305202603
020206007101202603
020206007102202603
020206007105202603
020206008001202603
020206008002202603
020206008005202603
020206009801202603
020206009802202603
020206009805202603
020206010101202603
020206010102202603
020206010105202603
020206011001202603
020206011002202603
020206011005202603
020206012801202603
020206012802202603
020206012805202603
020206013601202603
020206013602202603
020206013605202603
020206014401202603
020206014402202603
020206014405202603
020206015201202603
020206015202202603
020206015205202603
020206016001202603
020206016002202603
020206016005202603
020206017901202603
020206017902202603
020206017905202603
020206018701202603
020206018702202603
020206018705202603
020206019501202603
020206019502202603
020206019505202603
020206020901202603
020206020902202603
020206020905202603
020206021701202603
020206021702202603
020206021705202603
020206022501202603
020206022502202603
020206022505202603
020206023301202603
020206023302202603
020206023305202603
020206024101202603
020206024102202603
020206024105202603
020206025001202603
020206025002202603
020206025005202603
020206025007202603
020206026801202603
020206026802202603
020206026805202603
020206027601202603
020206027602202603
020206027607202603
020206028401202603
020206028402202603
020206028405202603
020206029201202603
020206029202202603
020206029205202603
020206030601202603
020206030602202603
020206030605202603
020206031401202603
020206031402202603
020206031405202603
020206032201202603
020206032202202603
020206033001202603
020206033002202603
020206033005202603
020206034901202603
020206034902202603
020206034905202603
020206035701202603
020206035702202603
020206035705202603
020206036501202603
020206036502202603
020206036505202603
020206037301202603
020206037302202603
020206037305202603
020206037307202603
020206038101202603
020206038102202603
020206038105202603
020206039001202603
020206039002202603
020206039005202603
020206040301202603
020206040302202603
020206040305202603
020206041101202603
020206041102202603
020206041105202603
020206042001202603
020206042002202603
020206042005202603
020206043801202603
020206043802202603
020206043805202603
020206044601202603
020206044602202603
020206044605202603
020206045401202603
020206045402202603
020206045405202603
020206046201202603
020206046202202603
020206046205202603
020206047001202603
020206047002202603
020206047005202603
020207001801202603
020207001802202603
020207001805202603
020207002601202603
020207002602202603
020207002605202603
020207003401202603
020207003402202603
020207003405202603
020207004201202603
020207004202202603
020207004205202603
020207005001202603
020207005002202603
020207005005202603
020207006901202603
020207006902202603
020207006905202603
020207007701202603
020207007702202603
020207007705202603
020207008501202603
020207008502202603
020207008505202603
020207008507202603
020207009301202603
020207009302202603
020207009305202603
020207010701202603
020207010702202603
020207010705202603
020207011501202603
020207011502202603
020207011505202603
020207012301202603
020207012302202603
020207012305202603
020207013101202603
020207013102202603
020207013105202603
020207014001202603
020207014002202603
020207014005202603
020207015801202603
020207015802202603
020207015805202603
020207016601202603
020207016602202603
020207016605202603
020207017401202603
020207017402202603
020207017405202603
020207018202202603
020207018205202603
020207019001202603
020207019002202603
020207019005202603
020207020401202603
020207020402202603
020207020405202603
020207021201202603
020207021202202603
020207021205202603
020207022001202603
020207022002202603
020207022005202603
020207023901202603
020207023902202603
020207023905202603
020207024701202603
020207024702202603
020207024705202603
020207025501202603
020207025502202603
020207025505202603
020207026301202603
020207026302202603
020207026305202603
020207027101202603
020207027102202603
020207027105202603
020207028001202603
020207028002202603
020207028005202603
020207029801202603
020207029802202603
020207029805202603
020207030101202603
020207030102202603
020207030105202603
020207031001202603
020207031002202603
020207031005202603
020207032801202603
020207032802202603
020207032805202603
020207033601202603
020207033602202603
020207033605202603
020207034401202603
020207034402202603
020207034405202603
020207035201202603
020207035202202603
020207035205202603
020208001301202603
020208001302202603
020208001305202603
020208002101202603
020208002102202603
020208002105202603
020208003002202603
020208003005202603
020208004802202603
020208004805202603
020208004810202603
020208005601202603
020208005602202603
020208005605202603
020208006402202603
020208006405202603
020208006410202603
020208007201202603
020208007202202603
020208007205202603
020208007207202603
020208008001202603
020208008002202603
020208008005202603
020208008007202603
020208009901202603
020208009902202603
020208009905202603
020208010201202603
020208010202202603
020208010205202603
020208011002202603
020208011005202603
020208012901202603
020208012902202603
020208012905202603
020208013702202603
020208013705202603
020208014501202603
020208014502202603
020208014505202603
020208015301202603
020208015302202603
020208015305202603
020208015307202603
020208016101202603
020208016102202603
020208016105202603
020208017001202603
020208017002202603
020208017005202603
020208018801202603
020208018802202603
020208018805202603
020208019601202603
020208019602202603
020208019605202603
020208020001202603
020208020002202603
020208020005202603
020208021801202603
020208021802202603
020208021805202603
020208022601202603
020208022602202603
020208022605202603
020208023402202603
020208023405202603
020208024201202603
020208024202202603
020208025002202603
020208025005202603
020209001901202603
020209001902202603
020209001905202603
020209002701202603
020209002702202603
020209002705202603
020209003501202603
020209003502202603
020209003505202603
020209004301202603
020209004302202603
020209004305202603
020209005101202603
020209005102202603
020209005105202603
020209006001202603
020209006002202603
020209006005202603
020209007801202603
020209007802202603
020209007805202603
020209008601202603
020209008602202603
020209008605202603
020209009401202603
020209009402202603
020209009405202603
020209010801202603
020209010802202603
020209010805202603
020209011601202603
020209011602202603
020209012401202603
020209012402202603
020209012405202603
020209013201202603
020209013202202603
020209013205202603
020209014005202603
020209015901202603
020209015902202603
020209015905202603
020209016701202603
020209016702202603
020209016705202603
020209017501202603
020209017502202603
020209017505202603
020209018301202603
020209018302202603
020209018305202603
020209018307202603
020209019101202603
020209019102202603
020209019105202603
020209021301202603
020209021302202603
020209021305202603
020209022101202603
020209022102202603
020209022105202603
020209023001202603
020209023002202603
020209023005202603
020209024801202603
020209024802202603
020209024805202603
020209025601202603
020209025602202603
020209025605202603
020209026401202603
020209026402202603
020209026405202603
020209027201202603
020209027202202603
020209027205202603
020209028001202603
020209028002202603
020209028005202603
020209029901202603
020209029902202603
020209029905202603
020209030201202603
020209030202202603
020209030205202603
020209031001202603
020209031002202603
020209031005202603
020209032901202603
020209032902202603
020209032905202603
020209033701202603
020209033702202603
020209033705202603
020209034501202603
020209034502202603
020209034505202603
020209035301202603
020209035302202603
020209035305202603
020209036102202603
020209036105202603
020210001402202603
020210001404202603
020210002202202603
020210002204202603
020210003002202603
020210003004202603
020210004902202603
020210004904202603
020210005707202603
020210006507202603
020210007307202603
020210008107202603
020210009007202603
020210010307202603
020210011107202603
020210012007202603
020210013807202603
020210014607202603
020210015407202603
020210016207202603
020210017007202603
020210018907202603
020210019707202603
020210020007202603
020210021902202603
020210021904202603
020210022702202603
020210022704202603
020210023502202603
020210023504202603
020210024302202603
020210024304202603
020210025102202603
020211001001202603
020211001002202603
020211002802202603
020211003602202603
020211004401202603
020211004402202603
020211005201202603
020211005202202603
020211006001202603
020211006002202603
020211007901202603
020211007902202603
020211008701202603
020211008702202603
020211009501202603
020211009502202603
020211010901202603
020211010902202603
020211011702202603
020211012502202603
020211013302202603
020211014102202603
020211015002202603
020212001501202603
020212001502202603
020212001505202603
020212002301202603
020212002302202603
020212002305202603
020212003101202603
020212003102202603
020212003105202603
020212004001202603
020212004002202603
020212004005202603
020212005801202603
020212005802202603
020212005805202603
020212006601202603
020212006602202603
020212006605202603
020212007401202603
020212007402202603
020212007405202603
020212008201202603
020212008202202603
020212008205202603
020212009001202603
020212009002202603
020212009005202603
020212010401202603
020212010402202603
020212010405202603
020301001902202603
020301002702202603
020301002704202603
020301003502202603
020301003504202603
020301004302202603
020301004307202603
020301007802202603
020301008602202603
020302001402202603
020302002202202603
020302002204202603
020302002207202603
020302003002202603
020302003004202603
020302003007202603
020302004902202603
020302004904202603
020302005704202603
020302006502202603
020302006507202603
020302007302202603
020302008102202603
020302008107202603
020401001201202603
020401001202202603
020401001205202603
020401002001202603
020401002002202603
020401002005202603
020401003901202603
020401003902202603
020401003905202603
020401004701202603
020401004702202603
020401004705202603
020401005501202603
020401005502202603
020401005505202603
020401006301202603
020401006302202603
020401006305202603
020401007101202603
020401007102202603
020401007105202603
020401008001202603
020401008002202603
020401008005202603
020401009801202603
020401009802202603
020401009805202603
020401010101202603
020401010102202603
020401010105202603
020401011001202603
020401011002202603
020401011005202603
020401012801202603
020401012802202603
020401012805202603
020401013601202603
020401013602202603
020401013605202603
020401014401202603
020401014402202603
020401014405202603
020401015201202603
020401015202202603
020401015205202603
020401016001202603
020401016002202603
020401016005202603
020401017901202603
020401017902202603
020401017905202603
020401019501202603
020401019502202603
020401019505202603
020401020901202603
020401020902202603
020401020905202603
020401021702202603
020401021705202603
020401021710202603
020401022502202603
020401022505202603
020401022510202603
020402001802202603
020402001804202603
020402002601202603
020402002602202603
020402002605202603
020402003401202603
020402003402202603
020402003405202603
020402003407202603
020402004201202603
020402004202202603
020402004205202603
020402004207202603
020402005001202603
020402005002202603
020402005005202603
020402006901202603
020402006902202603
020402006905202603
020402007701202603
020402007702202603
020402007705202603
020402007707202603
020402008501202603
020402008502202603
020402008505202603
020402008507202603
020402009301202603
020402009302202603
020402009305202603
020402009307202603
020402010701202603
020402010702202603
020402010705202603
020402010707202603
020402011501202603
020402011502202603
020402011505202603
020402012301202603
020402012302202603
020402012305202603
020402013101202603
020402013102202603
020402013105202603
020402013107202603
020403001302202603
020403001304202603
020403002101202603
020403002102202603
020403002105202603
020403003002202603
020403003007202603
020403004802202603
020403004804202603
020403005601202603
020403005602202603
020403005605202603
020403006401202603
020403006402202603
020403006405202603
020403007201202603
020403007202202603
020403007205202603
020403008001202603
020403008002202603
020403008005202603
020403009901202603
020403009902202603
020403009905202603
020403010201202603
020403010202202603
020403010205202603
020403011001202603
020403011002202603
020403011005202603
020403012901202603
020403012902202603
020403012905202603
020403013701202603
020403013702202603
020403013705202603
020403014501202603
020403014502202603
020403014505202603
020403015301202603
020403015302202603
020403015305202603
020403015307202603
020403016102202603
020403017001202603
020403017002202603
020403017005202603
020403018802202603
020404001901202603
020404001902202603
020404001905202603
020404002701202603
020404002702202603
020404002705202603
020404003501202603
020404003502202603
020404003505202603
020404003507202603
020404004301202603
020404004302202603
020404004305202603
020404005101202603
020404005102202603
020404005105202603
020404006001202603
020404006002202603
020404006005202603
020404007801202603
020404007802202603
020404007805202603
020404007807202603
020404008601202603
020404008602202603
020404008605202603
020404009401202603
020404009402202603
020404009405202603
020404009407202603
020404010801202603
020404010802202603
020404010805202603
020404011601202603
020404011602202603
020404011605202603
020404011607202603
020404012401202603
020404012402202603
020404012405202603
020404012407202603
020405001401202603
020405001402202603
020405001405202603
020405002201202603
020405002202202603
020405002205202603
020405003001202603
020405003002202603
020405003005202603
020405004901202603
020405004902202603
020405004905202603
020405005701202603
020405005702202603
020405005705202603
020405006501202603
020405006502202603
020405006505202603
020405007301202603
020405007302202603
020405007305202603
020405008101202603
020405008102202603
020405008105202603
020405009005202603
020405010301202603
020405010302202603
020405010305202603
020405011101202603
020405011102202603
020405011105202603
020405012001202603
020405012002202603
020405012005202603
020405013801202603
020405013802202603
020405013805202603
020405014601202603
020405014602202603
020405014605202603
020405015401202603
020405015402202603
020405015405202603
020405016201202603
020405016202202603
020405016205202603
020405017001202603
020405017002202603
020405017005202603
020405018901202603
020405018902202603
020405018905202603
020406001001202603
020406001002202603
020406001005202603
020406002802202603
020406002805202603
020406003601202603
020406003602202603
020406003605202603
020406004401202603
020406004402202603
020406004405202603
020406005201202603
020406005202202603
020406006001202603
020406006002202603
020406006005202603
020406006007202603
020406007901202603
020406007902202603
020406007905202603
020406008701202603
020406008702202603
020406008705202603
020406009501202603
020406009502202603
020406009505202603
020406009507202603
020406010901202603
020406010902202603
020406010905202603
020406010907202603
020406011701202603
020406011702202603
020406011705202603
020406012501202603
020406012502202603
020406012505202603
020406012507202603
020406013301202603
020406013302202603
020406013305202603
020406013307202603
020406014101202603
020406014102202603
020406014105202603
020406014107202603
020406015001202603
020406015002202603
020406015005202603
020406015007202603
020406016801202603
020406016802202603
020406016805202603
020406017601202603
020406017602202603
020406017605202603
020406017607202603
020501001602202603
020501001604202603
020501001607202603
020501002402202603
020501002404202603
020501003202202603
020501003204202603
020501003207202603
020501004002202603
020501004004202603
020501005901202603
020501005902202603
020501005904202603
020502001102202603
020502001104202603
020502002002202603
020502003802202603
020502003804202603
020502004602202603
020502004604202603
020502004607202603
020502005402202603
020502005404202603
020502005407202603
020502006201202603
020502006202202603
020502006204202603
020502006207202603
020502007002202603
020502007004202603
020502008902202603
020502008904202603
020502008907202603
020502009702202603
020502009704202603
020502009707202603
020502010001202603
020502010002202603
020502010004202603
020502011902202603
020502011904202603
020502011907202603
020502012702202603
020502012704202603
020502013502202603
020502013504202603
020502014302202603
020502014304202603
020502015101202603
020502015102202603
020502015104202603
020502016002202603
020502016004202603
020502016007202603
020502017802202603
020502017804202603
020502018601202603
020502018602202603
020502018604202603
020502018607202603
020502019402202603
020502019404202603
020502022402202603
020502022404202603
020502022407202603
020601001002202603
020601001004202603
020601001007202603
020601002802202603
020601002804202603
020601002807202603
020601003602202603
020601003604202603
020601003607202603
020601004402202603
020601004404202603
020601005202202603
020601005204202603
020601006002202603
020601006004202603
020601007902202603
020601007904202603
020601008702202603
020601008704202603
020601009506202603
020602001502202603
020602001504202603
020602001507202603
020602002302202603
020602002304202603
020602002307202603
020602003102202603
020602003104202603
020602004004202603
020603001002202603
020603001004202603
020603002902202603
020603002904202603
020603002907202603
020603003702202603
020603003704202603
020603003707202603
020701001302202603
020701001304202603
020701002102202603
020701002104202603
020701003002202603
020701003004202603
020701003007202603
020701004802202603
020701004804202603
020701004807202603
020701005602202603
020701005604202603
020701005607202603
020701006402202603
020701006404202603
020701007202202603
020701007204202603
020702001902202603
020702001904202603
020702002702202603
020702002704202603
020702002707202603
020702003502202603
020702003504202603
020702006002202603
020702006004202603
020703001402202603
020703001404202603
020703002202202603
020703002204202603
020703002207202603
020703003002202603
020703003004202603
020703003007202603
020703004902202603
020703004904202603
020703005702202603
020703005704202603
020801001702202603
020801001704202603
020801002502202603
020801002504202603
020801002507202603
020801003302202603
020801003304202603
020801003307202603
020801004102202603
020801004104202603
020801005002202603
020801005004202603
020801006802202603
020801006804202603
020801007602202603
020801007604202603
020801008402202603
020801008404202603
020801009202202603
020801009204202603
020802001202202603
020802001204202603
020802002002202603
020802002004202603
020802003902202603
020802003904202603
020802004705202603
020802005502202603
020802005504202603
020802006302202603
020802006304202603
020802007102202603
020802007104202603
020802008002202603
020802008004202603
020802009802202603
020802009804202603
020802010102202603
020802010104202603
020802011002202603
020802011004202603
020802012802202603
020802012804202603
020803001802202603
020803001804202603
020803002602202603
020803002604202603
020803003402202603
020803003404202603
020803004202202603
020803004204202603
020803005002202603
020803005004202603
020804001305202603
020804002102202603
020804002104202603
020804003002202603
020804003004202603
020804004805202603
020804005602202603
020804005604202603
020804006402202603
020804006404202603
020804007202202603
020804007204202603
020804008002202603
020804008004202603
020804009902202603
020804009904202603
020804010202202603
020804010204202603
020805001902202603
020805001904202603
020805002705202603
020805003502202603
020805003504202603
020805004302202603
020805004304202603
020806001402202603
020806001404202603
020806002202202603
020806002204202603
020806003002202603
020806003004202603
020807001002202603
020807001004202603
020807002802202603
020807002804202603
020807003602202603
020807003604202603
020807004402202603
020807004404202603
020808001502202603
020808001504202603
020808002302202603
020808002304202603
020808003102202603
020808003104202603
020808004002202603
020808004004202603
020809001002202603
020809001004202603
020809002902202603
020809002904202603
020809003702202603
020809003704202603
020901001002202603
020901001004202603
020901002902202603
020901002904202603
020901002907202603
020901003702202603
020901003704202603
020901003707202603
020901004502202603
020901004504202603
020901005302202603
020901005304202603
020901006102202603
020901006104202603
020902001602202603
020902001604202603
020903001101202603
020903001102202603
020903001104202603
020903001107202603
020904001702202603
020904001704202603
020904002501202603
020904002502202603
020904002504202603
020904002507202603
020904003302202603
020904003303202603
020904004101202603
020904004102202603
020904004104202603
020904004107202603
020904005003202603
021001001004202603
021001002902202603
021001003702202603
021001003704202603
021001004502202603
021001004504202603
021001005302202603
021001005304202603
021001006102202603
021001006104202603
021001007002202603
021001007004202603
021001008802202603
021001008805202603
021001009602202603
021001009604202603
021001010002202603
021001010004202603
021001011802202603
021001011804202603
021001012602202603
021001012604202603
021001013402202603
021001013404202603
021001014202202603
021001014204202603
021001015002202603
021001015004202603
021001016902202603
021001016904202603
021001017702202603
021001017705202603
021001018502202603
021001018505202603
021001019302202603
021001019304202603
021001020702202603
021001020704202603
021002001602202603
021002001604202603
021101001401202603
021101001402202603
021101002201202603
021101002202202603
021101002205202603
021101003001202603
021101003002202603
021101003005202603
021101004901202603
021101004902202603
021102001004202603
021102001006202603
021102001007202603
021102002804202603
021102002806202603
021102002807202603
021102003601202603
021102003602202603
021102003605202603
021102003607202603
021102004401202603
021102004402202603
021102004405202603
021102004407202603
021102005201202603
021102005202202603
021102006001202603
021102006002202603
021102006005202603
021102006007202603
021102007905202603
021102008702202603
021102009502202603
021103001502202603
021103001504202603
021103002302202603
021103002304202603
021103003102202603
021103003104202603
021103004002202603
021103004005202603
021103005802202603
021103005805202603
021103006602202603
021103006604202603
021103007402202603
021103007404202603
021103008202202603
021103008204202603
021103009002202603
021103009004202603
021104001001202603
021104001002202603
021104001005202603
021104002902202603
021104002905202603
021104002907202603
021104003701202603
021104003702202603
021104004501202603
021104004502202603
021104005301202603
021104005302202603
021104006101202603
021104006102202603
021104006105202603
021105002401202603
021105002402202603
021105002405202603
021105003201202603
021105003202202603
021105003205202603
021105004001202603
021105004002202603
021105004005202603
021105005901202603
021105005902202603
021105006701202603
021105006702202603
021105006705202603
021105007501202603
021105007502202603
021105008301202603
021105008302202603
021105008305202603
021105009103202603
021105009104202603
021105010502202603
021105010503202603
021105011301202603
021105011302202603
021105011305202603
021105011307202603
021105012101202603
021105012102202603
021105012105202603
021105013001202603
021105013002202603
021105013005202603
021105014803202603
021105014804202603
021105015601202603
021105015602202603
021106001102202603
021106002001202603
021106002002202603
021106002007202603
021106003801202603
021106003802202603
021106003807202603
021106005401202603
021106005402202603
021106006201202603
021106006202202603
021106007001202603
021106007002202603
021106008901202603
021106008902202603
021106009701202603
021106009702202603
021106010001202603
021106010002202603
021106010007202603
021106011902202603
021106012702202603
021106012707202603
021106013501202603
021106013502202603
021106014301202603
021106014302202603
021106015101202603
021106015102202603
021106016001202603
021106016002202603
021106017802202603
021106017807202603
021106018602202603
021106020801202603
021106020802202603
021106021601202603
021106021602202603
021106022401202603
021106022402202603
021106022407202603
021106023202202603
021106023207202603
021106024001202603
021106024002202603
021106025902202603
021106025904202603
021106025907202603
021106026702202603
021106027501202603
021106027502202603
021106028306202603
021107001701202603
021107001702202603
021107002501202603
021107002502202603
021107002505202603
021107002507202603
021107003301202603
021107003302202603
021107003307202603
021107004101202603
021107004102202603
021107004105202603
021107004107202603
021107005001202603
021107005002202603
021107006801202603
021107006802202603
021107006805202603
021107007601202603
021107007602202603
021107007605202603
021107007607202603
021107008401202603
021107008402202603
021107008405202603
021107009206202603
021107010606202603
021107011401202603
021107011402202603
021107011405202603
021107012201202603
021107012202202603
021107013001202603
021107013002202603
021107014902202603
021107014905202603
021107015701202603
021107015702202603
021107015705202603
021107015707202603
021107016501202603
021107016502202603
021107017301202603
021107017302202603
021107018101202603
021107018102202603
021107019001202603
021107019002202603
021107020301202603
021107020302202603
021107020305202603
021107020307202603
021107021101202603
021107021102202603
021107021105202603
021107021107202603
021107022001202603
021107022002202603
021107023801202603
021107023802202603
021107024601202603
021107024602202603
021107024607202603
021107025401202603
021107025402202603
021107026201202603
021107026202202603
021107026205202603
021107026207202603
021107027002202603
021107027005202603
021107028901202603
021107028902202603
021107029706202603
021107030006202603
021107031906202603
021107032701202603
021107032702202603
021107033501202603
021107033502202603
021107034301202603
021107034302202603
021107035101202603
021107035102202603
021107035105202603
021107036001202603
021107036002202603
021107037806202603
021107038607202603
021107039405202603
021107039407202603
021107040805202603
021107040807202603
021107041606202603
021107042402202603
021107042405202603
021107043202202603
021107043205202603
021108001201202603
021108001202202603
021108001205202603
021108002001202603
021108002002202603
021108002007202603
021108003901202603
021108003902202603
021108004701202603
021108004702202603
021108004705202603
021108005501202603
021108005502202603
021108006301202603
021108006302202603
021108006305202603
021108007101202603
021108007102202603
021108007105202603
021108008001202603
021108008002202603
021108008005202603
021109001801202603
021109001802202603
021109002601202603
021109002602202603
021109003401202603
021109003402202603
021109004201202603
021109004202202603
021109004205202603
021109005001202603
021109005002202603
021109006901202603
021109006902202603
021109007701202603
021109007702202603
021110001301202603
021110001302202603
021110001305202603
021201001801202603
021201001802202603
021201002602202603
021201002604202603
021201003402202603
021201003404202603
021201004201202603
021201004202202603
021201005001202603
021201005002202603
021201006901202603
021202001301202603
021202001302202603
021202002101202603
021202002102202603
021202003001202603
021202003002202603
021202004801202603
021202004802202603
021202005601202603
021202005602202603
021202006401202603
021202006402202603
021301002001202603
021301002002202603
021301003801202603
021301003802202603
021301005401202603
021301005402202603
021301006201202603
021301006202202603
021301007001202603
021301007002202603
021301008901202603
021301008902202603
021301009701202603
021301009702202603
021301010001202603
021301010002202603
021301011901202603
021301011902202603
021301012701202603
021301012702202603
021301013501202603
021301013502202603
021301014301202603
021301014302202603
021301016001202603
021301016002202603
021301017801202603
021301017802202603
021301018601202603
021301018602202603
021301019401202603
021301019402202603
021301020802202603
021301021601202603
021301021602202603
021301022401202603
021301022402202603
021301023201202603
021301023202202603
021301024001202603
021301024002202603
021301025901202603
021301025902202603
021301026701202603
021301026702202603
021301027501202603
021301027502202603
021301029101202603
021301029102202603
021301030501202603
021301030502202603
021301032101202603
021301032102202603
021301033001202603
021301033002202603
021301034801202603
021301034802202603
021301035601202603
021301035602202603
021301036401202603
021301036402202603
021301037201202603
021301037202202603
021301038001202603
021301038002202603
021301039901202603
021301039902202603
021301040201202603
021301040202202603
021301041001202603
021301041002202603
021301042901202603
021301042902202603
021301043701202603
021301043702202603
021301044501202603
021301044502202603
021301045301202603
021301045302202603
021301046101202603
021301046102202603
021301047001202603
021301047002202603
021301048801202603
021301048802202603
021301049601202603
021301049602202603
021301050002202603
021301051801202603
021301051802202603
021301052601202603
021301052602202603
021301053401202603
021301053402202603
021301054202202603
021301055001202603
021301055002202603
021301056901202603
021301056902202603
021301057701202603
021301057702202603
021301058501202603
021301058502202603
021301060701202603
021301060702202603
021301061501202603
021301061502202603
021301062301202603
021301062302202603
021301063101202603
021301063102202603
021301064001202603
021301064002202603
021301065801202603
021301065802202603
021301066601202603
021301066602202603
021301067401202603
021301067402202603
021301068201202603
021301068202202603
021301069002202603
021301070401202603
021301070402202603
021301072002202603
021301073902202603
021301073905202603
021301074702202603
021301074705202603
021301075502202603
021301075505202603
021301076302202603
021301076305202603
021301077102202603
021301077105202603
021301078002202603
021301078005202603
021301078010202603
021301079802202603
021301079805202603
021301079810202603
021301080102202603
021301080105202603
021301080110202603
021301081002202603
021301081005202603
021301081010202603
021301082802202603
021301082805202603
021301083602202603
021301083605202603
021301083610202603
021302001701202603
021302001702202603
021302002501202603
021302002502202603
021302003301202603
021302003302202603
021302004101202603
021302004102202603
021302005001202603
021302005002202603
021302006801202603
021302006802202603
021302007601202603
021302007602202603
021302008401202603
021302008402202603
021401001501202603
021401001502202603
021401001505202603
021401002301202603
021401002302202603
021401002305202603
021401003101202603
021401003102202603
021401003105202603
021401005801202603
021401005802202603
021401005804202603
021401006601202603
021401006602202603
021401007401202603
021401007402202603
021401007405202603
021401011202202603
021401011205202603
021401012002202603
021401012005202603
021401013902202603
021401013905202603
021401015510202603
021401016302202603
021401016310202603
021401017102202603
021401017110202603
021401018002202603
021401018005202603
021401018010202603
021401019802202603
021401019805202603
021401019810202603
021401020102202603
021401020110202603
021401021002202603
021401021005202603
021401021010202603
021401022801202603
021401022802202603
021401022805202603
021401022810202603
021401023601202603
021401023602202603
021401023605202603
021401023610202603
021401024401202603
021401024402202603
021401024405202603
021401024410202603
021401025202202603
021401025205202603
021401025210202603
021401026002202603
021401026005202603
021401026010202603
021401027902202603
021401027904202603
021401027910202603
021401028702202603
021401028704202603
021401028710202603
021401029502202603
021401029505202603
021401029510202603
021401030902202603
021401030905202603
021401030910202603
021401031702202603
021401031705202603
021401031710202603
030101002101202603
030101002102202603
030101003001202603
030101003002202603
030101003010202603
030101004801202603
030101004802202603
030101004805202603
030101005601202603
030101005602202603
030101005610202603
030101006401202603
030101006402202603
030101006410202603
030101007201202603
030101007202202603
030101007207202603
030101009901202603
030101009902202603
030101010206202603
030101011001202603
030101011002202603
030101012901202603
030101012902202603
030101013701202603
030101013702202603
030101014504202603
030101015301202603
030101015302202603
030101016101202603
030101016102202603
030101017005202603
030101019606202603
030101020006202603
030101021806202603
030101022602202603
030101023402202603
030101025010202603
030101026902202603
030101026910202603
030101027702202603
030101027710202603
030101028502202603
030101028510202603
030101029302202603
030101029310202603
030101030702202603
030101030707202603
030101031502202603
030101032302202603
030101033102202603
030101034002202603
030101035802202603
030101036602202603
030101036605202603
030101036610202603
030101037402202603
030101037405202603
030101037410202603
030101038210202603
030101042002202603
030101042010202603
030101043902202603
030101043910202603
030101044702202603
030101044710202603
030101045502202603
030101045510202603
030102001902202603
030102001910202603
030102002702202603
030102003502202603
030102003510202603
030102004302202603
030102005102202603
030103001401202603
030103001402202603
030103002201202603
030103002202202603
030103004901202603
030103004902202603
030103005701202603
030103005702202603
030103006501202603
030103006502202603
030103007301202603
030103007302202603
030103008101202603
030103008102202603
030103009001202603
030103009002202603
030103010301202603
030103010302202603
030103011101202603
030103011102202603
030103012001202603
030103012002202603
030103013801202603
030103013802202603
030103014601202603
030103014602202603
030103015401202603
030103015402202603
030103016201202603
030103016202202603
030103017001202603
030103017002202603
030103018901202603
030103018902202603
030103019701202603
030103019702202603
030104001001202603
030104001002202603
030104003601202603
030104003602202603
030104004401202603
030104004402202603
030104005202202603
030104006002202603
030104007901202603
030104007902202603
030104008701202603
030104008702202603
030104009501202603
030104009502202603
030104014102202603
030104014105202603
030104014110202603
030104015002202603
030104015005202603
030104015010202603
030104016804202603
030104016807202603
030104017602202603
030104017605202603
030104017610202603
030104018402202603
030104018405202603
030104018410202603
030104019202202603
030104019210202603
030104020602202603
030104020610202603
030104021402202603
030104021405202603
030104021410202603
030104022202202603
030104022205202603
030104022210202603
030104023002202603
030104023005202603
030104023010202603
030105001506202603
030105002302202603
030105003102202603
030105004002202603
030105005801202603
030105005802202603
030105006605202603
030105006607202603
030105007403202603
030105008201202603
030105008202202603
030105009001202603
030105009002202603
030105010401202603
030105010402202603
030105011201202603
030105011202202603
030105012001202603
030105012002202603
030105013901202603
030105013902202603
030105013910202603
030105014701202603
030105014702202603
030105014710202603
030105015502202603
030105016302202603
030105016310202603
030105017102202603
030105017110202603
030106001003202603
030106002901202603
030106002902202603
030106003701202603
030106003702202603
030106004501202603
030106004502202603
030106005301202603
030106005302202603
030106006101202603
030106006102202603
030106007003202603
030106008803202603
030106009601202603
030106009602202603
030106010001202603
030106010002202603
030106011801202603
030106011802202603
030107001606202603
030107002402202603
030107003206202603
030107004002202603
030107005902202603
030107006702202603
030107007502202603
030107008301202603
030107008302202603
030107009101202603
030107009102202603
030107010502202603
030107011302202603
030107012102202603
030107013002202603
030107014802202603
030107015602202603
030107016402202603
030107017206202603
030107018006202603
030107019906202603
030107020202202603
030107021002202603
030107022902202603
030107023702202603
030107024502202603
030107025302202603
030107026102202603
030107027001202603
030107027002202603
030107028802202603
030107029602202603
030107030002202603
030108001101202603
030108001102202603
030108002009202603
030108003809202603
030108004609202603
030108014301202603
030108014302202603
030108015101202603
030108015102202603
030108016001202603
030108016002202603
030108017801202603
030108017802202603
030108019409202603
030108020809202603
030108021609202603
030108022409202603
030108023202202603
030108024009202603
030108025901202603
030108026701202603
030108027509202603
030108028309202603
030108029109202603
030108030501202603
030108030510202603
030108031301202603
030108031302202603
030108032101202603
030108032102202603
030108033001202603
030108034809202603
030108035609202603
030108036409202603
030108037209202603
030108038009202603
030108039901202603
030108040201202603
030108041001202603
030108042901202603
030108043702202603
030108044502202603
030108045301202603
030108046101202603
030109001703202603
030109002503202603
030109003302202603
030110001201202603
030110001202202603
030110003901202603
030110003902202603
030110004701202603
030110004702202603
030110004705202603
030110005501202603
030110005502202603
030110005505202603
030110006302202603
030110006305202603
030110007102202603
030110007105202603
030110008005202603
030110009802202603
030110009805202603
030110010101202603
030110010102202603
030110010105202603
030110011005202603
030110012801202603
030110012802202603
030110012805202603
030110013601202603
030110013602202603
030110014401202603
030110014402202603
030110014405202603
030110015201202603
030110015202202603
030110017901202603
030110017902202603
030110017905202603
030110018701202603
030110018702202603
030110019502202603
030110019510202603
030110020902202603
030110020910202603
030110021702202603
030110021710202603
030110022502202603
030110022510202603
030110023302202603
030110023310202603
030110024102202603
030110024110202603
030110025010202603
030110026810202603
030110027602202603
030110027605202603
030110027610202603
030110028402202603
030110028405202603
030110028410202603
030111001806202603
030111002606202603
030112001302202603
030112002102202603
030112003002202603
030112004802202603
030112005606202603
030112006402202603
030112007202202603
030112008006202603
030113001902202603
030113003502202603
030113004302202603
030113005106202603
030113006006202603
030113007802202603
030113007810202603
030114001402202603
030116001506202603
030116002303202603
030201001702202603
030201001704202603
030201002502202603
030201002504202603
030201003304202603
030202002002202603
030202002004202603
030202003902202603
030202003904202603
030203001802202603
030203001804202603
030203002602202603
030203002604202603
030204001302202603
030204001304202603
030204002102202603
030204002104202603
030204003002202603
030204003004202603
030204004802202603
030204004804202603
030204005602202603
030204005604202603
030204006402202603
030205001902202603
030205001904202603
030205002702202603
030205003504202603
030206001402202603
030206001404202603
030206002202202603
030206002204202603
030206003002202603
030206003004202603
030206004902202603
030206005702202603
030206005704202603
030207001002202603
030207001004202603
030207002804202603
030207003602202603
030301001003202603
030301002903202603
030301003703202603
030301004503202603
030301005303202603
030301006103202603
030301007003202603
030301008803202603
030301009603202603
030301010003202603
030301011803202603
030301012603202603
030301013403202603
030301014203202603
030301015003202603
030301016903202603
030301017703202603
030301018503202603
030301019303202603
030301020703202603
030301021503202603
030301023102202603
030301024002202603
030301024010202603
030301025802202603
030301025810202603
030302001601202603
030302001602202603
030302002401202603
030302002402202603
030302003203202603
030302004003202603
030302005903202603
030302006703202603
030302007503202603
030302008303202603
030303001103202603
030303002003202603
030303003803202603
030303004603202603
030303005403202603
030303006203202603
030303008902202603
030303009702202603
030304001703202603
030304002503202603
030304003303202603
030304004103202603
030304005003202603
030304006803202603
030304007603202603
030304008403202603
030304009203202603
030304010603202603
030304011403202603
030304012203202603
030304013003202603
030304014903202603
030304015703202603
030304016503202603
030304017303202603
030304018103202603
030304019003202603
030304020303202603
030304021103202603
030304022003202603
030304023803202603
030304024603202603
030304025403202603
030304026203202603
030304027003202603
030304028903202603
030304029703202603
030304030003202603
030305001206202603
030305002001202603
030305002002202603
030305003907202603
030305004707202603
030305005507202603
030305006307202603
030305007107202603
030305008007202603
030305009807202603
030305010107202603
030305011007202603
030305013603202603
030305014403202603
030305015207202603
030305016007202603
030305017907202603
030305018707202603
030305019507202603
030305020907202603
030305021707202603
030305022507202603
030305023306202603
030306001803202603
030306002603202603
030306003403202603
030306004203202603
030306005003202603
030306006903202603
030306007703202603
030306008503202603
030306009303202603
030306010703202603
030306011503202603
030306012303202603
030306013103202603
030306014003202603
030306015803202603
030306016603202603
030306017403202603
030306018203202603
030306019003202603
030306020403202603
030306021203202603
030306022003202603
030306023903202603
030306024703202603
030306025503202603
030306026302202603
030306026303202603
030306027103202603
030306028003202603
030306029803202603
030306030103202603
030307001301202603
030307001302202603
030307002104202603
030307003001202603
030307003002202603
030307004801202603
030307004802202603
030307005601202603
030307005602202603
030307006403202603
030307007203202603
030307008003202603
030307009903202603
030307010203202603
030307011003202603
030307012903202603
030307013703202603
030308001901202603
030308001902202603
030308002701202603
030308002702202603
030308003501202603
030308003502202603
030308004303202603
030308005103202603
030308006003202603
030308007803202603
030308008603202603
030308009403202603
030308010802202603
030308011602202603
030309001401202603
030309001402202603
030309001405202603
030309002205202603
030309003001202603
030309003002202603
030309004904202603
030309007301202603
030309007302202603
030309008101202603
030309008102202603
030309009001202603
030309009002202603
030309011101202603
030309011102202603
030309012001202603
030309012002202603
030309012005202603
030309013803202603
030309014601202603
030309014602202603
030309014605202603
030309015401202603
030309015402202603
030309016201202603
030309016202202603
030309017005202603
030309018901202603
030309018902202603
030309018905202603
030309019703202603
030309020001202603
030309020002202603
030309020005202603
030309021901202603
030309021902202603
030309022701202603
030309022702202603
030309022705202603
030309023502202603
030309023503202603
030309024305202603
030309025101202603
030309025102202603
030309026001202603
030309026002202603
030309028601202603
030309028602202603
030309029405202603
030309031603202603
030310001003202603
030310002803202603
030310003603202603
030310004403202603
030310005203202603
030311001503202603
030311002303202603
030311003103202603
030311004003202603
030311005803202603
030311006603202603
030311007403202603
030311008203202603
030311009003202603
030311010403202603
030311011203202603
030312003705202603
030312004505202603
030312005301202603
030312005302202603
030312006102202603
030312006104202603
030312007002202603
030312007004202603
030313001603202603
030313002403202603
030313003203202603
030313004003202603
030313005903202603
030313006703202603
030313007503202603
030313008303202603
030314001101202603
030314001102202603
030314002003202603
030314003803202603
030314004603202603
030314005403202603
030314006203202603
030314007003202603
030314008903202603
030314009703202603
030314010003202603
030314011902202603
030314011903202603
030314012703202603
030314013503202603
030314014303202603
030314015103202603
030315001703202603
030315002503202603
030315003303202603
030315004103202603
030315005003202603
030315006803202603
030316001203202603
030316002003202603
030316003903202603
030316004703202603
030316005503202603
030316006303202603
030316007103202603
030317009303202603
030317010703202603
030317013103202603
030317014003202603
030317015803202603
030317016603202603
030317017403202603
030317018203202603
030317019003202603
030317020403202603
030318001303202603
030318003003202603
030318004803202603
030318005603202603
030318006403202603
030318007203202603
030319001902202603
030319001903202603
030401011103202603
030401017007202603
030401034007202603
030401035903202603
030401036706202603
030401037506202603
030401038306202603
030401039106202603
030401040506202603
030401041306202603
030401042106202603
030401043006202603
030401044806202603
030401045606202603
030401046406202603
030401047206202603
030401048006202603
030401049903202603
030401050206202603
030401051006202603
030401052906202603
030401053706202603
030401054506202603
030401055306202603
030401056106202603
030401057006202603
030401058806202603
030401059603202603
030402001006202603
030402002806202603
030402003606202603
030402004406202603
030402005206202603
030402006006202603
030402007906202603
030402008706202603
030402009506202603
030402010906202603
030402011706202603
030402012506202603
030402013306202603
030402014106202603
030402015006202603
030402016806202603
030402017606202603
030402018406202603
030402019206202603
030402020606202603
030402021406202603
030402022206202603
030402023006202603
030402024906202603
030402025706202603
030402026506202603
030402027306202603
030402028106202603
030402029006202603
030402030306202603
030402031106202603
030402032006202603
030402033806202603
030402034606202603
030402036206202603
030402037006202603
030402038906202603
030402039706202603
030402040006202603
030402041906202603
030402042706202603
030402043506202603
030402044306202603
030402045106202603
030402046006202603
030402047806202603
030402048606202603
030402049406202603
030403001506202603
030403002306202603
030403003106202603
030403004006202603
030403005806202603
030403006606202603
030403007406202603
030403008206202603
030403009006202603
030403010406202603
030403011206202603
030403012006202603
030403013906202603
030403014706202603
030403015506202603
030403016306202603
030403017106202603
030403018006202603
030403019806202603
030403020106202603
030403021006202603
030403022806202603
030403023606202603
030403024406202603
030403025206202603
030403026006202603
030404001006202603
030404002906202603
030404004506202603
030404005306202603
030404006106202603
030404007006202603
030404008806202603
030404009606202603
030404010006202603
030404011806202603
030404012606202603
030404013406202603
030404014206202603
030404015006202603
030404016906202603
030404017706202603
030404018506202603
030404019306202603
030404020706202603
030405001606202603
030405002406202603
030405003206202603
030405004006202603
030405006706202603
030405007506202603
030405011306202603
030405012106202603
030405013006202603
030405017206202603
030405018006202603
030405020206202603
030405021006202603
030405022906202603
030405025306202603
030405026106202603
030405027006202603
030405028806202603
030405029606202603
030405030006202603
030405031806202603
030405032606202603
030405033406202603
030405034206202603
030405035006202603
030406001106202603
030406003806202603
030406004606202603
030406007006202603
030406008906202603
030406009706202603
030406010006202603
030406011906202603
030406012706202603
030406013506202603
030406015106202603
030406016006202603
030406017806202603
030406018606202603
030406020806202603
030406021606202603
030406022406202603
030406023206202603
030406024006202603
030407001706202603
030407002506202603
030407003306202603
030407004106202603
030407005006202603
030407006806202603
030407007606202603
030407008406202603
030407009207202603
030408001207202603
030408002003202603
030408003903202603
030408004703202603
030408005506202603
030408005507202603
030408006303202603
030408007106202603
030408007107202603
030408008007202603
030409001803202603
030409002603202603
030409003403202603
030409004203202603
030409005006202603
030409006906202603
030410001303202603
030410002103202603
030501001807202603
030501002606202603
030501003404202603
030501004204202603
030501009307202603
030501010706202603
030501011506202603
030501012307202603
030501013104202603
030501014004202603
030501015804202603
030501016606202603
030501017403202603
030501018206202603
030501019004202603
030501020406202603
030501021207202603
030502001302202603
030502001303202603
030502002103202603
030502003003202603
030502004803202603
030502005602202603
030502005603202603
030601001101202603
030601001102202603
030601002001202603
030601002002202603
030601003801202603
030601003802202603
030602001702202603
030602001704202603
030602002502202603
030602002505202603
030602003302202603
030602003305202603
030602004102202603
030602004104202603
030602005002202603
030602005004202603
030602006802202603
030602006804202603
030602007602202603
030602007604202603
030602008402202603
030602008404202603
030602009202202603
030602009204202603
030602010602202603
030602010604202603
030602011402202603
030602011404202603
030602012202202603
030602012204202603
030602013002202603
030602013004202603
030602014902202603
030602014904202603
030602015702202603
030602015704202603
030602016502202603
030602016505202603
030602017302202603
030602017305202603
030602018102202603
030602018105202603
030602019002202603
030602019005202603
030602020302202603
030602020305202603
030602021102202603
030602021105202603
030701001501202603
030701001502202603
030701001505202603
030701003101202603
030701003102202603
030701003105202603
030701005801202603
030701005802202603
030701005804202603
030701006602202603
030701006610202603
030701007402202603
030701007405202603
030701007410202603
030701008202202603
030701008205202603
030701008210202603
030701009002202603
030701009005202603
030701009010202603
030701010402202603
030701010405202603
030701010410202603
030701011202202603
030701011205202603
030701011210202603
030701012002202603
030701012005202603
030701012010202603
030701013902202603
030701013905202603
030701013910202603
030701014702202603
030701014705202603
030701014710202603
030701015502202603
030701015505202603
030701015510202603
030702001001202603
030702001002202603
030702001005202603
030702002901202603
030702002902202603
030702002905202603
030702003701202603
030702003702202603
030702003704202603
030702003710202603
030702004501202603
030702004502202603
030702004504202603
030702005301202603
030702005302202603
030702005304202603
030702006101202603
030702006102202603
030702006104202603
030702007001202603
030702007002202603
030702007005202603
030702008801202603
030702008802202603
030702008804202603
030702009601202603
030702009602202603
030702009604202603
030702010001202603
030702010002202603
030702010004202603
030702011801202603
030702011802202603
030702011804202603
030703002401202603
030703002402202603
030703002405202603
030703003201202603
030703003202202603
030703003204202603
030703004001202603
030703004002202603
030703004005202603
030703004010202603
030703005901202603
030703005902202603
030703005905202603
030703006702202603
030703006705202603
030703006710202603
030703007502202603
030703007505202603
030703007510202603
030703008302202603
030703008305202603
030703008310202603
030704001101202603
030704001102202603
030704001104202603
030704006201202603
030704006202202603
030704006204202603
030704007001202603
030704007002202603
030704007005202603
030704008901202603
030704008902202603
030704008904202603
030704010006202603
030704011906202603
030704012702202603
030704013501202603
030704013502202603
030704013505202603
030704014301202603
030704014302202603
030704014305202603
030704015101202603
030704015102202603
030704015105202603
030704016001202603
030704016002202603
030704016005202603
030704017802202603
030704017810202603
030705001702202603
030705001704202603
030705001710202603
030801001903202603
030801002703202603
030801003503202603
030801004302202603
030801004303202603
030802001404202603
030802002203202603
030802003003202603
030803001003202603
030803002803202603
030803003603202603
030804001503202603
030804002303202603
030901003904202603
030901004704202603
030901005504202603
030901006304202603
030901007104202603
030901008004202603
030901009804202603
030901010104202603
030902001801202603
030902001802202603
030902002601202603
030902002602202603
030902003401202603
030902003402202603
030903001301202603
030903001302202603
030903002101202603
030903002102202603
030903003001202603
030903003002202603
030903004801202603
030903004802202603
030903005601202603
030903005602202603
030903005605202603
030903006401202603
030903006402202603
030903007201202603
030903007202202603
030903008001202603
030903008002202603
030903009905202603
030903010206202603
030903011006202603
030903012906202603
030903013706202603
030903014501202603
030903014502202603
030903014505202603
030903015301202603
030903015302202603
030904001905202603
030904002701202603
030904002702202603
030904002705202603
030905001401202603
030905001402202603
030905001405202603
030905002201202603
030905002202202603
030905002205202603
030905003001202603
030905003002202603
030905003005202603
030905004901202603
030905004902202603
030905004905202603
030905005701202603
030905005702202603
030905005705202603
030905006501202603
030905006502202603
030905006505202603
030905007302202603
030905007305202603
030905008102202603
030905008105202603
030905009002202603
030905009005202603
030905011102202603
030905011105202603
030905012002202603
030905012005202603
030905013802202603
030905013805202603
030905014602202603
030905014605202603
030905015402202603
030905015405202603
030905016202202603
030905016205202603
030905017002202603
030905017005202603
030905018902202603
030905018905202603
030905019702202603
030905019705202603
030905020002202603
030905020005202603
030905021902202603
030905021905202603
030905022702202603
030905022705202603
030905023502202603
030905023505202603
030905024302202603
030905024305202603
030905025102202603
030905025105202603
030905026002202603
030905026005202603
030906001004202603
030906003604202603
030907001502202603
030907002302202603
030908001003202603
031001001202202603
031001002004202603
031001003903202603
031001004703202603
031001005503202603
031101001602202603
031101001605202603
031101002402202603
031102001102202603
031102002001202603
031102003801202603
031102004601202603
040101001502202603
040101001504202603
040101003101202603
040101003102202603
040101003105202603
040101004002202603
040101004004202603
040101005802202603
040101005804202603
040101006601202603
040101006602202603
040101007401202603
040101007402202603
040101008201202603
040101008202202603
040101008205202603
040101008210202603
040101009001202603
040101009002202603
040101010402202603
040101010404202603
040101011201202603
040101011202202603
040101012001202603
040101012002202603
040101013901202603
040101013902202603
040102001003202603
040102002903202603
040102003703202603
040102004503202603
040102005303202603
040102006103202603
040102007003202603
040102008803202603
040102008806202603
040102009603202603
040102010003202603
040102011803202603
040102012603202603
040102013403202603
040102014203202603
040102015002202603
040102015003202603
040102016903202603
040102017702202603
040201001903202603
040201002703202603
040201003503202603
040201004303202603
040201005103202603
040202001403202603
040202002203202603
040301001203202603
040301002003202603
040301003903202603
040301004703202603
040301005503202603
040301006303202603
040301007103202603
040301008003202603
040301009803202603
040301010103202603
040301011003202603
040301012803202603
040301013603202603
040301014403202603
040301015203202603
040301016003202603
040301017903202603
040301018703202603
040301019503202603
040301020903202603
040301021703202603
040301022503202603
040301023303202603
040301024103202603
040301025003202603
040301026803202603
040301027603202603
040301028403202603
040301029203202603
040301030603202603
040301031403202603
040301032203202603
040301033003202603
040301034903202603
040301035703202603
040301036503202603
040301039003202603
040302001803202603
040302002603202603
040302003403202603
040302004203202603
040302005003202603
040302006903202603
040302007703202603
040302008503202603
040302009303202603
040302010703202603
040302011503202603
040302012303202603
040302013103202603
040303001303202603
040303002103202603
040303003003202603
040303004803202603
040303005603202603
040303006403202603
040303008003202603
040303009903202603
040303010203202603
040303011003202603
040303012903202603
040303013703202603
040303014503202603
040303015303202603
040303016103202603
040304001903202603
040304002703202603
040304005103202603
040304006003202603
040304007803202603
040304008603202603
040304009403202603
040304010803202603
040304011603202603
040304012403202603
040305001402202603
040305002202202603
040305003003202603
040305004903202603
040305005703202603
040305006503202603
040305007303202603
040305008102202603
040305009003202603
040305010303202603
040305011103202603
040305012003202603
040305013803202603
040305014603202603
040305015403202603
040305016203202603
040306001003202603
040306002803202603
040306003603202603
040306004403202603
040306005203202603
040306006003202603
040306007903202603
040306008703202603
040306009503202603
040307001503202603
040307004003202603
040307005803202603
040307008203202603
040307009003202603
040307010403202603
040307011203202603
040307012003202603
040307013903202603
040307014703202603
040307015503202603
040307016303202603
040307017103202603
040308001003202603
040308002903202603
040308003703202603
040308004503202603
040308005303202603
040308006103202603
040308007003202603
040308008803202603
040308009603202603
040308010003202603
040401001603202603
040401001606202603
040401002403202603
040401002406202603
040401003203202603
040401003206202603
040401004003202603
040401005902202603
040401005903202603
040401006703202603
040401007501202603
040401007502202603
040401008303202603
040401009101202603
040401009102202603
040401010503202603
040401011303202603
040401012103202603
040401012106202603
040401013003202603
040401014803202603
040401015601202603
040401015602202603
040401016403202603
040401017203202603
040401018003202603
040401019903202603
040401020203202603
040401021003202603
040401022903202603
040401023703202603
040401024501202603
040401024502202603
040401025302202603
040401025304202603
040401026101202603
040401026102202603
040401027001202603
040401027002202603
040401028803202603
040401029601202603
040401029602202603
040401030001202603
040401030002202603
040401031802202603
040401031803202603
040401032603202603
040401033403202603
040401034202202603
040401034204202603
040401035003202603
040401036901202603
040401036902202603
040401037703202603
040401038503202603
040401039301202603
040401039302202603
040401040703202603
040401041503202603
040401041506202603
040401043103202603
040401044001202603
040401044002202603
040401045803202603
040401046603202603
040401047403202603
040401048203202603
040401049003202603
040401050403202603
040401051203202603
040401051206202603
040401052003202603
040401053903202603
040401054703202603
040401055503202603
040401056303202603
040401057103202603
040401058003202603
040401059803202603
040401060103202603
040401061003202603
040401062803202603
040401063603202603
040401064403202603
040401065203202603
040402001103202603
040402003802202603
040402003803202603
040402004603202603
040402005402202603
040402005404202603
040402006203202603
040402007003202603
040402008902202603
040402008903202603
040402009702202603
040402009704202603
040402010002202603
040402010004202603
040402011903202603
040402013503202603
040402014303202603
040402017803202603
040402020803202603
040402022403202603
040402023203202603
040402024003202603
040402027503202603
040402029103202603
040402031302202603
040402031303202603
040402032103202603
040402034803202603
040402035603202603
040402038003202603
040402039903202603
040402042903202603
040402044501202603
040402044502202603
040402044504202603
040402045303202603
040402046103202603
040402047003202603
040402048801202603
040402048802202603
040402048803202603
040402049603202603
040402050003202603
040402051803202603
040402052603202603
040402053403202603
040402054203202603
040402055003202603
040402056903202603
040402057701202603
040402057702202603
040402057703202603
040402058503202603
040402059303202603
040402060703202603
040402061501202603
040402061502202603
040402061504202603
040402062301202603
040402062302202603
040402062304202603
040402063101202603
040402063102202603
040402064003202603
040402065803202603
040402066603202603
040402067401202603
040402067402202603
040402067404202603
040402069003202603
040402070403202603
040402071203202603
040402072003202603
040402073903202603
040402077103202603
040402078003202603
040402079803202603
040403001703202603
040403003303202603
040403004103202603
040403005003202603
040403006803202603
040403007603202603
040403008403202603
040403010603202603
040403012203202603
040403013003202603
040403015703202603
040403016503202603
040403017303202603
040403019003202603
040403022003202603
040403024603202603
040403025403202603
040403026203202603
040403027003202603
040403028903202603
040403029703202603
040403030003202603
040403031903202603
040403032703202603
040501001003202603
040501001006202603
040501002803202603
040501002806202603
040501003603202603
040501003606202603
040501004402202603
040501005201202603
040501005202202603
040501006001202603
040501006002202603
040501007903202603
040501007906202603
040501008703202603
040501010901202603
040501010902202603
040501011703202603
040501011706202603
040501012503202603
040501012506202603
040501013303202603
040501014101202603
040501014102202603
040501015003202603
040501016802202603
040501017602202603
040501017603202603
040501018402202603
040501019202202603
040501020601202603
040501020602202603
040502001503202603
040502001506202603
040502002303202603
040502002306202603
040503001003202603
040503002902202603
040503002903202603
040503003701202603
040503003702202603
040503004506202603
040503005302202603
040503005305202603
040503007003202603
040503007006202603
040503009602202603
040503009603202603
040503010001202603
040503010002202603
040503011802202603
040503011804202603
040503012602202603
040503013403202603
040503013406202603
040503014203202603
040503015001202603
040503015002202603
040503016903202603
040503017703202603
040503018503202603
040503019303202603
040503019304202603
040503019306202603
040503019307202603
040503020703202603
040503021502202603
040503022302202603
040503023102202603
040504001603202603
040504001606202603
040504002403202603
040504004003202603
040504005903202603
040504006703202603
040504006706202603
040504007503202603
040504007506202603
040504008303202603
040504009103202603
040504010503202603
040504010506202603
040504013002202603
040504014803202603
040504015603202603
040504016403202603
040504018003202603
040504019901202603
040504019902202603
040504020203202603
040504020206202603
040504021003202603
040504021006202603
040505001103202603
040505001106202603
040505002006202603
040505003802202603
040505003805202603
040505004603202603
040505004606202603
040505005403202603
040505005406202603
040505006201202603
040505006202202603
040505007001202603
040505007002202603
040505008902202603
040505009703202603
040505009706202603
040505010003202603
040505010006202603
040505011903202603
040505011906202603
040505012706202603
040505013503202603
040505014303202603
040505014306202603
040505015103202603
040505015106202603
040505016002202603
040505017802202603
040505018603202603
040505019406202603
040505020802202603
040505021603202603
040505021606202603
040505022403202603
040505022406202603
040505023203202603
040505024002202603
040505025902202603
040505025905202603
040505026702202603
040505028302202603
040505029102202603
040505030502202603
040505031303202603
040505032103202603
040505032106202603
040505035603202603
040505036401202603
040505036402202603
040505037203202603
040505037206202603
040505038003202603
040505039902202603
040505039903202603
040505040202202603
040505040203202603
040601001303202603
040601002103202603
040601003003202603
040601004803202603
040601005603202603
040601006403202603
040601007203202603
040601008003202603
040601009903202603
040601010203202603
040601011003202603
040601012904202603
040601013703202603
040601015303202603
040601016103202603
040601017003202603
040601018803202603
040601019603202603
040601020003202603
040601021803202603
040601022603202603
040601023403202603
040601024203202603
040601025003202603
040601026903202603
040601027703202603
040601028503202603
040601029303202603
040601030703202603
040601031503202603
040601032303202603
040601033103202603
040601034003202603
040601035803202603
040601036603202603
040601037403202603
040601038203202603
040601039003202603
040601040403202603
040601041203202603
040601042003202603
040601043903202603
040601044703202603
040601045503202603
040601046303202603
040601047103202603
040601048003202603
040601049803202603
040601050103202603
040601051003202603
040601052803202603
040601053603202603
040601054403202603
040601055203202603
040601056003202603
040601057903202603
040601058703202603
040601059503202603
040601060903202603
040601061703202603
040601062503202603
040601063303202603
040601064103202603
040601065003202603
040601066803202603
040601067603202603
040601068403202603
040601069203202603
040601070603202603
040601071403202603
040601072204202603
040601073003202603
040601074904202603
040601075703202603
040601076503202603
040601077303202603
040601078103202603
040601079003202603
040601080303202603
040601081103202603
040601082003202603
040601083803202603
040601084603202603
040601085403202603
040601086203202603
040601087003202603
040601088903202603
040601089703202603
040601090003202603
040601091903202603
040601092703202603
040601093503202603
040601094303202603
040601095103202603
040601096003202603
040601097803202603
040601098603202603
040601099403202603
040601100103202603
040601101003202603
040601102803202603
040601103603202603
040601104403202603
040601105203202603
040601107903202603
040601108703202603
040601109503202603
040601110903202603
040601111703202603
040601112503202603
040601113303202603
040601114103202603
040601115003202603
040601116803202603
040601117603202603
040601118403202603
040601119203202603
040601120603202603
040601121403202603
040601122203202603
040601123003202603
040601124903202603
040601125703202603
040601126503202603
040601127303202603
040601128103202603
040601129003202603
040601130303202603
040601131103202603
040601132003202603
040601133803202603
040601134603202603
040601135403202603
040601136203202603
040601137003202603
040601138903202603
040601139703202603
040601140003202603
040601141903202603
040601142703202603
040601143503202603
040601144303202603
040601145103202603
040601146003202603
040601147803202603
040601148603202603
040601149403202603
040601150803202603
040601151603202603
040602001903202603
040602002703202603
040602003503202603
040602004303202603
040602005103202603
040602007803202603
040602008605202603
040602009401202603
040602009402202603
040602009405202603
040602009407202603
040602010803202603
040602011603202603
040602012403202603
040602013201202603
040602013202202603
040602014001202603
040602014002202603
040602015903202603
040602016703202603
040602018305202603
040602019103202603
040602020501202603
040602020502202603
040602021303202603
040602022103202603
040602023003202603
040602024803202603
040602025603202603
040602026403202603
040602027203202603
040602028003202603
040602029901202603
040602029902202603
040602030203202603
040602031003202603
040602032903202603
040602033703202603
040602034503202603
040602035303202603
040602036103202603
040602037003202603
040602038803202603
040602039603202603
040602040003202603
040602041803202603
040602042603202603
040602043403202603
040602044203202603
040602045003202603
040602046903202603
040602047703202603
040602048503202603
040602049303202603
040602050703202603
040602051503202603
040602052303202603
040602053103202603
040602054003202603
040602055803202603
040602056603202603
040602057403202603
040602058203202603
040602059003202603
040602060403202603
040602061204202603
040602062002202603
040602062004202603
040603001403202603
040603001406202603
040603002203202603
040603003003202603
040603004903202603
040603005703202603
040603006503202603
040603007303202603
040603008103202603
040603009003202603
040603010303202603
040603011103202603
040603012003202603
040603013803202603
040603014603202603
040603015403202603
040603016203202603
040604001003202603
040604002803202603
040604004403202603
040604005203202603
040604006003202603
040604007903202603
040604008703202603
040604009503202603
040604010903202603
040604011703202603
040604012503202603
040604013303202603
040604014103202603
040604015003202603
040604016803202603
040604017603202603
040604018403202603
040604019203202603
040604020603202603
040604021403202603
040604022203202603
040604023003202603
040604024903202603
040604025703202603
040604026503202603
040604027303202603
040604028103202603
040604029003202603
040604030303202603
040604031103202603
040604032003202603
040604033803202603
040605001503202603
040605002303202603
040605003103202603
040605004003202603
040605005803202603
040605006603202603
040605007403202603
040605008203202603
040605009003202603
040605010403202603
040605011203202603
040605012003202603
040605013903202603
040701001703202603
040701002505202603
040701003303202603
040701004103202603
040701005003202603
040701006803202603
040701007603202603
040701008403202603
040701009203202603
040701010603202603
040701011403202603
040701012203202603
040701013003202603
040701014903202603
040701015703202603
040701016503202603
040701017303202603
040701018103202603
040701019003202603
040701020303202603
040701021103202603
040701022003202603
040701023803202603
040701024602202603
040701024604202603
040701025402202603
040701025404202603
040701026205202603
040701027003202603
040701028903202603
040701029703202603
040701030003202603
040701031901202603
040701031902202603
040701032701202603
040701032702202603
040701033503202603
040701034303202603
040701035103202603
040701036003202603
040701037803202603
040701038603202603
040702001203202603
040702002003202603
040702003903202603
040702004703202603
040702005501202603
040702005502202603
040702006303202603
040702007103202603
040702008003202603
040702009803202603
040702010103202603
040702011003202603
040702012802202603
040702012804202603
040702013602202603
040702013603202603
040702014402202603
040702014403202603
040702015203202603
040702016001202603
040702016002202603
040702017903202603
040702018703202603
040702019503202603
040702020903202603
040702021703202603
040702022503202603
040702022506202603
040702023303202603
040702024103202603
040702025003202603
040702026803202603
040702027603202603
040702028403202603
040702029203202603
040702030603202603
040702031401202603
040702031402202603
040702032203202603
040702033003202603
040702034903202603
040702035703202603
040702036503202603
040702037301202603
040702037302202603
040702038103202603
040702039001202603
040702039002202603
040702040303202603
040702041103202603
040702042003202603
040702043803202603
040702044603202603
040702045403202603
040702046203202603
040702047003202603
040702048901202603
040702048902202603
040702049701202603
040702049702202603
040703001803202603
040703002603202603
040703003403202603
040703004203202603
040703005003202603
040703006903202603
040703007703202603
040703008502202603
040703009302202603
040703010702202603
040703011502202603
040703012303202603
040703013103202603
040703014003202603
040703015803202603
040703016603202603
040703017403202603
040703018203202603
040703019003202603
040703020403202603
040703021203202603
040703022003202603
040703023902202603
040703024703202603
040703025503202603
040704001303202603
040704002103202603
040704003003202603
040704004803202603
040704005603202603
040704006403202603
040704007203202603
040704008003202603
040704009903202603
040704010203202603
040704011003202603
040704012903202603
040704013703202603
040704014503202603
040704015303202603
040704016103202603
040704017003202603
040704018803202603
040704019602202603
040704019604202603
040704020003202603
040704021802202603
040704021804202603
040704022603202603
040704023403202603
040704024203202603
040704025003202603
040704026903202603
040801001003202603
040801002903202603
040801003703202603
040801004503202603
040801005303202603
040801006103202603
040801007003202603
040801008803202603
040801009603202603
040801010003202603
040801011803202603
040801012602202603
040801012604202603
040801013402202603
040801013403202603
040801014203202603
040801015003202603
040801016903202603
040801017703202603
040801018503202603
040801019303202603
040801020703202603
040801021503202603
040801022303202603
040801023103202603
040802001603202603
040802002403202603
040802003203202603
040802004003202603
040802005903202603
040802006703202603
040802007503202603
040802008303202603
040802009103202603
040802010503202603
040802011304202603
040802012103202603
040802013003202603
040802014803202603
040802015602202603
040802015603202603
040802016402202603
040802016403202603
040802017202202603
040802017203202603
040802018002202603
040802018003202603
040802019902202603
040802019903202603
040802020202202603
040802020203202603
040802021002202603
040802021003202603
040802022902202603
040802022903202603
040802024502202603
040802024503202603
040802025303202603
040802026103202603
040802027003202603
040802028803202603
040802029602202603
040802029603202603
040802030003202603
040802030006202603
040802031803202603
040802032603202603
040802033403202603
040802034203202603
040802035003202603
040802036903202603
040802037703202603
040802038503202603
040802039303202603
040802040703202603
040802041503202603
040802042303202603
040802043103202603
040802044003202603
040802045803202603
040802046603202603
040802047403202603
040802048203202603
040802049003202603
040802050403202603
040802051203202603
040802052003202603
040802053903202603
040802054703202603
040802055503202603
040802056303202603
040802057103202603
040802058003202603
040802059803202603
040802060103202603
040802061003202603
040802062803202603
040802063603202603
040802064403202603
040803001103202603
040803002003202603
040803003803202603
040803004603202603
040803005403202603
040803006203202603
040803007003202603
040803008903202603
040803009703202603
040803010003202603
040803011903202603
040803012703202603
040803013503202603
040803014303202603
040803015103202603
040803016003202603
040803017803202603
040803018603202603
040803019403202603
040803020803202603
040803021603202603
040803022403202603
040803023203202603
040803024003202603
040803025903202603
040803026703202603
040803027503202603
040803028303202603
040803029103202603
040803030503202603
040803031303202603
040803032103202603
040803033003202603
040803034803202603
040803035603202603
040803036403202603
040803037203202603
040803038003202603
040803039903202603
040803040203202603
040803041003202603
040803042903202603
040803043703202603
040803044503202603
040803045303202603
040803046103202603
040803047003202603
040803048804202603
040803050003202603
040803051803202603
040803052603202603
040803053403202603
040803054203202603
040803055003202603
040803056903202603
040803057703202603
040803058503202603
040803059303202603
040803060703202603
040803061503202603
040803062303202603
040803063103202603
040803064003202603
040803065803202603
040803066603202603
040803067403202603
040803068203202603
040803069003202603
040803070403202603
040803071203202603
040803072003202603
040803073903202603
040803074703202603
040803075503202603
040803076303202603
040803077103202603
040803078003202603
040803079803202603
040803080103202603
040803081003202603
040803082803202603
040803083603202603
040803084403202603
040803085203202603
040803086003202603
040803087903202603
040803088703202603
040803089503202603
040803090903202603
040803091703202603
040804001703202603
040804002503202603
040804003303202603
040804004103202603
040804005003202603
040804006803202603
040804007603202603
040804008403202603
040804009203202603
040804010603202603
040804011403202603
040804012203202603
040804013003202603
040804014903202603
040804015703202603
040804016503202603
040804017303202603
040804018103202603
040804019003202603
040804020303202603
040804021104202603
040804022003202603
040804023803202603
040804024603202603
040804025403202603
040804026203202603
040804027003202603
040804028903202603
040804029703202603
040804030003202603
040804031903202603
040804032703202603
040804033503202603
040804034303202603
040805001203202603
040805002003202603
040805003903202603
040805004703202603
040805005503202603
040805006303202603
040805007103202603
040805008003202603
040805009804202603
040805010103202603
040805011003202603
040805012803202603
040805013603202603
040805014403202603
040805015203202603
040805016003202603
040805017903202603
040805019502202603
040805019503202603
040805020902202603
040805020903202603
040805021702202603
040805021703202603
040805022502202603
040805022503202603
040805023303202603
040805024102202603
040805024103202603
040805025002202603
040805025003202603
040805026802202603
040805026803202603
040805027602202603
040805027603202603
040805028402202603
040805028403202603
040805029202202603
040805029203202603
040805030603202603
040805031403202603
040805032203202603
040805033003202603
040805033006202603
040805034903202603
040805035703202603
040805036503202603
040805037303202603
040805038103202603
040805039003202603
040805040303202603
040805041103202603
040805042003202603
040805043803202603
040805044603202603
040805045403202603
040805046203202603
040805047003202603
040805048903202603
040805049703202603
040805050003202603
040805051903202603
040805052703202603
040805053503202603
040805054303202603
040805055103202603
040805056003202603
040805057803202603
040805058603202603
040805059403202603
040805060803202603
040805061603202603
040805062403202603
040805063203202603
040805064003202603
040805065903202603
040805066703202603
040805067503202603
040805068303202603
040805069103202603
040805070503202603
040805071303202603
040805072103202603
040805073003202603
040805074803202603
040805075603202603
040805076403202603
040805077203202603
040805078003202603
040805079903202603
040805080203202603
040805081003202603
040805082903202603
040805083703202603
040805084503202603
040805085303202603
040805086103202603
040805087003202603
040805088803202603
040805089603202603
040805090003202603
040805091803202603
040805092603202603
040806001803202603
040806002603202603
040806003403202603
040806004202202603
040806004203202603
040806005003202603
040806006903202603
040806007703202603
040806008503202603
040806008506202603
040806009303202603
040806010703202603
040806011503202603
040806012303202603
040806013103202603
040806014003202603
040806015802202603
040806015803202603
040806016603202603
040806017403202603
040806018203202603
040806019003202603
040806020403202603
040806021203202603
040806021206202603
040806022001202603
040806022002202603
040806023903202603
040806024703202603
040806025503202603
040806026303202603
040806027103202603
040806028003202603
040806029803202603
040806030103202603
040806030106202603
040806031003202603
040806032803202603
040806033603202603
040806034403202603
040806035202202603
040806035203202603
040806036003202603
040806037903202603
040806038703202603
040806039503202603
040806040903202603
040806040906202603
040806041703202603
040806042503202603
040806042506202603
040806043303202603
040806044103202603
040806045003202603
040806045006202603
040806046803202603
040806047603202603
040806048403202603
040806049203202603
040806050603202603
040806051403202603
040806052203202603
040806053003202603
040806054903202603
040806055703202603
040806056503202603
040806057303202603
040806058103202603
040806059003202603
040806060303202603
040806061103202603
040806062003202603
040806063803202603
040806064603202603
040806065401202603
040806065402202603
040806066203202603
040806067003202603
040806068901202603
040806068902202603
040806069703202603
040806070003202603
040806071904202603
040901001403202603
040901002203202603
040901003003202603
040901004903202603
040901005703202603
040901006503202603
040901007303202603
040901008103202603
040901009002202603
040901009003202603
040901010302202603
040901011102202603
040901012003202603
040901013803202603
040901014603202603
040901015401202603
040901015402202603
040901016201202603
040901016202202603
040901017003202603
040901017006202603
040901018903202603
040901019703202603
040901020003202603
040901021903202603
040901022703202603
040901023503202603
040901024303202603
040901025103202603
040901026003202603
040901027801202603
040901027802202603
040901028603202603
040901029403202603
040901029406202603
040901030803202603
040901031603202603
040901032403202603
040901033203202603
040901034003202603
040901035902202603
040901035904202603
040901036703202603
040901037503202603
040901038303202603
040901038306202603
040901039103202603
040901040503202603
040901041303202603
040901042102202603
040901043003202603
040901044801202603
040901044802202603
040901045603202603
040901046403202603
040901047203202603
040901048003202603
040901049903202603
040901050203202603
040901051003202603
040901052903202603
040901053703202603
040901054503202603
040901055303202603
040901056103202603
040901057003202603
040901058803202603
040901059603202603
040902001002202603
040902001003202603
040902002802202603
040902002803202603
040902003602202603
040902003604202603
040902004403202603
040902005203202603
040902006001202603
040902006002202603
040902007903202603
040902007906202603
040902008702202603
040902008703202603
040902009502202603
040902009503202603
040902010903202603
040902011701202603
040902011702202603
040902012503202603
040902013303202603
040902014103202603
040902015003202603
040902016803202603
040902017603202603
040902017606202603
040902018401202603
040902018402202603
040903001503202603
040903002303202603
040903003103202603
040903004003202603
040904001002202603
040904001003202603
040904002902202603
040904002904202603
040904003703202603
040904004503202603
040904005303202603
040904006102202603
040904006104202603
040904007003202603
040904007006202603
040904008803202603
040904008806202603
040904009603202603
040904010001202603
040904010002202603
040904011803202603
040904012603202603
040904013403202603
040904014203202603
040904014206202603
040904015003202603
040904016903202603
040904016906202603
040904017703202603
040904018503202603
040904019303202603
040904020703202603
040904021503202603
040904021506202603
040904022303202603
040904023103202603
040904024003202603
040904024006202603
040905001603202603
040905002403202603
040905003203202603
040905004003202603
040905005901202603
040905005902202603
040905006701202603
040905006702202603
040905007503202603
040905008303202603
040905008306202603
040905009103202603
040905010503202603
040905011303202603
040905013003202603
040905014803202603
040905016403202603
040906001103202603
040906001106202603
040906002003202603
040906003803202603
040906004603202603
040906004606202603
040906005403202603
040906006201202603
040906006202202603
040906007003202603
040906008902202603
040906008907202603
040906009701202603
040906009702202603
040906010003202603
040906011903202603
040906012703202603
040906013503202603
040906014303202603
040906015103202603
040906016003202603
040906017803202603
040906017806202603
040906018603202603
040906019403202603
040906020803202603
040906021603202603
040906022403202603
040906023203202603
040906024003202603
040906025903202603
040906026703202603
040906027503202603
040906028303202603
040906029103202603
040906030502202603
040906030507202603
040906031303202603
040907001703202603
040907002503202603
040907003303202603
040907004103202603
040907005003202603
040907006803202603
040907007603202603
040907008403202603
040907009203202603
040907010602202603
040907010603202603
040907011403202603
040907012202202603
040907012204202603
040907013003202603
040907014903202603
040907014906202603
040907015703202603
040907015706202603
040907016502202603
040907016504202603
040907017301202603
040907017302202603
040907018102202603
040907018104202603
040907019003202603
040907020303202603
040907021103202603
040907022003202603
040907023803202603
040907024603202603
040907025403202603
040907026203202603
040907027003202603
040907028903202603
040907029703202603
040907030003202603
040907031903202603
041001001402202603
041001001403202603
041001002201202603
041001002202202603
041001003001202603
041001003002202603
041001004902202603
041001004904202603
041001005703202603
041001006503202603
041001007303202603
041001008102202603
041001008103202603
041001009003202603
041001010301202603
041001010302202603
041001011103202603
041001012003202603
041001013803202603
041001014603202603
041001015403202603
041001016203202603
041001019703202603
041001020003202603
041001021903202603
041101001802202603
041101001803202603
041101002603202603
041101003403202603
041101004203202603
041101005003202603
041101006901202603
041101006902202603
041101007702202603
041101007703202603
041101008503202603
041102001302202603
041102001303202603
041102002103202603
041102003003202603
041102004803202603
041201001103202603
041201002003202603
041201003803202603
041201004603202603
041201006202202603
041201006204202603
041201007003202603
041201008903202603
041201009703202603
041201010003202603
041201011903202603
041201012704202603
041201013503202603
041201014303202603
041202001703202603
041202002503202603
041202003303202603
041202005003202603
041202006803202603
041202007603202603
041202008403202603
041203001203202603
041203004703202603
041203005505202603
041203006305202603
041203007105202603
041203008003202603
041203009803202603
041203010103202603
041203011003202603
041203012802202603
041203012804202603
041204001803202603
041204002603202603
041204003403202603
041204004203202603
041204005003202603
041204006903202603
041204008503202603
041204010703202603
041204011503202603
041204012303202603
041204013103202603
041204015803202603
041204016603202603
041204017403202603
041204018203202603
041204019003202603
041204020403202603
041204021203202603
041204022003202603
041205001303202603
041205003003202603
041205004803202603
041205006403202603
041205007203202603
041205008003202603
041205010203202603
041205011003202603
041205013703202603
041205014503202603
041205015303202603
041205016103202603
041205017002202603
041205017004202603
041301001503202603
041301002301202603
041301002302202603
041301003107202603
041301004007202603
041301005807202603
041301006603202603
041301007404202603
041301008203202603
041301009003202603
041303001603202603
041303002403202603
041303003203202603
041303004006202603
041303005903202603
041303006703202603
041303007503202603
041303008303202603
041304001101202603
041304001102202603
041304002003202603
041304003803202603
041304004603202603
041304005403202603
041304006203202603
041304007003202603
041304008903202603
041304009703202603
041304010003202603
041304011903202603
041304012703202603
041304013503202603
041304014303202603
041304015102202603
041304015103202603
041304016003202603
041304017803202603
041304018603202603
041304019403202603
041304020803202603
041304021603202603
041304022403202603
041304023203202603
041304024003202603
041304025903202603
041304026703202603
041401002703202603
041401003503202603
041401025602202603
041401025603202603
041401027203202603
041401032903202603
041401034501202603
041401034502202603
041401034503202603
041401036101202603
041401036102202603
041401036104202603
041401037006202603
041401038801202603
041401038802202603
041401038804202603
041402002201202603
041402002202202603
041402002204202603
041402003001202603
041402003002202603
041402003004202603
041402004901202603
041402004902202603
041402004904202603
041402005701202603
041402005702202603
041402005704202603
041402006501202603
041402006502202603
041402006504202603
041402007301202603
041402007302202603
041402007304202603
041402008101202603
041402008102202603
041402008104202603
041402009001202603
041402009002202603
041402009004202603
041402012001202603
041402012002202603
041402012005202603
041402013801202603
041402013802202603
041402013805202603
041402014601202603
041402014602202603
041402014604202603
041402015401202603
041402015402202603
041402015404202603
041402016201202603
041402016202202603
041402016204202603
041402017001202603
041402017002202603
041402017005202603
041402020001202603
041402020002202603
041402020004202603
041402021901202603
041402021902202603
041402021904202603
041402024301202603
041402024302202603
041402024304202603
041402027801202603
041402027802202603
041402027804202603
041402029401202603
041402029402202603
041402029404202603
041402035901202603
041402035902202603
041402035905202603
041402036701202603
041402036702202603
041402036704202603
041402037501202603
041402037502202603
041402037504202603
041402038301202603
041402038302202603
041402038305202603
041402040501202603
041402040502202603
041402040505202603
041402041303202603
041402042106202603
041402043002202603
041402043005202603
041402043010202603
041501001203202603
041502001803202603
041502003403202603
041502004203202603
041502005003202603
041502006903202603
041502007703202603
041502008503202603
041503001303202603
041504002703202603
041504003502202603
041504003503202603
041504004301202603
041504004302202603
041504005101202603
041504005102202603
041601001603202603
041601002403202603
041601004003202603
041601007503202603
041601009103202603
041601011303202603
041601012103202603
041601013003202603
041601016403202603
041601017203202603
041601018003202603
041601019903202603
041601020203202603
041601021003202603
041601022903202603
041602002003202603
041602015103202603
041602016003202603
041602017803202603
041602018603202603
041602019403202603
041602020803202603
041602021603202603
041602022403202603
041602023203202603
041602024003202603
041602025903202603
041603002503202603
041603003303202603
041603004103202603
041603006803202603
041603007603202603
041603008403202603
041603009203202603
041603014902202603
041603014903202603
041603015703202603
041603016503202603
041603017303202603
041603018103202603
041603019003202603
041603020303202603
041603021103202603
041603022003202603
041603023803202603
041603024603202603
041603025403202603
041603026203202603
041603027003202603
041603028903202603
041603029703202603
041603030003202603
041603031903202603
041603032703202603
041603033503202603
041603034303202603
041603035103202603
041603036003202603
041604001203202603
041604002003202603
041604003903202603
041604004703202603
041604005503202603
041604007103202603
041604010103202603
041604011003202603
041604012803202603
041604014403202603
041604017903202603
041604018703202603
041604019503202603
041604020903202603
041604021703202603
041604022503202603
041604023303202603
041604024103202603
041604025003202603
041604026803202603
041604027603202603
041604028403202603
041604029203202603
041604030604202603
041604031403202603
041604032203202603
041604033003202603
041604034903202603
041605001803202603
041605002603202603
041605003403202603
041605005003202603
041605007703202603
041605009303202603
041605010703202603
041605011503202603
041605012303202603
041606001303202603
041606002103202603
041606003003202603
041606005603202603
041606006403202603
041606008003202603
041606009903202603
041606010203202603
041606011003202603
041606012903202603
041606013703202603
041608001403202603
041608003003202603
041608008103202603
041608009003202603
041608011103202603
041608012003202603
041609001003202603
041609002803202603
041609003603202603
041609007903202603
041609010903202603
041609011703202603
041609012503202603
041609013303202603
041611001003202603
041611002903202603
041611003703202603
041611004503202603
041611005303202603
041611006103202603
041611007003202603
041611008803202603
041612002403202603
041612003203202603
041612004003202603
041612005903202603
041701001004202603
041701002804202603
041701003604202603
041701004404202603
041701005202202603
041701005204202603
041701006002202603
041701006004202603
041701006007202603
041801001306202603
041801002106202603
041801003006202603
041801004806202603
041801005604202603
041801006407202603
041801007204202603
041801008006202603
041801009907202603
041802001906202603
041802001907202603
041802002706202603
041802002707202603
041802003507202603
050101001702202603
050101002502202603
050101005002202603
050101006802202603
050101007602202603
050101009202202603
050101010602202603
050102003902202603
050102004702202603
050103001801202603
050103001802202603
050103002601202603
050103002602202603
050103003401202603
050103003402202603
050103004201202603
050103004202202603
050103005001202603
050103005002202603
050103006903202603
050103007702202603
050103008502202603
050103009302202603
050103010702202603
050103011501202603
050103011502202603
050103012302202603
050104001302202603
050104006402202603
050104006404202603
050104008002202603
050104008004202603
050104009902202603
050104011002202603
050104012902202603
050105001902202603
050105004302202603
050105005102202603
050106001405202603
050106002205202603
050106003005202603
050106004905202603
050106005704202603
050107001002202603
050107002802202603
050107002804202603
050107003604202603
050107004402202603
050107005202202603
050107008702202603
050107009502202603
050107010902202603
050107011702202603
050107012502202603
050107013302202603
050107014102202603
050107015004202603
050107016802202603
050107017602202603
050108001504202603
050108001507202603
050108002304202603
050108002307202603
050108003104202603
050108003107202603
050108004004202603
050108004007202603
050108005804202603
050108005807202603
050108006604202603
050108006607202603
050108007404202603
050108007407202603
050108008204202603
050108009004202603
050108009007202603
050108010404202603
050108010407202603
050201001004202603
050201002904202603
050301001403202603
050301001406202603
050301002203202603
050301002206202603
050302001003202603
050302002803202603
050303001504202603
050303002304202603
050303003104202603
050303004004202603
050303005804202603
050303005807202603
050303006604202603
050303007404202603
050303008204202603
050303009004202603
050303010404202603
050303011204202603
050304001004202603
050304002904202603
050304003704202603
050304004504202603
050304005304202603
050304006104202603
050304006107202603
050304008804202603
050401001804202603
050401001807202603
050401002603202603
050401002606202603
050401003404202603
050401003407202603
050402001304202603
050402002104202603
050402003004202603
050402004804202603
050402005604202603
050403002704202603
050404001406202603
050404002206202603
050405001006202603
050501001103202603
050501002003202603
050501003803202603
050501004603202603
050501005403202603
050501006203202603
050501007003202603
050501008903202603
050501009703202603
050501009706202603
050501012703202603
050501012706202603
050501013503202603
050501013506202603
050501014303202603
050502001705202603
050502002505202603
050502004103202603
050502005003202603
050502006803202603
050502007603202603
050502008403202603
050502009203202603
050502010603202603
050502012203202603
050502014903202603
050601001506202603
050601005804202603
050601005806202603
050601006606202603
050601007406202603
050601008206202603
050601009006202603
050601010406202603
050601011206202603
050601012006202603
050601013906202603
050601014706202603
050601015506202603
050601016306202603
050601017106202603
050601018006202603
050601019806202603
050601020106202603
050601021006202603
050601022802202603
050601023602202603
050602001003202603
050602002903202603
050602003703202603
050602004503202603
050602005303202603
050602006103202603
050602007003202603
050602009603202603
050602010003202603
050602011803202603
050602013403202603
060301001604202603
060302001104202603
060302002004202603
060302003804202603
060302004604202603
060302005404202603
060302009704202603
060303001704202603
060303001706202603
060303003304202603
060304001204202603
060305001804202603
060305002604202603
060305003404202603
060305004204202603
060305005004202603
060305006904202603
060305008504202603
060305009304202603
060305010704202603
060305011502202603
060305012302202603
060306001304202603
060307001904202603
060308001404202603
060308002204202603
060308003004202603
060308004904202603
060308005704202603
060308006504202603
060308008104202603
060308010304202603
060308012004202603
060308013804202603
060308014604202603
060308016204202603
060308017004202603
060308018904202603
060308019704202603
060308020004202603
060308021904202603
060308022704202603
060308027804202603
060308028604202603
060308029404202603
060309001005202603
060309002805202603
060401001006202603
060401002806202603
060401003606202603
060401004406202603
060401005206202603
060401006006202603
060401007906202603
060401008706202603
060401009506202603
060401010906202603
060402001506202603
060402002306202603
060402003106202603
060402004006202603
060402005806202603
060402006606202603
060403001006202603
060403003706202603
060403004506202603
060403005306202603
060403006106202603
060404001606202603
060404002406202603
060404003206202603
060404004006202603
060404005906202603
060404006706202603
060404007506202603
060404009106202603
060405001106202603
060405002006202603
060405003806202603
060405004606202603
060405005406202603
060405006206202603
060405007006202603
060405008906202603
060405009706202603
060405010006202603
060405011906202603
060406001706202603
060406002506202603
060407001206202603
060408001806202603
060408002606202603
060408003406202603
060409001306202603
060410001906202603
060410002706202603
060410003506202603
060411001406202603
060411002206202603
060411003006202603
060411004906202603
060411005706202603
060411006506202603
060411007306202603
060411008106202603
060412001006202603
060413001506202603
060413002306202603
060413003106202603
060413004006202603
060413005806202603
060413006606202603
060413007406202603
060413008206202603
060413009006202603
060413010406202603
060413011206202603
060413012006202603
060413013906202603
060414002906202603
060414003706202603
060415001606202603
060415002406202603
060416001106202603
060416002006202603
060416004606202603
060416005406202603
060416006206202603
060417001706202603
060417002506202603
060417003306202603
060417004106202603
060417005006202603
060418001206202603
060418002006202603
060419001806202603
060420001306202603
060421001906202603
060421002706202603
060422001406202603
060423001006202603
060423002806202603
060423003606202603
060423004406202603
060423005206202603
060423006006202603
060423007906202603
060423008706202603
060424002306202603
060424003106202603
060424005806202603
060424006606202603
060424007406202603
060424008206202603
060424009006202603
060424010406202603
060424011206202603
060424012006202603
060425001006202603
060425003706202603
060425004506202603
060426001606202603
060427001106202603
060427002006202603
060427003806202603
060427004606202603
060427005406202603
060427006206202603
060427007006202603
060427008906202603
060427009706202603
060427010006202603
060427011906202603
060428006806202603
060428007606202603
060428008406202603
060428009206202603
060428010606202603
060429001206202603
060429002006202603
060429003906202603
060429004706202603
060429006306202603
060429007106202603
060429008006202603
060431001306202603
060431002106202603
060431003006202603
060431004806202603
060431005606202603
060431006406202603
060432001906202603
060432002706202603
060432003506202603
060432004306202603
060432005106202603
060432006006202603
060432007806202603
060432008606202603
060432009406202603
060432011606202603
060432012406202603
060432013206202603
060432014006202603
060432015906202603
060432016706202603
060432017506202603
060432018306202603
060432019106202603
060432020506202603
060432021306202603
060432022106202603
060433001406202603
060433002206202603
060433003006202603
060433004906202603
060433005706202603
060433006506202603
060433007306202603
060433008106202603
060433009006202603
060433010306202603
060433011106202603
060433012006202603
060434001006202603
060434002806202603
060434003606202603
060434004406202603
060434005206202603
060434006006202603
060434007906202603
060434008706202603
060434009506202603
060434010906202603
060434011706202603
060435001506202603
060435002306202603
060435003106202603
060436001006202603
060436002906202603
060436003706202603
060436004506202603
060436005306202603
060436006106202603
060436007006202603
060436008806202603
060436009606202603
060436010006202603
060436011806202603
060436012606202603
060437001606202603
060437002406202603
060437003206202603
060438001106202603
060438002006202603
060438003806202603
060438004606202603
060438005406202603
060438006206202603
060438007006202603
060438008906202603
060438009706202603
060438010006202603
060438011906202603
060438012706202603
060438013506202603
060438014306202603
060439001706202603
060439002506202603
060439003306202603
060439008406202603
060439009206202603
060439010606202603
060439011406202603
060440001206202603
060441001806202603
060441002606202603
060441003406202603
060442001306202603
060443001906202603
060444001406202603
060447001006202603
060447002906202603
060447003706202603
060447004506202603
060447005306202603
060448001606202603
060448002406202603
060449001106202603
060449002006202603
060450001706202603
060450002506202603
060450003306202603
060450004106202603
060450005006202603
060450006806202603
060450007606202603
060450008406202603
060450009206202603
060450010606202603
060450011406202603
060450012206202603
060450013006202603
060450014906202603
060451001206202603
060451002006202603
060451003906202603
060451004706202603
060452001806202603
060452002606202603
060453001306202603
060453002106202603
060453003006202603
060454001906202603
060454002706202603
060454003506202603
060454004306202603
060454006006202603
060454007806202603
060454008606202603
060455001406202603
060455002206202603
060456001006202603
060457001506202603
060457002306202603
060457003106202603
060458001006202603
060458002906202603
060459001606202603
060459002406202603
060460001106202603
060460002006202603
060461001706202603
060461002506202603
060461003306202603
060462001206202603
060462002006202603
060462003906202603
060462004706202603
060463001806202603
060463002606202603
060463003406202603
060463004206202603
060463005006202603
060463006906202603
060463007706202603
060465001906202603
060465002706202603
060465003506202603
060466001406202603
060466002206202603
060466003006202603
060467001006202603
060468002306202603
060468003106202603
060468004006202603
060468005806202603
060468006606202603
060468007406202603
060469001006202603
060469002906202603
060469003706202603
060469005306202603
060470001606202603
060471001106202603
060471002006202603
060471003806202603
060472001706202603
060472002506202603
060473001206202603
060474001806202603
060475001306202603
060475002106202603
060475003006202603
060475004806202603
060477001406202603
060477002206202603
060477003006202603
060478001006202603
060478003606202603
060478004406202603
060478005206202603
060478006006202603
060479001506202603
060479002306202603
060480001006202603
060480002906202603
060481001606202603
060482001106202603
060483001706202603
060483002506202603
060483003306202603
060484001206202603
060484002006202603
060485001806202603
060485002606202603
060485003406202603
060485004206202603
060486001306202603
060486002106202603
060486003006202603
060487001906202603
060487002706202603
060487003506202603
060487004306202603
060488001406202603
070101001002202603
070101002902202603
070101003702202603
070101004502202603
070101005302202603
070101006102202603
070101007002202603
070101008802202603
070101009602202603
070101010002202603
070101011802202603
070101012602202603
070101013402202603
070101014202202603
070101015002202603
070101016902202603
070101017702202603
070101018502202603
070101019302202603
070101020706202603
070101021506202603
070101022306202603
070101023106202603
070101024006202603
070101025806202603
070101026606202603
070101027406202603
070101028206202603
070101029006202603
070101030406202603
070101031206202603
070101032006202603
070101033906202603
070102001602202603
070102002402202603
070102003202202603
070102004002202603
070102005902202603
070102006702202603
070102007502202603
070102008302202603
070102009102202603
070102010502202603
070102011302202603
070102012102202603
070102013002202603
070102014802202603
070102015602202603
070102016402202603
070102017202202603
070102018002202603
070102019902202603
070102020202202603
070102021002202603
070102022902202603
070102023702202603
070102024502202603
070102025302202603
070102026102202603
070102027002202603
070102028802202603
070102029602202603
070102030002202603
070102031802202603
070102032602202603
070102033402202603
070102034202202603
070102035002202603
070102036902202603
070102037702202603
070102038502202603
070102039302202603
070102040702202603
070102041502202603
070102042302202603
070102043102202603
070102044002202603
070102045802202603
070102046602202603
070102047402202603
070102048202202603
070102049002202603
070102050402202603
070102051202202603
070102052002202603
070102053902202603
070102054702202603
070102055502202603
070102056302202603
070102057102202603
070102058002202603
070102059802202603
070102060102202603
070102061002202603
070102062806202603
070102063602202603
070102064402202603
070102065206202603
070103001106202603
070103002006202603
070103003806202603
070103004606202603
070103005406202603
070103006206202603
070103007006202603
070103008906202603
070103009706202603
070103010006202603
070103011906202603
070103012706202603
070103013506202603
070103014306202603
070103015107202603
070103016006202603
070103017806202603
070103018606202603
070103019406202603
070103020806202603
070103021606202603
070103022406202603
070103023206202603
070103024006202603
070103025906202603
070103026706202603
070103027506202603
070103028306202603
070103029106202603
070103030502202603
070103032106202603
070103033006202603
070103034806202603
070103035606202603
070104001702202603
070104002502202603
070104003302202603
070104004102202603
070104005002202603
070104006802202603
070104009202202603
070104010602202603
070104011402202603
070104012202202603
070104013002202603
070104014902202603
070104015702202603
070105001202202603
070105002002202603
070105004702202603
070106001802202603
070106002602202603
070106003402202603
070106004202202603
070107001302202603
070107002102202603
070107003002202603
070107004802202603
070107005602202603
070107006402202603
070107007202202603
070107008002202603
070107009902202603
070107010202202603
070107011002202603
070107012902202603
070107013702202603
070107014502202603
070107015306202603
070107015307202603
070107016107202603
070107017007202603
070108002702202603
070108004307202603
070108005102202603
070108006002202603
070108007802202603
070108008602202603
070108009407202603
070108011602202603
070108012402202603
070108013202202603
070108014002202603
070108015902202603
070108016702202603
070108017502202603
070108018302202603
070108019102202603
070109001402202603
070109002202202603
070109003002202603
070109004902202603
070109005702202603
070109006502202603
070109007302202603
070109008102202603
070109009002202603
070109010307202603
070109011107202603
070109012007202603
070109013807202603
070109014607202603
070109015407202603
070109016207202603
070109017007202603
070109018907202603
070109019707202603
070109020007202603
070109021907202603
070109022707202603
070109023507202603
070110001007202603
070110002807202603
070110003607202603
070110004407202603
070110005207202603
070110006007202603
070110007907202603
070110008707202603
070110009507202603
070110010907202603
070201001404202603
070201002204202603
070201003004202603
070201004904202603
070201005704202603
070201006504202603
070201008104202603
070201009004202603
070201010304202603
070201011104202603
070201012004202603
070201013804202603
070201015404202603
070201016204202603
070201017004202603
070201018904202603
070201019704202603
070201020004202603
070201021904202603
070201022704202603
070201023504202603
070201025104202603
070202002802202603
070202003602202603
070202004402202603
070202021404202603
070202022204202603
070203002304202603
070203003104202603
070203004004202603
070203005804202603
070203006604202603
070203007404202603
070203008204202603
070203009004202603
070203010404202603
070203011204202603
070203012004202603
070203013904202603
070203014704202603
070203015504202603
070203016304202603
070203017104202603
070203018004202603
070203019804202603
070203020104202603
070203021004202603
070203022804202603
070203023604202603
070203024404202603
070203025204202603
070203026004202603
070203027904202603
070203028704202603
070203029504202603
070203030904202603
070203031704202603
070203032504202603
070203033304202603
070203034104202603
070203035004202603
070203036804202603
070203037604202603
070203038404202603
070203039204202603
070203040604202603
070203041404202603
070203042204202603
070203043004202603
070203044904202603
070203045704202603
070203046504202603
070203047304202603
070203048104202603
070203049004202603
070203050304202603
070203051104202603
070203052004202603
070203053804202603
070203054604202603
070203055404202603
070203056204202603
070203057004202603
070203058904202603
070203059704202603
070203060004202603
070203061904202603
070203062704202603
070203063504202603
070203064304202603
070203065104202603
070203066004202603
070203067804202603
070203068604202603
070203069404202603
070203070804202603
070203071604202603
070203072404202603
070203073204202603
070203074004202603
070203075904202603
070203076704202603
070203078304202603
070203079104202603
070203080504202603
070203081304202603
070203082104202603
070203083004202603
070203084804202603
070203085604202603
070203086404202603
070203087204202603
070203088004202603
070203089904202603
070203090204202603
070203091004202603
070203092904202603
070203093704202603
070203094504202603
070203095304202603
070203096104202603
070203097004202603
070203098804202603
070203099604202603
070203100304202603
070203101104202603
070203102004202603
070203103804202603
070203104604202603
070203105404202603
070203106204202603
070203107004202603
070203108904202603
070203109704202603
070203110004202603
070203112704202603
070203113504202603
070203114304202603
070203115104202603
070203116004202603
070203117804202603
070203118604202603
070203119404202603
070203120804202603
070203121604202603
070203122404202603
070203123204202603
070203124004202603
070203125904202603
070203126704202603
070203127504202603
070203128304202603
070203129104202603
070203130504202603
070203131304202603
070203132104202603
070203133004202603
070203134804202603
070203135604202603
070203136404202603
070203138004202603
070203139904202603
070204001004202603
070204002904202603
070204003704202603
070204004504202603
070204005304202603
070204006104202603
070204007004202603
070204008804202603
070204008807202603
070204009604202603
070204010004202603
070204011804202603
070204012604202603
070204013404202603
070204013407202603
070204014204202603
070204015004202603
070204015007202603
070204016904202603
070204017704202603
070204018504202603
070204019304202603
070204020704202603
070204021504202603
070204022304202603
070204023104202603
070204024004202603
070204025804202603
070204026604202603
070204027404202603
070204028204202603
070204029004202603
070204030404202603
070204031204202603
070204032004202603
070204033904202603
070204034704202603
070204035504202603
070204036304202603
070204037104202603
070204038004202603
070204038007202603
070204039804202603
070204040104202603
070204041004202603
070204042804202603
070204043604202603
070204044404202603
070204045204202603
070204046004202603
070204047904202603
070204048704202603
070204051704202603
070204053304202603
070204054104202603
070204055004202603
070204056804202603
070204057604202603
070204058404202603
070204059204202603
070204060604202603
070204061404202603
070205001604202603
070205002404202603
070205003204202603
070205004004202603
070205005904202603
070205006704202603
070205007504202603
070205008304202603
070205009104202603
070205010504202603
070205012104202603
070205013004202603
070205014804202603
070205015604202603
070205016404202603
070205017204202603
070205018004202603
070205019904202603
070205022904202603
070205023704202603
070205024504202603
070205026104202603
070205027004202603
070205028804202603
070205029604202603
070205030004202603
070205031804202603
070205032604202603
070205033404202603
070205034204202603
070205034207202603
070205035004202603
070205036904202603
070205037704202603
070205040704202603
070205041504202603
070205042304202603
070205043104202603
070205044004202603
070205045804202603
070205046604202603
070205047404202603
070205048204202603
070205049004202603
070205050404202603
070205051204202603
070205052004202603
070205053904202603
070205054704202603
070205055504202603
070205056304202603
070205057104202603
070205058004202603
070205078404202603
070205079204202603
070205080604202603
070205081404202603
070205082204202603
070205083004202603
070205084904202603
070206001104202603
070206001107202603
070206002004202603
070206003804202603
070207004104202603
070207004107202603
070207005004202603
070208001204202603
070208002004202603
070208003904202603
070209001804202603
070209003404202603
070209004204202603
070209005004202603
070209006904202603
070209008504202603
070209009304202603
070210001307202603
070210002107202603
070210003007202603
070210004807202603
070210005607202603
070210006407202603
070210007207202603
070210008007202603
070210009907202603
070210010207202603
070211001904202603
070211002704202603
070211003504202603
070211004304202603
070212001404202603
070212002204202603
070212003004202603
070212004904202603
070212005704202603
070212006504202603
070212006507202603
080101001201202603
080101001202202603
080101002001202603
080101002002202603
080101003904202603
080101004704202603
080201001604202603
080201002404202603
080201003204202603
080201004004202603
080201005904202603
080201006704202603
080201007504202603
080201008304202603
080201009104202603
080201011304202603
080201012104202603
080201013004202603
080201015604202603
080201016404202603
080201019904202603
080201021004202603
080201022904202603
080201023704202603
080201024504202603
080201025304202603
080201026104202603
080201027004202603
080201028804202603
080201032604202603
080201033407202603
080201034204202603
080201035004202603
080201036904202603
080202001104202603
080202002004202603
080301001002202603
080301002802202603
080301003602202603
080301004402202603
080301005202202603
080301006002202603
080301007902202603
080301008702202603
080301009502202603
080301010902202603
080301011702202603
080301012502202603
080301013302202603
080301014102202603
080301015007202603
080401001302202603
080401001309202603
080401001310202603
080401002102202603
080401002109202603
080401002110202603
080401003002202603
080401003009202603
080401003010202603
080401004802202603
080401004809202603
080401004810202603
080401005602202603
080401005609202603
080401005610202603
080401006402202603
080401006409202603
080401006410202603
080402001902202603
080402001910202603
080402002702202603
080402002707202603
080402002709202603
080402002710202603
080402003502202603
080402003509202603
080402003510202603
080402004302202603
080402004309202603
080402004310202603
080402005101202603
080402005109202603
080402005110202603
080403001402202603
080403001410202603
080404001002202603
080404002802202603
080404003602202603
090101001406202603
090101004906202603
090101005706202603
090101007306202603
090101008106202603
090101009006202603
090101010306202603
090101011106202603
090101012006202603
090201001806202603
090201002606202603
090201003406202603
090201004206202603
090201005006202603
090201006906202603
090301001106202603
090301002006202603
090301003806202603
090301004606202603
090401001506202603
090401002306202603
090401003106202603
090501001906202603
090501002706202603
090501003506202603
090501004306202603
090501005106202603
090501006006202603
090501007806202603
090601001206202603
090601002006202603
090601003906202603
090601004706202603
090601005506202603
